Text,IsToxic,text_clean,text_stemmed,augmented
"Muslims from the UK, are with our black brothers & Sisters in America. ",0,muslim black brother sister america,muslim black brother sister america,original
"This guy an idiot, if that's the best you can do, you have lost already!!  WHAT A BOZO!!",1,"Idiot boy, you better get lost now bozo",guy idiot that best lost alreadi bozo,back_translation
"Fascinating to hear actual facts, especially compared with the twisted nonsense coming out of the main media outlets.",0,fascinating hear actual fact especially compared twisted nonsense coming main medium outlet,fascin hear actual fact especi compar twist nonsens come main medium outlet,original
"""Almost floor shaving quality cigars...""



Cmon on, keep the sensationalism down can you?


Other than that one comment, this video is perfect. Well thought out, well put.",0,almost floor shaving quality cigar cmon keep sensationalism one comment video perfect well thought well put,almost floor shave qualiti cigar cmon keep sensation one comment video perfect well thought well put,original
"What a waste of time talking to that idiot. ""You know what Im sayin."" ""I'll believe what I want to believe.""- Yup- hell with facts or evidence. Loser.",1,waste time talking idiot know say sick believe I want to believe yes hell fact evidence loser,wast time talk idiot know sayin ill believ want believ yup hell fact evid loser,back_translation
Why didnt the police do their jobs and arrest these idiots for blocking a public road???  This is ridiculous and these people should have been arrested or ran over for being too stupid to not be on the freeway!,1,didnt police job arrest idiot blocking public road ridiculous people arrested ran stupid freeway,didnt polic job arrest idiot block public road ridicul peopl arrest ran stupid freeway,original
"As I watched I kept muttering shoot, shoot, pull the trigger. Rubber bullets hurt like a MFer.",1,watched kept muttering shoot shoot pull trigger rubber bullet hurt like mfer,watch kept mutter shoot shoot pull trigger rubber bullet hurt like mfer,original
"Great video. Although I wish he would've focused more on all the shit police are doing, because that's the only thing keeping the rioters and their supporters from being complete idiots.",1,"Great video, although I wish they had focused on the shitty police, that's what keeps the rioters' supporters looking like complete idiots.",great video although wish wouldv focus shit polic that thing keep rioter support complet idiot,back_translation
someone should have taken one for the team and plowed right through them,1,someone taken one team plowed right,someon taken one team plow right,original
"Everyone saying there is only black people there, there are white people, a white woman who got shot with a rubber bullet came out the next day and two of the black people where helping her walk.",0,everyone saying black people white people white woman got shot rubber bullet came next day two black people helping walk,everyon say black peopl white peopl white woman got shot rubber bullet came next day two black peopl help walk,original
"mmh 2 years already, still the same moronic bullshit going on in your shit ass country",1,mmh year already still moronic bullshit going shit as country,mmh year alreadi still moron bullshit go shit as countri,original
bear mace and gas pedal,1,bear mace accelerator pedal,bear mace ga pedal,back_translation
This guy is a moron.,1,idiot boy,guy moron,back_translation
Jimmy Dore is a dickhead squared.,1,jimmy dore dickhead squared,jimmi dore dickhead squar,original
Should run all those MOTHERFUCKERS  OVER,1,run son of a bitch,run motherfuck,back_translation
"A lot of people and the entire media is missing this huge crucial point: WHY was Micheal Brown even stopped in the first place??? The day it happened, the officer said that it was because Mike Brown was walking in the street. Then a few days later, it was because he had robbed a convenience store. Despite the fact that owner himself says that his store was never robbed. The officer was apparently in fear for his life. The PD claims he was ""seriously injured"" in the altercation with Mike Brown. Even though there is a video showing the officer, perfectly fine, standing by Mike's body an hour after the shooting. Also, Mike's body was 35 feet away from where the officer was when Mike apparently ""charged"" at him. Man, the police are full of shit. If you can't see that this shit was made up, then you're either a bigot or just a fucking idiot. ",1,"A lot of people, the whole middle, missing a huge crucial point, Michael Brown, even stopped in the first place, the day it happened, the officer said, Mike Brown, pedestrian street, day after, robbed the convenience store even though the owner says the store never robbed, the officer apparently fears, claims life, seriously injured, altercation, Mike Brown, even though the video shows the officer standing perfectly well.",lot peopl entir medium miss huge crucial point micheal brown even stop first place day happen offic said mike brown walk street day later rob conveni store despit fact owner say store never rob offic appar fear life claim serious injur alterc mike brown even though video show offic perfectli fine stand mike bodi hour shoot also mike bodi foot away offic mike appar charg man polic full shit cant see shit made your either bigot fuck idiot,back_translation
he can go back where he's from period big mouth MORON,1,back he period big mouth moron,back he period big mouth moron,original
"That Arab is rapping 3:14
Go ahead bro....LOL
So getto he is",1,arab rapping ahead brolol getto,arab rap ahead brolol getto,back_translation
Fucking savages! Protest sumthing real... Like how your government is robbing you and sendin your kids to an elegal WAR! You are the laughing stock of America congrats!,1,fucking wild protest something real like the government stealing send child war classy laughing stock america congratulations,fuck savag protest sumth real like govern rob sendin kid eleg war laugh stock america congrat,back_translation
bassem I think walmart is hiring for the holidays. get a job loser!!!,1,bassem think walmart hiring holiday get job loser,bassem think walmart hire holiday get job loser,original
Wrong Mother Fucker. No shoot to apprehend,1,wrong motherfucker shoot apprehend,wrong mother fucker shoot apprehend,back_translation
"The music references sex, drugs, stealing, murder, etc.

...ya, pretty much all rap music is like that",0,music reference sex drug stealing murder etc pretty much rap music like,music refer sex drug steal murder etc pretti much rap music like,original
They should have protest in furgison not in So Cal. Take the fight to wear it started,0,protest furgison cal take fight wear started,protest furgison cal take fight wear start,original
" I dont understand why the black community wants to rally behind a wanna be thug. When the video of the guy robbing the store came out, I would have thought most of the protesters would have gone home. Michael Brown was a turd. This crowd is full of racist, who hate the white community.",1,I don't understand the black community I want demonstration behind I want thug video guy robbing store wine I thought protester would have gone home michael brown complete shit crowd racist hate white community,dont understand black commun want ralli behind wanna thug video guy rob store came would thought protest would gone home michael brown turd crowd full racist hate white commun,back_translation
Is there something wrong with her voice?,0,something wrong voice,someth wrong voic,original
"Mike browns father does NOT buy into it....he got caught on video saying ""Burn the bitch down"" reffering to Ferguson................and this dude you are interviwing is just a thug and should not be given air time.............",1,mike brown father buy ithe got caught video saying burn bitch reffering fergusonand dude interviwing thug given air time,mike brown father buy ith got caught video say burn bitch reffer fergusonand dude interviw thug given air time,original
"As a white guy, if you are really concerned with the plight of the black community (which I doubt that you are) you should spend some time just hanging around black guys in the community just to see how the world reacts to them and how they react to the world.  And not just a few times either.  Secondly, if you think anyone even hoped up on drugs charges after feeling a gunshot after at first fleeing a shooter, what kind of fantasy do you live in.  You must think blacks will do shit anything with a survival mechanism in this world would not do.   Police officers doing the right thing gives us comfort in our lives and you want to believe the cops story.  

Here is another story cop gets out to start some cop harassment type antics (as all cops do).  Kid gives him some 18 year old fat fuck that thinks he can whip everybody's ass sass.   He hits the kid with the door, dumb ass kid instead of passing out and getting the officer fired and paid and a few dollars for his injuries, pushes the door back.  Officer grabs him by the neck and a scuffle incurs.  Kid fires a punch to his grill.  Black guys hit pretty hard (see boxing) and the cop sees red.  Opens fire.  Kid runs. 15 feet is about how far his ass can get before his body reminds his fat ass he is not a sprinter or maybe the shots are starting to set in, now he wants to negotiate.  Cop executes him.  Is it lawful....., maybe, but my story makes more sense.",1,white guy really concerned plight black community doubt spend time hanging around black guy community see world reacts react world time either secondly think anyone even hoped drug charge feeling gunshot first fleeing shooter kind fantasy live must think black shit anything survival mechanism world would police officer right thing give comfort life want believe cop story another story cop get start cop harassment type antic cop kid give year old fat fuck think whip everybodys as sas hit kid door dumb as kid instead passing getting officer fired paid dollar injury push door back officer grab neck scuffle incurs kid fire punch grill black guy hit pretty hard see boxing cop see red open fire kid run foot far as get body reminds fat as sprinter maybe shot starting set want negotiate cop executes lawful maybe story make sense,white guy realli concern plight black commun doubt spend time hang around black guy commun see world react react world time either secondli think anyon even hope drug charg feel gunshot first flee shooter kind fantasi live must think black shit anyth surviv mechan world would polic offic right thing give comfort life want believ cop stori anoth stori cop get start cop harass type antic cop kid give year old fat fuck think whip everybodi as sa hit kid door dumb as kid instead pass get offic fire paid dollar injuri push door back offic grab neck scuffl incur kid fire punch grill black guy hit pretti hard see box cop see red open fire kid run foot far as get bodi remind fat as sprinter mayb shot start set want negoti cop execut law mayb stori make sens,original
".     Leaving out information when giving a police report because they didn't ask you for that info, *is* lying by omission. That's why it's not outright lying......because you omitted the information. These are some stupid lawyers.",1,leaving information giving police report didnt ask info lying omission thats outright lyingbecause omitted information stupid lawyer,leav inform give polic report didnt ask info lie omiss that outright lyingbecaus omit inform stupid lawyer,original
wtf,0,wtf,wtf,original
someone should have taken one for the team and plowed right through them,1,someone took a plow team to the right,someon taken one team plow right,back_translation
"In France, when I was in the military, they taught me that we could use a lethal weapon only if the other uses a similar/equal or superior lethal weapon against us or against another to defend ourselves; using a superior weapon is NOT/NEVER allowed.
I think that's a Noble French concept. B)",0,france military taught could use lethal weapon us similarequal superior lethal weapon another defend using superior weapon notnever allowed think thats noble french concept,franc militari taught could use lethal weapon us similarequ superior lethal weapon anoth defend use superior weapon notnev allow think that nobl french concept,original
Look up Mike brown world instrumental,0,look mike brown world instrumental,look mike brown world instrument,original
"Remember,the looting(stealing) by the blacks is purely and only to gain free goods.All in the name of Mike Brown.Yea right.It's an excuse to steal-pure and simple.A good ,concise introspective Steffan.Some folks live off grievance.This follows perfectly after the white guilt segment.Keep em rollin.",1,"remember looting, robbing blacks, purely to get free goods, everyone's name is mike brown, yes that's right, his excuse for stealing, pure simple, a nice concise introspective from steffan, some people live aggrieved, this follows a perfectly white guilt segment, keep rolling.",rememberth lootingst black pure gain free goodsal name mike brownyea rightit excus stealpur simplea good concis introspect steffansom folk live grievancethi follow perfectli white guilt segmentkeep rollin,back_translation
"I do understand their anger, but war is not the answer!",0,understand anger war answer,understand anger war answer,original
"0:10 legend has it that he is still yelling ""move""",0,legend still yelling move,legend still yell move,original
If I was there I will sue them for the time they wast ...,0,sue time wast,sue time wast,original
Michael Brown was a THUG! God bless the Thin Blue Line!! I graduate from the police academy in December!,1,michael brown thug god bless thin blue line graduate police academy december,michael brown thug god bless thin blue line graduat polic academi decemb,back_translation
the only difference is the color of your skin. do people still say that?,0,difference color skin people still say,differ color skin peopl still say,original
This moron is talking about being peaceful?  Their burning the nation's flag idiot.  Even though that's what you are suppose to do when it's old so they have no knowledge.  They are babies making noise. ,1,idiot talking peaceful burn the flag of the nation idiot even though that's supposed to be old knowledge baby making noise,moron talk peac burn nation flag idiot even though that suppos old knowledg babi make nois,back_translation
"You know its crazy.... I actually came across your video about bitcoin while trying to learn more about it and knew you looked familiar.... I took the time to look at some of Mike Browns personal profiles myself specifically his soundcloud. While I do think he is guilty of representing himself in the wrong light and maybe of stealing he still didn't deserve to die. The fact that WHITE people like yourself continued to insinuate it is ridiculous and shows your clear lack of empathy and sympathy. It seems you all are more like the ""animals"" you think we are..... And its especially offensive looking back at these videos 3 years later when hip/hop rnb (OUR BLACK CULTURE) is the biggest thing and media and you still dont understand our perspectives. To say Trayvon Martin was making lean in on of your other videos shows how ignorant you truly are as well. Sprite or Fanta or a CARBONATED DRINK is used when making lean....Not tea....",1,know crazy actually came across video bitcoin trying learn knew looked familiar took time look mike brown personal profile specifically soundcloud think guilty representing wrong light maybe stealing still didnt deserve die fact white people like continued insinuate ridiculous show clear lack empathy sympathy seems like animal think especially offensive looking back video year later hiphop rnb black culture biggest thing medium still dont understand perspective say trayvon martin making lean video show ignorant truly well sprite fanta carbonated drink used making leannot tea,know crazi actual came across video bitcoin tri learn knew look familiar took time look mike brown person profil specif soundcloud think guilti repres wrong light mayb steal still didnt deserv die fact white peopl like continu insinu ridicul show clear lack empathi sympathi seem like anim think especi offens look back video year later hiphop rnb black cultur biggest thing medium still dont understand perspect say trayvon martin make lean video show ignor truli well sprite fanta carbon drink use make leannot tea,original
The world is changing im mad at the police too but id be dam if isis gonna come in here thats when its time to kill these faucks,1,world changing mad police dam isi gonna come thats time kill faucks,world chang mad polic dam isi gonna come that time kill fauck,original
Protesters suck,1,protester suck,protest suck,original
"Mr. Smerconish, you Sir, are not a journalist. NO journalists say or claim to the interview object that he/she is searching for 15mins of fame just for being a part of the interview. And/or just because he/she did not speak in the direction you wanted them to.
- If anything, it is you trying to DEFAME a person. And that is illegal! And you should definitively serve time for that! 
You should go back to school because it is truly obvious that you do not handle the word of mouth with care NOR are you critical enough of the Authorities!
Why would you wait for tons of paper that shows what we all know...That he INDEED ran, stopped, hands in the air and got shot, multiple times. There should be no doubt from your side that this happened if the witnesses says so. There should be, however, an investigative journalist who goes out and ask the people.

Your opinion is NOT superior! GET OFF YOUR CHAIR AND GO OUT AND DO SOME REAL REPORTING!  SHAME ON YOU!!! And SHAME ON CNN FOR NOT HIRING PROFESSIONALS!!",1,smerconish mr journalist journalist says claim interview object heshe looking min fame part interview walk heshe talk address wanted anything try defame person illegal definitely serve time back to school really obvious handle word mouth care critical enough authority would expect ton paper show know actually ran arrested hand air shot several times doubt side happened witness say however investigative journalist go ask people top opinion get real chair reports shame shame cnn hiring professional,smerconish sir journalist journalist say claim interview object hesh search min fame part interview andor hesh speak direct want anyth tri defam person illeg definit serv time back school truli obviou handl word mouth care critic enough author would wait ton paper show knowthat inde ran stop hand air got shot multipl time doubt side happen wit say howev investig journalist go ask peopl opinion superior get chair real report shame shame cnn hire profession,back_translation
"The new episode of SNL

also i feel sorry for thy guy at 3:53",0,new episode snl also feel sorry thy guy,new episod snl also feel sorri thi guy,original
Would’ve been satisfying if someone threw a Molotov in the middle of the group.,1,wouldve satisfying someone threw molotov middle group,wouldv satisfi someon threw molotov middl group,original
awesome job from our law enforcement now send off to disrupt & tear down all the Islamic extremist radicals in America thanks....,1,amazing job law enforcement send interrupt tear extremist islamic radical america thank you,awesom job law enforc send disrupt tear islam extremist radic america thank,back_translation
Okay but what in the literal fuck do Skittles and tea have to do with lean?,1,"Okay, literal, fuck, bolus, tea, lean.",okay liter fuck skittl tea lean,back_translation
Can someone shoot this black idiot too? That would make me giggle inside :),1,someone shoot black idiot would make giggle inside,someon shoot black idiot would make giggl insid,original
"i never was racist, but this almost makes me to be one... (ofc i dont mean it, but you get the idea)",0,never racist almost make one ofc dont mean get idea,never racist almost make one ofc dont mean get idea,original
this dude is lying his azz off... racist cracka,1,liar guy azz racist cracka,dude lie azz racist cracka,back_translation
You can't shoot tear gas at professional soldiers but members of the public in your own country is absolutely fine!!,1,I can't shoot tear gas soldier professional member public country absolutely fine,cant shoot tear ga profession soldier member public countri absolut fine,back_translation
the people in ferguson have to loot! the oly thing the goverment cares about is the economy! fuck it up n they will make an effort to stop crooked cops!,1,people ferguson loot unique thing government care economy fuck make effort stop police corrupt,peopl ferguson loot oli thing gover care economi fuck make effort stop crook cop,back_translation
is this not what tazers are for,0,tazers,tazer,original
Hahahahaha.  This guy is Ed Bassmaster's character ALWAYS TESTE. Ed Bassmaster has a semi-retarded character who is cross-eyed just like this guy,1,hahahaha boy bassmaster character always teste bassmaster semi-retarded character cross-eyed like boy,hahahahaha guy bassmast charact alway test bassmast semiretard charact crossey like guy,back_translation
pretty woman dang!,0,pretty woman dang,pretti woman dang,original
"Michael Brown, rob a store assaulted the store owner. Then fought with a police officer Darren Wilson in and through the police window went for the officer gun, then was shot and killed. Brown did not have a shirt saying I'm not armed. This is what happens when you do criminal activity, regardless of the color of your skin. A linch mob mentality should not get there way, or public pressure when all the facts support Browns activity of the day. Some wonder if Brown wanted death (suicide) by cop for his family could sue.",1,michael brown rob store assaulted store owner fought police officer darren wilson police window went officer gun shot killed brown shirt saying armed happens criminal activity regardless color skin linch mob mentality get way public pressure fact support brown activity day wonder brown wanted death suicide cop family could sue,michael brown rob store assault store owner fought polic offic darren wilson polic window went offic gun shot kill brown shirt say arm happen crimin activ regardless color skin linch mob mental get way public pressur fact support brown activ day wonder brown want death suicid cop famili could sue,original
the real criminals are on wall street those guys steal more money then any inmate in every Penitentiary every dreamed of stealing,1,real criminal wall street guy steal money inmate every penitentiary every dreamed stealing,real crimin wall street guy steal money inmat everi penitentiari everi dream steal,original
"Fergueson residents are stupid , they complain about crime and when the police shoots a criminal they get all emo and tell the police to leave while rioting , looting and destroying their own community. Where is the logic in this? I think they're just trolling srs.",1,fergueson resident stupid complain crime police shoot criminal get emo tell police leave rioting looting destroying community logic think theyre trolling sr,fergueson resid stupid complain crime polic shoot crimin get emo tell polic leav riot loot destroy commun logic think theyr troll sr,original
PEGGY HUBBARD for PRESIDENT 2016 !!!!,0,peggy hubbard president,peggi hubbard presid,original
ana kasparian is the most beautiful woman in the world,0,ana kasparian beautiful woman world,ana kasparian beauti woman world,original
"""There is blood on the street but you are worried about words"" .... we are ALL getting very tired with the way mainstream media is treating us like idiots who will follow their condescending, irrelevant, distracting, disparaging narrative... Step up CNN",0,blood street worried word getting tired way mainstream medium treating like idiot follow condescending irrelevant distracting disparaging narrative step cnn,blood street worri word get tire way mainstream medium treat like idiot follow condescend irrelev distract disparag narr step cnn,original
"I'd walk right past the cops and pepper spray them all , Boy I can't wait for my free pass to beat a protesters ass.",1,"walk right next to the cop, the guy with pepper spray can't wait, free pass, hit the protester while",walk right past cop pepper spray boy cant wait free pa beat protest as,back_translation
This interviewer is right. This guy should show some respect to the paramilitary police that are killing and getting away with it. Ha!,1,interviewer right guy show respect paramilitary police killing getting away,interview right guy show respect paramilitari polic kill get away,original
"Im a white person who always thought everyone should be treated fairly.
With BLM and creating a bunch of bull and threatening my life and others by making it harder for cops to take out the bad guys, maybe not drawing their weapon fast enough or killing the spirit of being a hero or killing the spirit of NOT putting out 110% and doing JUST enough to comply. (No more rushing into burning houses type of thing) from a few bad cops

And with the neighborhood gangs in my neighborhood having the heat taken off them. Emboldening them.

 And not the spirit of ALL lives matter (A form of racism in itself)

BLM is causing a feeling that Black Lives don't matter.

Peggy gave me hope there is still hope that there is still intelligence in the black community. 
So maybe we can still all live together.
I'm one less white guy willing to join the KKK because of Peggy, NOT BLM.",1,white person always thought everyone treated fairly blm creating bunch bull threatening life others making harder cop take bad guy maybe drawing weapon fast enough killing spirit hero killing spirit putting enough comply rushing burning house type thing bad cop neighborhood gang neighborhood heat taken emboldening spirit life matter form racism blm causing feeling black life dont matter peggy gave hope still hope still intelligence black community maybe still live together one less white guy willing join kkk peggy blm,white person alway thought everyon treat fairli blm creat bunch bull threaten life other make harder cop take bad guy mayb draw weapon fast enough kill spirit hero kill spirit put enough compli rush burn hous type thing bad cop neighborhood gang neighborhood heat taken embolden spirit life matter form racism blm caus feel black life dont matter peggi gave hope still hope still intellig black commun mayb still live togeth one less white guy will join kkk peggi blm,original
"Those dumb fucks, screwing fellow citizens over instead of protesting against the police. 🤦‍♂️",1,fool fucking a fellow citizen instead of protesting against the police,dumb fuck screw fellow citizen instead protest polic,back_translation
"People say blacks play the victim. 

But according to the comments its our fault that  the elected officals are racists. 

Whites had a good thing going in Missouri but they had to be racist.  

All white folks do is point fingers.  
Take these punk bitches out of power.  

We goin back to racism. 

Deport everyone else.  

 ",1,people say black play victim according comment fault elected officals racist white good thing going missouri racist white folk point finger take punk bitch power goin back racism deport everyone else,peopl say black play victim accord comment fault elect offic racist white good thing go missouri racist white folk point finger take punk bitch power goin back racism deport everyon els,original
"moly loooooooooooooooooooooooves cops.  there are other witnesses.  also clueless about the 'riots'.  also about the decades of police violence and repression in the area....also, ignorant of the effects of marijuana.",0,moly loooooooooooooooooooooooves cop witness also clueless riot also decade police violence repression areaalso ignorant effect marijuana,moli looooooooooooooooooooooov cop wit also clueless riot also decad polic violenc repress areaalso ignor effect marijuana,original
"Omg, these dumbass protesters are preventing cops to do their job because of their whining. I really really hate people who protest like this.

Edit: Look at that ugly ass black girl with the big eyes.....",1,omg dumbass protester preventing cop job whining really really hate people protest like edit look ugly as black girl big eye,omg dumbass protest prevent cop job whine realli realli hate peopl protest like edit look ugli as black girl big eye,original
"A true dictatorship ! Let's wait and check which of the coutries will start sanctioning on U.S government? I guess none of countries, because USA is a corrupted all of countries in the world except Russia and China.",1,true dictatorship let wait verify countries start sanction government guess none country united states corrupt country world except Russia China,true dictatorship let wait check coutri start sanction govern guess none countri usa corrupt countri world except russia china,back_translation
"THIS ARAB PIECE OF SHIT,,, ACTING LIKE HE GETS HARRASSED,, HE OR HIS PARENTS OWN A STORE AND YET HE ACTS LIKE HE GETS TREATED LIKE BLACK PEOPLE LOL... the same people who steals from his store,, what a moron piece of shit",1,arab piece shit acting like get harrassed parent store yet act like get treated like black people lol people steal store moron piece shit,arab piec shit act like get harrass parent store yet act like get treat like black peopl lol peopl steal store moron piec shit,original
y'all racists as fuck. god please bless america,1,yall racist fuck god please bless america,yall racist fuck god pleas bless america,original
Somebody pick up a gun and kill a cop already LA style ,1,Someone picks a gun and kills a police officer who already has style.,somebodi pick gun kill cop alreadi style,back_translation
Ireland v England Riots 1995 (HQ),0,ireland england riot,ireland england riot,original
This is sad. Disgrace to all black people,1,sad disgrace black people,sad disgrac black peopl,original
don't let the Elite's divide and conquer tactics work on you!!! they want to keep us racially divided so we can never rise up against them ,1,dont let elite divide conquer tactic work want keep racially divided never rise,dont let elit divid conquer tactic work want keep racial divid never rise,original
Tell them they are breaking the law by blocking an interstate and traffic will be let through. If you get hit by vehicles after being told to leave not only will the drivers of the vehicles noy be charged but any injuries incurred will be billed to the retards standing in the street.,1,tell breaking law blocking interstate traffic let get hit vehicle told leave driver vehicle noy charged injury incurred billed retard standing street,tell break law block interst traffic let get hit vehicl told leav driver vehicl noy charg injuri incur bill retard stand street,original
"Remember..Michael Brown was just a young, teen boy, who happened to be built like a linerbacker and robbed a convenience store..he was a pillar to his community.

http://www.liveleak.com/view?i=464_1408123040",0,remembermichael brown young teen boy happened built like linerbacker robbed convenience storehe pillar community,remembermichael brown young teen boy happen built like linerback rob conveni storeh pillar commun,original
Welcome to New World Order.,1,welcome new world order,welcom new world order,original
"Masri is a total idiot ""I don't have to know the evidence, I can just come to my own conclusions instead""
Here is a clue, dont attack a cop and try to take his gun and then rush him after he finally gets out of his car and you wont get shot duhhh.
So what would Masri do, take Brown out for a icecream as he is beating him into the ground and not defend himself?
BTW, Browns momma and gramma violently assaulted some people who were selling T-shirts in memory of Brown and put two people in the hospital, stole their money and trashed their shop and will probably be charged for it, so we all know what sort of mentality Brown was raised in and he was a thug wanna be, who caused his own death.",1,masri total idiot dont know evidence come conclusion instead clue dont attack cop try take gun rush finally get car wont get shot duhhh would masri take brown icecream beating ground defend btw brown momma gramma violently assaulted people selling tshirts memory brown put two people hospital stole money trashed shop probably charged know sort mentality brown raised thug wanna caused death,masri total idiot dont know evid come conclus instead clue dont attack cop tri take gun rush final get car wont get shot duhhh would masri take brown icecream beat ground defend btw brown momma gramma violent assault peopl sell tshirt memori brown put two peopl hospit stole money trash shop probabl charg know sort mental brown rais thug wanna caus death,original
Racial profiling and police intimidation? He robbed a store and got killed as a result. Fucking excuses man. Black people shouldn't have to get arrested when they commit a strong arm robbery. When black people get violent they shouldn't have to fear getting put down like an animal. He actually said we shouldn't have to worry about warrants. lol. Fucking piece of human garbage.,1,racial profiling police intimidation robbed store got killed result fucking excuse man black people shouldnt get arrested commit strong arm robbery black people get violent shouldnt fear getting put like animal actually said shouldnt worry warrant lol fucking piece human garbage,racial profil polic intimid rob store got kill result fuck excus man black peopl shouldnt get arrest commit strong arm robberi black peopl get violent shouldnt fear get put like anim actual said shouldnt worri warrant lol fuck piec human garbag,original
"+Stefan Molyneux 	 	 	 	
Why do you hate Blacks so much? Actually I am not surprised, it's the bloody British in you. You people conquered us, when we did absolutely nothing to you. The more freedom we gain as the decades go on, the more you hate us.

If you weren't so pale, one would wonder if your mother was a Black woman.",1,stefan molyneux hate black much actually surprised bloody british people conquered absolutely nothing freedom gain decade hate werent pale one would wonder mother black woman,stefan molyneux hate black much actual surpris bloodi british peopl conquer absolut noth freedom gain decad hate werent pale one would wonder mother black woman,original
"Dear Mr. Stephen Molyneux, 40 minutes is a bit long, but you are 100% right! You respond only after all facts are in . BTW, I voted the thumb up and the number (5729 )did not even blink. ( I have tried the thumb down and must say the same thing happened = to be fair.....)  Thank you for your homework and your hard work. Obviously you spent a lot of time to present this case to us. Very nice of you. Obviously you care very much about your country.  All the best !",0,dear stephen molyneux minute bit long right respond fact btw voted thumb number even blink tried thumb must say thing happened fair thank homework hard work obviously spent lot time present case nice obviously care much country best,dear stephen molyneux minut bit long right respond fact btw vote thumb number even blink tri thumb must say thing happen fair thank homework hard work obvious spent lot time present case nice obvious care much countri best,original
This jerk just made up a b.s. story about skittles and Arizona ice tea being components of lean. Which is actual  promethazine a pharmaceutical drug and a easy on to get on the street level. This guy is a quake and for you antebellum period dreamers for negro should live beneath you need to realize that your really not much better off. Statistics would say that there more whites on well fair and more whites committ more violent crimes than anyone. So pls come with more white savior b.s.,0,jerk made story skittle arizona ice tea component lean actual promethazine pharmaceutical drug easy get street level guy quake antebellum period dreamer negro live beneath need realize really much better statistic would say white well fair white committ violent crime anyone pls come white savior,jerk made stori skittl arizona ice tea compon lean actual promethazin pharmaceut drug easi get street level guy quak antebellum period dreamer negro live beneath need realiz realli much better statist would say white well fair white committ violent crime anyon pl come white savior,original
"It's taken you 40 minutes to deduce what most reasoned people did within a minute of hearing the story break.

...but thank you anyway.",0,taken minute deduce reasoned people within minute hearing story break thank anyway,taken minut deduc reason peopl within minut hear stori break thank anyway,original
"I think my chief problem with Molyneux is that he has great ideals and solid, worthwhile goals that he hopes to share with society, but can't seem to embrace the ethical grey-ness of human beings. He frustrates me with his ""all or nothing"" approach to morality, and as such I don't believe he is worth listening to as a political strategist (which requires recognizing the conditional-nature of human psychology and constructing systemic guides to help incentivize positive culture). Good philosophy, crappy political theory.",0,think chief problem molyneux great ideal solid worthwhile goal hope share society cant seem embrace ethical greyness human being frustrates nothing approach morality dont believe worth listening political strategist requires recognizing conditionalnature human psychology constructing systemic guide help incentivize positive culture good philosophy crappy political theory,think chief problem molyneux great ideal solid worthwhil goal hope share societi cant seem embrac ethic grey human be frustrat noth approach moral dont believ worth listen polit strategist requir recogn conditionalnatur human psycholog construct system guid help incentiv posit cultur good philosophi crappi polit theori,original
They should all be shot. I would have ran all of them over.,1,shot would ran,shot would ran,original
"you are  clearly a racists shrill a canadian vegatable ,a plant that lives in a box of ivory snow and truly knows nothing about  the Negro race.    ",1,clearly racist shrill canadian vegatable plant life box ivory snow truly know nothing negro race,clearli racist shrill canadian vegat plant life box ivori snow truli know noth negro race,original
"Very moving, very thought out!!!",0,moving thought,move thought,original
"My thought of this ""waste of skin' catching his just  desert at 3300fps wouldn't make me a popular guy with  the ""no free people allowed"" party. But I don't live on the bookends of this country. The rest of you libshits' would do yourselves justice to know the MAJORITY of Real Americans despise you in every way. Know It and own it. Every day you continue to exist is because ying must have yang motherjumper!",1,thought waste skin capture desert fps wouldn't popular free guy people allowed party not alive bookends country rest libshits would do justice know majority real american despise every sense know every day continue to exist ying must yang motherjumper,thought wast skin catch desert fp wouldnt make popular guy free peopl allow parti dont live bookend countri rest libshit would justic know major real american despis everi way know everi day continu exist ying must yang motherjump,back_translation
Idiotz,1,idiot,idiotz,back_translation
"Yea! We should beat up all white people, rob black owned stores, and cause massive riots wasting money! I bet 90% of yall don't work, stop wasting people money and just off yourself....I hope every single person their got shot...that didn't happen though, sadly.",1,yea beat white people rob black owned store cause massive riot wasting money bet yall dont work stop wasting people money yourselfi hope every single person got shotthat didnt happen though sadly,yea beat white peopl rob black own store caus massiv riot wast money bet yall dont work stop wast peopl money yourselfi hope everi singl person got shotthat didnt happen though sadli,original
The fuck are thes cops being a pussy?,1,fuck thes cop pussy,fuck the cop pussi,original
"Yeah of course he goes to college, and then when the money comes in from Pel the majority of Negros drop out half way through the semester.",0,yeah course go college money come pel majority negro drop half way semester,yeah cours go colleg money come pel major negro drop half way semest,original
"why was police car so far away from body, officer realy good shot, after being assaulted...............this is BS, wake up, if you believe this. you are deluded.  he starts of vid by pointing out how media portrayed ''gentle giant'' then goes on to use similar tactic to discredit MB, refs to pot and making rap music. if the guy making this vid was my dad , i would leave town for ever",0,police car far away body officer realy good shot assaultedthis wake believe deluded start vid pointing medium portrayed gentle giant go use similar tactic discredit ref pot making rap music guy making vid dad would leave town ever,polic car far away bodi offic reali good shot assaultedthi wake believ delud start vid point medium portray gentl giant go use similar tactic discredit ref pot make rap music guy make vid dad would leav town ever,original
"What an ignorant coward, full of emotion, estrogen and apathy. And where the hell did you come from? Fuckin racially ambiguous blackwashed loudmouth. They really chose a pathetic man to interview. ",1,ignorant coward full emotion estrogen apathy hell come fuckin racially ambiguous blackwashed loudmouth really chose pathetic man interview,ignor coward full emot estrogen apathi hell come fuckin racial ambigu blackwash loudmouth realli chose pathet man interview,original
The right to loot. The right to private property and the right to destroy public property.  You can play the victim card.  But nothing will change.  ,0,right loot right private property right destroy public property play victim card nothing change,right loot right privat properti right destroy public properti play victim card noth chang,original
You white folks always asked why would a cop do something that could ruin his career. My answer to this is because they know they can get away with it. They know their chief and their fellow cops will cover for them. They know white folks and assholes like you will make excuses for them and if by a slim to none chance their is a trial you and your kind will always acquit.,0,white folk always asked would cop something could ruin career answer know get away know chief fellow cop cover know white folk asshole like make excuse slim none chance trial kind always acquit,white folk alway ask would cop someth could ruin career answer know get away know chief fellow cop cover know white folk asshol like make excus slim none chanc trial kind alway acquit,original
No talk... Get those fuckers off the road period ! I would have run the down... Let them sue...,1,"talk, get a motherfucker, road period would run, let sue",talk get fucker road period would run let sue,back_translation
Fun Fact: they did not have live ammo in those guns they had rubber slugs,0,fun fact live ammo gun rubber slug,fun fact live ammo gun rubber slug,original
"Couple things you missed on both sides of the argument. Firstly yes, the guy was dead, very very dead and it was a crime scene....of course they didn't cover the body.
Secondly, the officer seems to have not called in the incident based on multiple sources. Very odd. 
In addition, I make no excuses for strong armed robbery....but I don't understand why if you have the money for the weed you need to rob for the cigars. Regardless it doesn't excuse getting shot down in the street. Even if you ignore the eyewitness accounts and assume they are all lying, 6 shots is blatantly excessive. 
Lastly, as you admit yourself rapping is not against the law, and most of what you mentioned that they rapped about isn't against the law. The only things that come close is smoking marijuana, which is of course legal now in some states, and getting in fights, which teenagers will do and always will do.",0,couple thing missed side argument firstly yes guy dead dead crime sceneof course didnt cover body secondly officer seems called incident based multiple source odd addition make excuse strong armed robberybut dont understand money weed need rob cigar regardless doesnt excuse getting shot street even ignore eyewitness account assume lying shot blatantly excessive lastly admit rapping law mentioned rapped isnt law thing come close smoking marijuana course legal state getting fight teenager always,coupl thing miss side argument firstli ye guy dead dead crime sceneof cours didnt cover bodi secondli offic seem call incid base multipl sourc odd addit make excus strong arm robberybut dont understand money weed need rob cigar regardless doesnt excus get shot street even ignor eyewit account assum lie shot blatantli excess lastli admit rap law mention rap isnt law thing come close smoke marijuana cours legal state get fight teenag alway,original
the guy on the right is so on point. don't judge on his speaking abilities but judge him on his messege! you racist fucks can suck my dick. and like always the media focusing on the thing that don't matter. CNN is shit.,1,boy right point don't judge speaking ability judge racist message fuck suck cock as always medium focus thing doesn't matter cnn shit,guy right point dont judg speak abil judg messeg racist fuck suck dick like alway medium focus thing dont matter cnn shit,back_translation
It's all because he's black.,1,the black,he black,back_translation
"YEah  You are right 1 white shot a  black all hell break  lose , black shot black no protest maybe if they start doing  protest on black shotting black , you can buy in thier story ,",1,yeah right white shot black hell break lose black shot black protest maybe start protest black shotting black buy thier story,yeah right white shot black hell break lose black shot black protest mayb start protest black shot black buy thier stori,original
Bassem Masri is a terrorist part of isis,1,bassem masri terrorist part isi,bassem masri terrorist part isi,original
"Cops NEED to be given a very wide latitude in self defense considering the threats they face and they if incapacitated, they have a very high chance of being executed with their own dam gun.Noone seems o care about this shit...",1,police need to be given wide latitude self defense considering threat face incapacitated high probability executed dam no one seems to give a shit,cop need given wide latitud self defens consid threat face incapacit high chanc execut dam gunnoon seem care shit,back_translation
If you are the parent of one of these kids you have failed the one job you had as a parent. Dont raise a cunt.,1,"father, a son failed at a job, father, don't breed pussy",parent one kid fail one job parent dont rais cunt,back_translation
"i think alot of black people are tired with gun violence and gangs and ignorance in their communities and want it to stop
  and yes their are bad people of all races but whats gets to me with that statement when you talk about things in the black commuity people are so quick to say their are bad people in every race and say your putting blacks down when you just want your people do better and caring their selfs in a repectful way",0,think alot black people tired gun violence gang ignorance community want stop yes bad people race whats get statement talk thing black commuity people quick say bad people every race say putting black want people better caring self repectful way,think alot black peopl tire gun violenc gang ignor commun want stop ye bad peopl race what get statement talk thing black commuiti peopl quick say bad peopl everi race say put black want peopl better care self repect way,original
I want to toss one of those gernades lol not at anyone of course but at a range that would be the fucking shit,1,want toss one gernades lol anyone course range would fucking shit,want toss one gernad lol anyon cours rang would fuck shit,original
"Lets Steal from a convenience store then lets go and punch a cop in the face and get shot 6 times, then lets get all the black people and white apologists to run around the street setting buildings on fire, fucking dirty gutter rats all living on welfare and causing violence , just look where the rest of black people live... on the dirties Ebola plague ridden continent, lucky white countries can come over and cure their dumb asses.",1,let rob convenience store let hit police face get shot time let black people get white apologist run around street stage building fire fucked dirty canal rat live well being causing violence look rest black people live dirt ebola plagued continent luck white country come cure dumb ass,let steal conveni store let punch cop face get shot time let get black peopl white apologist run around street set build fire fuck dirti gutter rat live welfar caus violenc look rest black peopl live dirti ebola plagu ridden contin lucki white countri come cure dumb ass,back_translation
I don’t care what they are protesting about. One of them should have run there punk ass’s over. I hope they all get run TF over,1,dont care protesting one run punk ass hope get run,dont care protest one run punk ass hope get run,original
Very weak display from law enforcement.,1,weak display law enforcement,weak display law enforc,original
"This makes me so damn angry.  All of this over some worthless thug who got himself shot?  The protests, those animals looting and tearing shit up in their own neighborhoods over this?  This is why everyone thinks the black community is fucked up, because it is fucked up.",1,make damn angry worthless thug got shot protest animal looting tearing shit neighborhood everyone think black community fucked fucked,make damn angri worthless thug got shot protest anim loot tear shit neighborhood everyon think black commun fuck fuck,original
I agree time for a race war.,1,agree time race war,agre time race war,original
"""We been at war for 400 years"" please a war was started where three quarter of a million Americans died for you. Stop bitching",1,war year please the war started three quarters of a million Americans died stop complaining,war year pleas war start three quarter million american die stop bitch,back_translation
"good balanced unbiased video...this story is so sad, smh",0,good balanced unbiased videothis story sad smh,good balanc unbias videothi stori sad smh,original
"Fergueson residents are stupid , they complain about crime and when the police shoots a criminal they get all emo and tell the police to leave while rioting , looting and destroying their own community. Where is the logic in this? I think they're just trolling srs.",1,fergueson resident stupid complain crime police shoot criminal get emo tell the police get out riot loot destroy community logic think they're trolling mr,fergueson resid stupid complain crime polic shoot crimin get emo tell polic leav riot loot destroy commun logic think theyr troll sr,back_translation
Bravo!,0,bravo,bravo,original
You should be legally allowed to run them down with no consequences,1,legally permitted career consequence,legal allow run consequ,back_translation
"Holy shit! And I thought Trayvon Martin supporters were imbeciles...

You Michael Brown clowns must be on the dope!",1,Holy shit thought trayvon martin supporter moron michael brown clown must get high,holi shit thought trayvon martin support imbecil michael brown clown must dope,back_translation
"Bottom line: Michael Brown was a drug addict criminal, a violent criminal.
So why should anyone feel bad he got killed, unless you're a criminal yourself?",1,bottom line michael brown drug addict criminal violent criminal anyone feel bad got killed unless youre criminal,bottom line michael brown drug addict crimin violent crimin anyon feel bad got kill unless your crimin,original
"I thumbs upped this video, but to clarify, it was only for Joe Rogan's commentary, and not any of the ignorance Ana spews.  And I don't mean ""ignorant"" to necessarily be disparaging, I just mean that she doesn't really understand the situation.",0,thumb upped video clarify joe rogans commentary ignorance ana spews dont mean ignorant necessarily disparaging mean doesnt really understand situation,thumb up video clarifi joe rogan commentari ignor ana spew dont mean ignor necessarili disparag mean doesnt realli understand situat,original
"TestTube. Can you please explain to me how blacks get stopped and searched more than whites? If whites get make up 29% of the population and get searched 6.9% of the time while blacks make up 67% of the population and get searched 12.1% of the time, it's pretty obvious that whites are likely to get searched MORE. Do you want me to explain it further why that is or can you find someone in your team that actually remembers basic grade school math? I could go on and on about what is wrong about this video but it seems to have been already explained by others. Seriously, I do enjoy watching your channel, but the bias is strong with this one and almost made me want to unsubscribe. ",0,testtube please explain black get stopped searched white white get make population get searched time black make population get searched time pretty obvious white likely get searched want explain find someone team actually remembers basic grade school math could wrong video seems already explained others seriously enjoy watching channel bias strong one almost made want unsubscribe,testtub pleas explain black get stop search white white get make popul get search time black make popul get search time pretti obviou white like get search want explain find someon team actual rememb basic grade school math could wrong video seem alreadi explain other serious enjoy watch channel bia strong one almost made want unsubscrib,original
Dumb ass people run over them all 😡,1,silly how people run,dumb as peopl run,back_translation
don't let the Elite's divide and conquer tactics work on you!!! they want to keep us racially divided so we can never rise up against them ,1,"don't let the elite divide, conquer, tactics, work, want, maintain racial division, never increase",dont let elit divid conquer tactic work want keep racial divid never rise,back_translation
Wow  common sense in 20014 How refreshing ..... great job Stefan Molyneux,0,wow common sense refreshing great job stefan molyneux,wow common sens refresh great job stefan molyneux,original
some of us have jobs you fucking losers. Get out of our way,1,fucking job loser getting away with it,job fuck loser get way,back_translation
Thanks for being a voice of sanity in the black community Peggy.,0,thanks voice sanity black community peggy,thank voic saniti black commun peggi,original
"Truly sad. The people who were stopped on the roadway should have simply walked up the  protestors and informed them that in 30 seconds they were going to use them as punching bags, boys and girls if they did not move. If they did not disband, lay into them. Those bitches needed their asses kicked. As far as the CHP, not even one citation was written. Bitch cops.",1,truly sad people stopped roadway simply walked protestors informed second going use punching bag boy girl move disband lay bitch needed ass kicked far chp even one citation written bitch cop,truli sad peopl stop roadway simpli walk protestor inform second go use punch bag boy girl move disband lay bitch need ass kick far chp even one citat written bitch cop,original
Seeing the comments on here just proves how backward this country is. ,1,seeing comment prof backward country,see comment prof backward countri,original
"AMEN!!!, Peggy Hubbard!! Color makes no difference, it's the person on the inside. The innocent nine year old little girl is the one attention should have been on. Some people just want to cause chaos, black and white!! All of what is going on is exactly what Obama wanted,now look at our country and this mess that it's in. I admire your courage and telling it like it is Peggy Hubbard.",1,amen peggy hubbard colors make a difference person inside innocent nine years little girl one attention people want to cause chaos black white going exactly obama wanted now look country disaster admire courage tell like peggy hubbard,amen peggi hubbard color make differ person insid innoc nine year old littl girl one attent peopl want caus chao black white go exactli obama wantednow look countri mess admir courag tell like peggi hubbard,back_translation
"How the fuck is this peaceful? Gun and gas this human road block, problem solved.",1,fuck peaceful gun gas human road block problem solved,fuck peac gun ga human road block problem solv,original
I've always been so good at being moderate and understanding but when I saw the woman in scrubs...screw the Black Lives Matters movement. I hope it dies.,1,ive always good moderate understanding saw woman scrubsscrew black life matter movement hope dy,ive alway good moder understand saw woman scrubsscrew black life matter movement hope dy,original
"As a white guy, if you are really concerned with the plight of the black community (which I doubt that you are) you should spend some time just hanging around black guys in the community just to see how the world reacts to them and how they react to the world.  And not just a few times either.  Secondly, if you think anyone even hoped up on drugs charges after feeling a gunshot after at first fleeing a shooter, what kind of fantasy do you live in.  You must think blacks will do shit anything with a survival mechanism in this world would not do.   Police officers doing the right thing gives us comfort in our lives and you want to believe the cops story.  

Here is another story cop gets out to start some cop harassment type antics (as all cops do).  Kid gives him some 18 year old fat fuck that thinks he can whip everybody's ass sass.   He hits the kid with the door, dumb ass kid instead of passing out and getting the officer fired and paid and a few dollars for his injuries, pushes the door back.  Officer grabs him by the neck and a scuffle incurs.  Kid fires a punch to his grill.  Black guys hit pretty hard (see boxing) and the cop sees red.  Opens fire.  Kid runs. 15 feet is about how far his ass can get before his body reminds his fat ass he is not a sprinter or maybe the shots are starting to set in, now he wants to negotiate.  Cop executes him.  Is it lawful....., maybe, but my story makes more sense.",1,white boy really worried situation black community doubt spend time hanging around black boy community see the world react react world time whether second think anyone even expected drug load feeling shot first running away shooter type fantasy live must think black shit any survival mechanism world would be police officer the right thing to give comfort life want to believe police story another story police start police harassment police type old fashioned kid give year old fat fuck think spank everyone like sas knock kid door dumb like kid instead of passing get fired officer paid injury in dollars push the door back officer grab neck fight incur boy fire punch grill black boy hit pretty hard see boxing police see red open fire boy run foot until get body remember fat like sprinter maybe shot initial set want to negotiate police execute legal maybe the story makes sense,white guy realli concern plight black commun doubt spend time hang around black guy commun see world react react world time either secondli think anyon even hope drug charg feel gunshot first flee shooter kind fantasi live must think black shit anyth surviv mechan world would polic offic right thing give comfort life want believ cop stori anoth stori cop get start cop harass type antic cop kid give year old fat fuck think whip everybodi as sa hit kid door dumb as kid instead pass get offic fire paid dollar injuri push door back offic grab neck scuffl incur kid fire punch grill black guy hit pretti hard see box cop see red open fire kid run foot far as get bodi remind fat as sprinter mayb shot start set want negoti cop execut law mayb stori make sens,back_translation
"The report on the 'Inequality of Enforcement' statistics can be found in the description, and here:
http://ago.mo.gov/VehicleStops/2013/reports/161.pdf

To those who are questioning the math here, please check it for yourself, we're not here to teach basic algebra! These numbers are not proportional. Our video scratches the surface, and we do encourage you to do supplemental research on their own if you wish to know more.",0,report inequality enforcement statistic found description questioning math please check teach basic algebra number proportional video scratch surface encourage supplemental research wish know,report inequ enforc statist found descript question math pleas check teach basic algebra number proport video scratch surfac encourag supplement research wish know,original
Mike Brown was a criminal thug. Fuck him,1,mike brown criminal thug fuck,mike brown crimin thug fuck,original
I just found this channel and its one of my favs already. ..thank u for the vids they r excellent. ,0,found channel one favs already thank vids excellent,found channel one fav alreadi thank vid excel,original
"Michael Brown would not have been going to college if he had lived. He would have been in the county jail awaiting trial for robbery, assault on a police officer and maybe even attempted murder",1,michael brown would go to college live in county jail awaiting trial robbery assault police officer maybe even attempted murder,michael brown would go colleg live would counti jail await trial robberi assault polic offic mayb even attempt murder,back_translation
Smirconnish is the most even-handed guy in the world.  This guy Masri is an idiot.,1,smirconnish evenhanded guy world guy masri idiot,smirconnish evenhand guy world guy masri idiot,original
Can someone shoot this black idiot too? That would make me giggle inside :),1,Someone shooting a black idiot would make you laugh inside.,someon shoot black idiot would make giggl insid,back_translation
Idiotz,1,idiotz,idiotz,original
should have shot,1,shot,shot,original
He said nigga way too many times,0,said nigga way many time,said nigga way mani time,original
I wonder what the police expect will happen when they continually abuse and kill people  ? Do they honestly expect the public  to do nothing about it ? To just lay back and take it and let the cops just turn into one massive street gang who are allowed to kill without consequence? Even a rat when it's cornered will defend itself ..,1,wonder police expect happen continually abuse kill people honestly expect public nothing lay back take let cop turn one massive street gang allowed kill without consequence even rat cornered defend,wonder polic expect happen continu abus kill peopl honestli expect public noth lay back take let cop turn one massiv street gang allow kill without consequ even rat corner defend,original
"Why is it that in the history of mankind where people of all color, creed and cultures have found a way to rise out of the ashes of oppression for their self betterment and self preservation, EXCEPT for the blacks??????????????! WHY? Please enlighten me to this unknown phenomena.",1,history humanity people color creed culture path found rise ash oppression self-improvement self-preservation except black please illuminate unknown phenomenon,histori mankind peopl color creed cultur found way rise ash oppress self better self preserv except black pleas enlighten unknown phenomenon,back_translation
"He was Robbing the Store and Being a Big Man .
If you Play with Fire you Will Get Burnt .?
The Police Did His Job .",0,robbing store big man play fire get burnt police job,rob store big man play fire get burnt polic job,original
"So this is the ""Revolution""? Setting your own neighbourhood on fire... good job, burn down some suburbs where these cops live... how does making yourself homeless achive anything?",1,revolution setting fire in the neighborhood good job burn down suburban cop live making homeless people achieve anything,revolut set neighbourhood fire good job burn suburb cop live make homeless achiv anyth,back_translation
"Truth is. That the people need to realize and accept that Michael Browns actions brought him to the situation.
 The Bible says if justice is not served fast, do not put your justice and your own will. 
but people said 
""no justice, no peace""
 it's these words that awakes the Scriptures in my head. Deeply I can say that I cannot speak everything I wish to speak right now for it is too long. And I believe what I would say will come in its right time. ",0,truth people need realize accept michael brown action brought situation bible say justice served fast put justice people said justice peace word awakes scripture head deeply say cannot speak everything wish speak right long believe would say come right time,truth peopl need realiz accept michael brown action brought situat bibl say justic serv fast put justic peopl said justic peac word awak scriptur head deepli say cannot speak everyth wish speak right long believ would say come right time,original
"Plenty of white people do care, but when they have the exact same views as this woman they are deemed RACIST. I stopped caring",0,plenty white people care exact view woman deemed racist stopped caring,plenti white peopl care exact view woman deem racist stop care,original
"Only 1 out of 11,000 cases presented to a grand jury doesn't return an indictment. Apparently, the militarized police state gunning down an unarmed teen is that 1 time. Unevolved racists used to hide behind white hoods, now they hide behind computer screens & police badges. ",1,case presented grand jury doesnt return indictment apparently militarized police state gunning unarmed teen time unevolved racist used hide behind white hood hide behind computer screen police badge,case present grand juri doesnt return indict appar militar polic state gun unarm teen time unevolv racist use hide behind white hood hide behind comput screen polic badg,original
"They should have gotten the Fire Dept. with fire trucks and blast them this water jets, they'd get off!",1,gotten fire dept fire truck blast water jet theyd get,gotten fire dept fire truck blast water jet theyd get,original
"They should all be arrested for blocking a highway. If you want to protest, do it somewhere else.",0,arrested blocking highway want protest somewhere else,arrest block highway want protest somewher els,original
"My thought of this ""waste of skin' catching his just  desert at 3300fps wouldn't make me a popular guy with  the ""no free people allowed"" party. But I don't live on the bookends of this country. The rest of you libshits' would do yourselves justice to know the MAJORITY of Real Americans despise you in every way. Know It and own it. Every day you continue to exist is because ying must have yang motherjumper!",1,thought waste skin catching desert fps wouldnt make popular guy free people allowed party dont live bookend country rest libshits would justice know majority real american despise every way know every day continue exist ying must yang motherjumper,thought wast skin catch desert fp wouldnt make popular guy free peopl allow parti dont live bookend countri rest libshit would justic know major real american despis everi way know everi day continu exist ying must yang motherjump,original
"If the injustice was against white kids, would there be ANY excuse?",1,injustice white kid would excuse,injustic white kid would excus,original
Everyone is saying Micheal brown deserved it but what about treyvon Martin and Eric garner ,0,everyone saying micheal brown deserved treyvon martin eric garner,everyon say micheal brown deserv treyvon martin eric garner,original
this video is so racist,0,video racist,video racist,original
"man, it's stuff like this that really make me reconsider how the world would be if Hitler were alive? ",1,"man, things like really make the world reconsider, hitler would be alive",man stuff like realli make reconsid world would hitler aliv,back_translation
"so you want to shoot them, can hardly wait till one of your kids gets in trouble with the police and gets killed",1,"I want to shoot, I don't wait until a child is in trouble. The police are killed.",want shoot hardli wait till one kid get troubl polic get kill,back_translation
Time to test the police guns fire fire.,1,time test police gun fire fire,time test polic gun fire fire,original
All you people justifying murder are evil.,1,people justifying murder evil,peopl justifi murder evil,original
"Thats a real parent, a real mother. Nothing but real talk right there. She learned well from her mom.  A voice of truth in a sea of bullshit.",0,thats real parent real mother nothing real talk right learned well mom voice truth sea bullshit,that real parent real mother noth real talk right learn well mom voic truth sea bullshit,original
Massri needs an education.,1,massri need education,massri need educ,original
You whites are so racist always in comment section  . I'm so glad you whites are being exterminated . Another 100 years or so an there will be no whites . Peace on earth,1,white racist always comment section glad white exterminated another year white peace earth,white racist alway comment section glad white extermin anoth year white peac earth,original
CNN is such Bullcrap!,1,cnn nonsense,cnn bullcrap,back_translation
If you act like animals you get treated like animals,1,act like an animal be treated like an animal,act like anim get treat like anim,back_translation
"where is the nice lorry driver when you need him, should have just ran these fucks over.",1,nice lorry driver need ran fuck,nice lorri driver need ran fuck,original
"burn public storage, that makes sense..",0,burn public storage make sense,burn public storag make sens,original
internet trolling is at an all time high,0,internet trolling time high,internet troll time high,original
"This is the typical mindset of white people ( not all white people but most). He deserved it . So I say to you, people like Sean Hannity are feuling the fires of prejudice and racism. Don't let these people influence you. They want a race war so they can start marshall law.",1,typical mindset white people white people deserved say people like sean hannity feuling fire prejudice racism dont let people influence want race war start marshall law,typic mindset white peopl white peopl deserv say peopl like sean hanniti feul fire prejudic racism dont let peopl influenc want race war start marshal law,original
"YEah  You are right 1 white shot a  black all hell break  lose , black shot black no protest maybe if they start doing  protest on black shotting black , you can buy in thier story ,",1,yeah clear white shot black hell break lose black shot black protest maybe start protest black shot black buy your story,yeah right white shot black hell break lose black shot black protest mayb start protest black shot black buy thier stori,back_translation
"police dont try to shoot for legs, arms or other body parts to immobilize someone. every time an officer has to fire their weapon it's because they are using deadly force. they're trained to aim at centre mass, not for other parts of the body.",0,police dont try shoot leg arm body part immobilize someone every time officer fire weapon using deadly force theyre trained aim centre mass part body,polic dont tri shoot leg arm bodi part immobil someon everi time offic fire weapon use deadli forc theyr train aim centr mass part bodi,original
death ti the white devil,1,death white devil,death white devil,original
Isn't this the dude who got knocked out and had his phone stolen in Ferguson?,0,isnt dude got knocked phone stolen ferguson,isnt dude got knock phone stolen ferguson,original
"""I can believe whatever I wanna believe, I don't care what any of them have to say.""
Bassem Masri, you are an idiot.",1,believe what you want to believe I don't mind saying bassem masri idiot,believ whatev wanna believ dont care say bassem masri idiot,back_translation
"Glad these protestors affect so many people, gives the public more reasons to hate them",1,glad protestors affect many people give public reason hate,glad protestor affect mani peopl give public reason hate,original
"Bottom line: Michael Brown was a drug addict criminal, a violent criminal.
So why should anyone feel bad he got killed, unless you're a criminal yourself?",1,"In short, Michael Brown, drug addict, criminal, violent criminal, anyone feels bad, they killed him unless you are a criminal.",bottom line michael brown drug addict crimin violent crimin anyon feel bad got kill unless your crimin,back_translation
awnser to 24:15 question aim for the leg ,0,awnser question aim leg,awnser question aim leg,original
Police cleaned that mess up quick! Nice.,1,police cleaned mess quick nice,polic clean mess quick nice,original
"Good job guys, you just raised your own taxes!!",0,good job guy raised tax,good job guy rais tax,original
"There's a lot more drivers there, they should have banded together and collectively beat the living shit out of every one of those little pricks.",1,There are many united drivers who beat up all the little idiots.,there lot driver band togeth collect beat live shit everi one littl prick,back_translation
Wow.. Think I'm going to buy a bullet proof vest..shit! if your black it's like everybody is tryin' to shoot you.!,1,"Wow, I think I'm going to buy a bulletproof vest, you black shit, like everyone's trying to shoot.",wow think go buy bullet proof vestshit black like everybodi tryin shoot,back_translation
"If blacks want respect, then speak, act, and dress like the Huxtable family. You want to be treated with prejudice then speak, act and dress like known gangsters, steal things, act like you own the street!",1,black want respect talk act dress like huxtable family want treaty prejudice talk act dress like acquaintance gangster steal thing act like street,black want respect speak act dress like huxtabl famili want treat prejudic speak act dress like known gangster steal thing act like street,back_translation
"Leave the video. Sometimes the truth hurts.
Thank you for posting the video.",0,leave video sometimes truth hurt thank posting video,leav video sometim truth hurt thank post video,original
"You ""need to be able to call in people with guns in CA"" because the citizens are completely disarmed :) That North Hollywood Bank Heist would have been much shorter in cities where people havent been stripped of their 2nd ammendment rights...",1,I need to be able to call people gun completely unarmed citizen bank robbery in North Hollywood would be much shorter the people of the city have not stripped the right of the amendment,need abl call peopl gun citizen complet disarm north hollywood bank heist would much shorter citi peopl havent strip ammend right,back_translation
Why didn't they interview the constitution workers??? Who where caught on tape saying why did u shot he had his hands up,0,didnt interview constitution worker caught tape saying shot hand,didnt interview constitut worker caught tape say shot hand,original
"Sure...they totally looked at FACTUAL evidence during that trial...

More like special treatment. BUT HEY, we all knew that was going to happen, didn't we?",1,"Sure, it seemed like objective evidence from the trial as if it were special treatment, they knew it was going to happen, but it wasn't like that.",surethey total look factual evid trial like special treatment hey knew go happen didnt,back_translation
This Muslim man does not have anything in mind of peace. He wants to stir up dissonance and trouble among Americans by using racist accusations . THAT IS HIS MAN GOAL.,1,muslim man anything mind peace want stir dissonance trouble among american using racist accusation man goal,muslim man anyth mind peac want stir disson troubl among american use racist accus man goal,original
I love her. Every thug deserves a slug,1,love every thug deserves slug,love everi thug deserv slug,original
all you white immigrants need to go back to Europe and tbh native Americans we're here before the European settlers came over on there boats,1,"White immigrant needs to return to Europe to be honest, Native American European settler came by boat",white immigr need back europ tbh nativ american european settler came boat,back_translation
Masri is unemployed,1,unemployed masri,masri unemploy,back_translation
"They don't want justice.  Here you see a mob mentality in action.  He's guilty no matter what the Grand Jury says, no matter what the evidence says, let's just hang him from the nearest tree.  What about the officers rights?   They need to learn to speak proper English and get a job.  Who's the bigger racest?  If a white crowd did that they would all be in jail.",1,dont want justice see mob mentality action he guilty matter grand jury say matter evidence say let hang nearest tree officer right need learn speak proper english get job who bigger racest white crowd would jail,dont want justic see mob mental action he guilti matter grand juri say matter evid say let hang nearest tree offic right need learn speak proper english get job who bigger racest white crowd would jail,original
"I wonder how you would twist Slavery.....The Truth about 400 years of slavery, you are so one sided, I bet that FOX NEWS pay you off the record",0,wonder would twist slaverythe truth year slavery one sided bet fox news pay record,wonder would twist slaveryth truth year slaveri one side bet fox news pay record,original
"I don't give a fuck what it is they're protesting about. DON'T BLOCK FUCKING TRAFFIC YOU CUNTS. Why piss on everyone else's day? Honestly such cunts. There should be a law where if you intentionally block traffic, drivers reserve the right to run you the fuck over. It's just quickening the Darwinism process anyway.",1,dont give fuck theyre protesting dont block fucking traffic cunt piss everyone elses day honestly cunt law intentionally block traffic driver reserve right run fuck quickening darwinism process anyway,dont give fuck theyr protest dont block fuck traffic cunt piss everyon els day honestli cunt law intent block traffic driver reserv right run fuck quicken darwin process anyway,original
08:10 dat mask tho....,0,dat mask tho,dat mask tho,original
Anna is a dumb ass n Joe rogan has no clue what he is saying...Anna go do porn or something n leave this job to some one more intelligent.,1,Dumb Anna like Joe Rogan track saying Anna porn something quit work one smart,anna dumb as joe rogan clue sayinganna porn someth leav job one intellig,back_translation
"Add another imbecile to the bunch, reporter is a incompetent bastard",1,add another group of morons incompetent bastard reporters,add anoth imbecil bunch report incompet bastard,back_translation
"wouldve just brought my AR-15 and that wouldve done the job
dont care if i went to jail those nogs would deserve it",1,wouldve brought wouldve done job dont care went jail nog would deserve,wouldv brought wouldv done job dont care went jail nog would deserv,original
"OMG! IT'S A TERRORIST! AN ISIS UNDERCOVER-AGENT! What are you doing, Americans???? ARREST HIM!",1,OMG terrorist isi undercover agent arrest american,omg terrorist isi undercoverag american arrest,back_translation
"stop being criminals and you wont get shot, that simple",1,stop criminal wont get shot simple,stop crimin wont get shot simpl,original
"does this guy riot before or after work? Orrrr, let me guess he fucks off all day doing nothing.",1,guy riot work orrrr let guess fuck day nothing,guy riot work orrrr let guess fuck day noth,original
Yea fuck that store clerk to! how dare he try to do his job.,1,"Yes, damn it, store clerk, dare to try to work.",yea fuck store clerk dare tri job,back_translation
I was with this till he started advocating 2 parent families in 'black' communities and totally lost me from there.,0,till started advocating parent family black community totally lost,till start advoc parent famili black commun total lost,original
The cop had a fractured eye socket and the fist two shots were fired from a bottom position inside the cop car from a guy who was about to be brought in on a second degree murder charge,0,cop fractured eye socket fist two shot fired bottom position inside cop car guy brought second degree murder charge,cop fractur eye socket fist two shot fire bottom posit insid cop car guy brought second degre murder charg,original
"Seriously, YouTube?  Go FUCK yourself.  I find a comment on my Android phone I want to reply to, but OF COURSE I can't scroll, copy or paste while posting a comment on an android device because it's only fucking almost 2015 and our technology just isn't able to handle such a mountainous task!  So I hop on the computer and try looking for the goddamned comment but OF COURSE the comment system on YouTube is just SO beyond fucked up that searching for a comment is completely impossible!  An HOUR LATER and I still can't find the fucking thing.  I have to search for the string ""read more"" and then click on every single stupid fucking comment, to expand them all, before I can THEN search for a piece of the comment that I want to find, from a phrase I can remember.  AND THAT'S after having to click on every fucking ""view all xxx comments"" and expand THOSE!  And then, if by some MIRACLE OF CHRIST ALFUCKINGMIGHTY, I actually FOUND the piece of shit comment by some moron who it wouldn't even matter if I replied because he's a thick-skulled inbred troglodytic fucknut anyway?  It'd automatically scroll me down 200 pages of comments right after I clicked ""reply"" so I couldn't copy, paste, quote, etc., without having to scroll up and down for an hour because GOD FORFUCKINGBID the reply box was right underneath the ACTUAL comment I was replying to.",1,seriously youtube fuck find comment android phone want reply course cant scroll copy paste posting comment android device fucking almost technology isnt able handle mountainous task hop computer try looking goddamned comment course comment system youtube beyond fucked searching comment completely impossible hour later still cant find fucking thing search string read click every single stupid fucking comment expand search piece comment want find phrase remember thats click every fucking view xxx comment expand miracle christ alfuckingmighty actually found piece shit comment moron wouldnt even matter replied he thickskulled inbred troglodytic fucknut anyway itd automatically scroll page comment right clicked reply couldnt copy paste quote etc without scroll hour god forfuckingbid reply box right underneath actual comment replying,serious youtub fuck find comment android phone want repli cours cant scroll copi past post comment android devic fuck almost technolog isnt abl handl mountain task hop comput tri look goddamn comment cours comment system youtub beyond fuck search comment complet imposs hour later still cant find fuck thing search string read click everi singl stupid fuck comment expand search piec comment want find phrase rememb that click everi fuck view xxx comment expand miracl christ alfuckingmighti actual found piec shit comment moron wouldnt even matter repli he thickskul inbr troglodyt fucknut anyway itd automat scroll page comment right click repli couldnt copi past quot etc without scroll hour god forfuckingbid repli box right underneath actual comment repli,original
"Thank you Stefan, well put",0,thank stefan well put,thank stefan well put,original
"another bulllsship vice documentary that doesnt focus on any facts, just idiots with no jobs who are venting their own racist paranoia",1,another bulllsship vice documentary doesnt focus fact idiot job venting racist paranoia,anoth bulllsship vice documentari doesnt focu fact idiot job vent racist paranoia,original
"OMG! She is putting it all out there, telling the truth. It's hard, but it's true.",0,omg putting telling truth hard true,omg put tell truth hard true,original
to bad those weapons were not discharged,1,bad unloaded weapon,bad weapon discharg,back_translation
The one thing that I think people forget most about the riots in Ferguson.... Is the human combat. It's minds are so wrapped up in the race and not focused enough on the people. ,0,one thing think people forget riot ferguson human combat mind wrapped race focused enough people,one thing think peopl forget riot ferguson human combat mind wrap race focus enough peopl,original
"You're the man, Stefan!",0,youre man stefan,your man stefan,original
If it was me I would have just kept going if you get hit you get hit I'd slowly push my way through ppl  who did that need to grow the fuck up,1,would keep getting hit get hit slowly push towards people need to grow up fuck,would kept go get hit get hit slowli push way ppl need grow fuck,back_translation
ALSO LOVE HOW THEY ONLY SHOW PICTURES OF BROWN AS AN ANGEL AND NOT AS A TUG.,1,also love show picture brown angel tug,also love show pictur brown angel tug,original
"Truth delivered with the courage of conviction, not political correctness reaches the hearts and minds of the honest, productive and hard-working people. This lady says it like it is.",0,truth delivered courage conviction political correctness reach heart mind honest productive hardworking people lady say like,truth deliv courag convict polit correct reach heart mind honest product hardwork peopl ladi say like,original
"Bassem Masri is a criminal, a thug and a psychopath. He has no credibility, and no humanity. He needs to be locked in a jail cell. Time for the rubber-room and straight-jacket for Bassem. Get his intellectually dishonest butt out of the community. ",1,bassem masri criminal thug psychopath credibility humanity need locked jail cell time rubberroom straightjacket bassem get intellectually dishonest butt community,bassem masri crimin thug psychopath credibl human need lock jail cell time rubberroom straightjacket bassem get intellectu dishonest butt commun,original
*Tips hat to this class A lady. Well spoken!,0,tip hat class lady well spoken,tip hat class ladi well spoken,original
You guys have to love this guy he spends 10 minutes telus how to roll a blunt,0,guy love guy spends minute telus roll blunt,guy love guy spend minut telu roll blunt,original
i find this satisfying for some reason,1,find satisfying reason,find satisfi reason,original
some of us have jobs you fucking losers. Get out of our way,1,job fucking loser get way,job fuck loser get way,original
don't get why the cops are armed for civil war ... machine guns against unarmed  civilians throwing bricks... fuck the united states. the people of america must free themselves from oppression !! ,1,dont get cop armed civil war machine gun unarmed civilian throwing brick fuck united state people america must free oppression,dont get cop arm civil war machin gun unarm civilian throw brick fuck unit state peopl america must free oppress,original
"Stefan Molyneux, please explain how my inquiry about the handling of the subsequent unrest is ""circular language games""? A pretty simple and straightforward question that you seem to be avoiding in a very unnecessarily hostile manner. What is the justification for the heavy-handed militaristic response to looting? Why would officials handling the situation there decide initially to block access to the area by media? I have a family member that lives in that area and he can attest to the unprofessionalism and hostility from the law enforcement that was handling it early on. If I'm incorrect on this info please direct toward some facts regarding this. I still do not understand why you went straight to attacking me. I have respect for your logic...when you're willing to share it. Thank you in advance, hopefully you wont continue to insult me for whatever reason you chose.",0,stefan molyneux please explain inquiry handling subsequent unrest circular language game pretty simple straightforward question seem avoiding unnecessarily hostile manner justification heavyhanded militaristic response looting would official handling situation decide initially block access area medium family member life area attest unprofessionalism hostility law enforcement handling early incorrect info please direct toward fact regarding still understand went straight attacking respect logicwhen youre willing share thank advance hopefully wont continue insult whatever reason chose,stefan molyneux pleas explain inquiri handl subsequ unrest circular languag game pretti simpl straightforward question seem avoid unnecessarili hostil manner justif heavyhand militarist respons loot would offici handl situat decid initi block access area medium famili member life area attest unprofession hostil law enforc handl earli incorrect info pleas direct toward fact regard still understand went straight attack respect logicwhen your will share thank advanc hope wont continu insult whatev reason chose,original
"0:05 to 0:18 I had no idea cops mooed, I always thought they just oinked. Learn something new every day",1,idea cop mooed always thought oinked learn something new every day,idea cop moo alway thought oink learn someth new everi day,original
I think I just fell in love.,0,think fell love,think fell love,original
Should have dealt with them with force,0,dealt force,dealt forc,original
"Haha 4:37 a big old ""Fucking"" made it through the censor",0,haha big old fucking made censor,haha big old fuck made censor,original
For an inanimate object that police car was very resilient to getting completely flipped over and set on fire.,0,inanimate object police car resilient getting completely flipped set fire,inanim object polic car resili get complet flip set fire,original
"These people are stupid as fuck , they would't be doing this if they had work at 7am. These is their idea of fun because they're losers and have nothing better to do. Oh yeah and great work burning down that auto place no a few more people are unemployed and cannot provide for their family. Great work , all this because the police shot some criminal who happened to be black. These people are the definition of sheep , there in not one individual thinker among them. ",1,people stupid fuck wouldt work idea fun theyre loser nothing better yeah great work burning auto place people unemployed cannot provide family great work police shot criminal happened black people definition sheep one individual thinker among,peopl stupid fuck wouldt work idea fun theyr loser noth better yeah great work burn auto place peopl unemploy cannot provid famili great work polic shot crimin happen black peopl definit sheep one individu thinker among,original
"LOL, trayvon's online name was ""nolimitnigga"". how is it again people got mad that a piece of human trash like that got shot?",1,lol trayvons online name nolimitnigga people got mad piece human trash like got shot,lol trayvon onlin name nolimitnigga peopl got mad piec human trash like got shot,original
"Fuck this stupid ass generation. Id like to apologize for my generation. I agree with peoples right to protest, speak, etc. 

But for the love of GOD don’t mess with people that didn’t do anything. Get petitions signed, write the government. 

Why you gotta fuck up everyone’s day",1,"fuck stupid like generation like apologize generation agree people are right protest speak etc. Love God, don't get involved, the people didn't do anything, they got the petition signed, write, the government has to screw up everyone's day.",fuck stupid as gener like apolog gener agre peopl right protest speak etc love god dont mess peopl didnt anyth get petit sign write govern gotta fuck everyon day,back_translation
"I like how the begining, it was peaceful, and now even the fucking reporter is wearing armor XD",1,how to start peaceful even fucking reporter in armor,like begin peac even fuck report wear armor,back_translation
This Muslim man does not have anything in mind of peace. He wants to stir up dissonance and trouble among Americans by using racist accusations . THAT IS HIS MAN GOAL.,1,Muslim man anything mind peace wants to cause dissonance problems among Americans using racist accusation target of man,muslim man anyth mind peac want stir disson troubl among american use racist accus man goal,back_translation
It should be a law if there a protesters blocking the street you should be leagaly allowed to run them over,1,law protester blocking street leagaly allowed run,law protest block street leagali allow run,original
What a stupid arab. Police shoot to apprehend? Lmao That's not how it works when they are being attacked!,1,stupid arab police shoot and arrest lmao that's work attacked,stupid arab polic shoot apprehend lmao that work attack,back_translation
The major difference between the Zimmerman case and this one is that the shooter Zimmerman's name was not withheld and he was taken into custody.  News media were able to document Zimmerman's injuries immediately.  This case was handled horribly by a lack of immediate transparency.   Because even if everything is true from the PO it will be questioned as a cover-up.  Also the community has a history of Police abuse and missing videos after alleged abuse has occurred.  The response to media and peaceful protesters also showed a complete lack of understanding about escalation.  Unlike authorities dealing with potential Zimmerman looting and riots PD in this case attacked protesters rather than station themselves near looting targets to protect businesses.  Criminals will always take the opportunity of distractions like storms or blackout or protests to loot.  Authorities know this.  And they know it is great propaganda against protesters who are seen as the cause of the looting rather than the PD who failed to protect businesses.  It also illustrates why the 2nd Amendment is so valuable.  Business owners that depended on PD for protection got looted while business owners that depended on themselves and their right to bear arms were not looted. ,0,major difference zimmerman case one shooter zimmermans name withheld taken custody news medium able document zimmermans injury immediately case handled horribly lack immediate transparency even everything true questioned coverup also community history police abuse missing video alleged abuse occurred response medium peaceful protester also showed complete lack understanding escalation unlike authority dealing potential zimmerman looting riot case attacked protester rather station near looting target protect business criminal always take opportunity distraction like storm blackout protest loot authority know know great propaganda protester seen cause looting rather failed protect business also illustrates amendment valuable business owner depended protection got looted business owner depended right bear arm looted,major differ zimmerman case one shooter zimmerman name withheld taken custodi news medium abl document zimmerman injuri immedi case handl horribl lack immedi transpar even everyth true question coverup also commun histori polic abus miss video alleg abus occur respons medium peac protest also show complet lack understand escal unlik author deal potenti zimmerman loot riot case attack protest rather station near loot target protect busi crimin alway take opportun distract like storm blackout protest loot author know know great propaganda protest seen caus loot rather fail protect busi also illustr amend valuabl busi owner depend protect got loot busi owner depend right bear arm loot,original
Move or be tazed then arrested.,0,move tazed arrested,move taze arrest,original
5:53 did you see that brick hit that white pig on his helmet. Lmao. Nice shot. Should of hit his face,1,see brick hit white pig helmet lmao nice shot hit face,see brick hit white pig helmet lmao nice shot hit face,original
"Blacks are able to do this because it was White people in rush hour traffic coming home from a job! They bring their lazy asses out from watching TV and getting high to fuck with the very people providing their welfare. Yea, these White people are the same who sit on juries that rule on po-lice brutality and shootings. Piss them off. I'm SO sure you're getting them to see your side of the story!",1,black able white people rush hour traffic coming home job bring lazy ass watching getting high fuck people providing welfare yea white people sit jury rule police brutality shooting piss sure youre getting see side story,black abl white peopl rush hour traffic come home job bring lazi ass watch get high fuck peopl provid welfar yea white peopl sit juri rule polic brutal shoot piss sure your get see side stori,original
How the did he get shot 3 times in the inside of his right arm and once in the palm of his hand if he didn't have his hands in a surrender position? That's not consistent with him charging an officer. It consistent with eye witness accounts who said he was surrendering.,0,get shot time inside right arm palm hand didnt hand surrender position thats consistent charging officer consistent eye witness account said surrendering,get shot time insid right arm palm hand didnt hand surrend posit that consist charg offic consist eye wit account said surrend,original
THANK YOU! right on.black people are going to vote 100% democrat this year.thats what all of this race baiting is all about.democrats are rallying their base.smh,0,thank right onblack people going vote democrat yearthats race baiting aboutdemocrats rallying basesmh,thank right onblack peopl go vote democrat yearthat race bait aboutdemocrat ralli basesmh,original
pepper spray the cunts. They will run.,1,pepper spray pussy cum,pepper spray cunt run,back_translation
While i dont agree with police action to kill the boy but that does not mean you can protest by looting and destroying your own neighbourhood. That is stupid because it makes people don't want to support your struggle.,0,dont agree police action kill boy mean protest looting destroying neighbourhood stupid make people dont want support struggle,dont agre polic action kill boy mean protest loot destroy neighbourhood stupid make peopl dont want support struggl,original
Run them over. Ignorant fucks the world will do better without them,1,run ignorant fuck world better without,run ignor fuck world better without,original
@12:25 LMFAO,0,lmfao,lmfao,original
"Dear Grindahz (AKA the pot who called the kettle black):
     Spelling List,  Week 1:
1.  whether
2.  weather
3.  there
4.  their
5.  they're
6.  way
7.  weigh
8.  Ferguson
9.  stupid
10. hypocrite
Stay tuned for Grammar, Lesson 1, & Punctuation, Lesson 1.",0,dear grindahz aka pot called kettle black spelling list week whether weather theyre way weigh ferguson stupid hypocrite stay tuned grammar lesson punctuation lesson,dear grindahz aka pot call kettl black spell list week whether weather theyr way weigh ferguson stupid hypocrit stay tune grammar lesson punctuat lesson,original
"not once did obama show hos face in these cities ,yet they supported him......sad",0,obama show ho face city yet supported himsad,obama show ho face citi yet support himsad,original
Can anyone tell me why it is racist if a white man shoots a black man? Is it not racist when black man shoots a white man? Why do these cases turn instantly into racist ones it makes no sense.,0,anyone tell racist white man shoot black man racist black man shoot white man case turn instantly racist one make sense,anyon tell racist white man shoot black man racist black man shoot white man case turn instantli racist one make sens,original
"it''s freaking 2014 and some people are still racist, police are still awful ",1,damn people they are still racist police they are still horrible,freak peopl still racist polic still aw,back_translation
"I do not really care to much for some cops but somebody tell this dumb ass girl 1,600 unarmed white people every year are killed by blacks & 3 weeks ago a BLACK COP shot a unarmed white man in salt lake city & 50% of all crime is committed by blacks I can understand some crimes are poverty related but in 2009 AD over 10,000 white women were raped by blacks FBI REPORTS what the fuck does rape have to do with being poor??? Answer nothing & anyone who rapes someone should be hanged by the neck until dead.",1,really care much cop somebody tell dumb as girl unarmed white people every year killed black week ago black cop shot unarmed white man salt lake city crime committed black understand crime poverty related white woman raped black fbi report fuck rape poor answer nothing anyone rape someone hanged neck dead,realli care much cop somebodi tell dumb as girl unarm white peopl everi year kill black week ago black cop shot unarm white man salt lake citi crime commit black understand crime poverti relat white woman rape black fbi report fuck rape poor answer noth anyon rape someon hang neck dead,original
"Your ""gentle giant"" seems to have robbed a store and later assaulted an armed police officer! So much for the school boy look you were hoping for, thug life comes with a high price.",1,gentle giant seems robbed store later assaulted armed police officer much school boy look hoping thug life come high price,gentl giant seem rob store later assault arm polic offic much school boy look hope thug life come high price,original
"Those dumb fucks, screwing fellow citizens over instead of protesting against the police. 🤦‍♂️",1,dumb fuck screwing fellow citizen instead protesting police,dumb fuck screw fellow citizen instead protest polic,original
Lol. This is what happens when the greedy rich slime keep the masses uneducated & ignorant. Now deal with the stupid that you created. Trying to reason with the irrational is an exercise in futility. Get the popcorn ready bc it's about to boil over. If you fall for the talk you will fall just walking. ,1,lol happens greedy rich slime keep mass uneducated ignorant deal stupid created trying reason irrational exercise futility get popcorn ready boil fall talk fall walking,lol happen greedi rich slime keep mass uneduc ignor deal stupid creat tri reason irrat exercis futil get popcorn readi boil fall talk fall walk,original
"This is a genuine failure of leadership by the President of the United States.  This nice town, Ferguson, should have been declared a state of emergency. It should have been put under martial law, federal troops should have stuffed the town, and non-residents should have been pushed out.  Everyone knew there was going to be another riot.  But...what did the President do?  He didn't want to offend the black community. He didn't want anyone else to get shot.  So he just let 'er burn baby burn.  Seems to me, that a real leader could have had it both ways.  Mr. President, sir, you have failed reprehensibly - and I do accuse you.﻿",1,genuine failure leadership president united state nice town ferguson declared state emergency put martial law federal troop stuffed town nonresident pushed everyone knew going another riot butwhat president didnt want offend black community didnt want anyone else get shot let burn baby burn seems real leader could way president sir failed reprehensibly accuse,genuin failur leadership presid unit state nice town ferguson declar state emerg put martial law feder troop stuf town nonresid push everyon knew go anoth riot butwhat presid didnt want offend black commun didnt want anyon els get shot let burn babi burn seem real leader could way presid sir fail reprehens accus,original
"Over 450 people get killed by cops in the USA every year. If cop would kill so many in my country i would be on the streat an protest no matter if the dead man is white or black.
But in the comments here are so many white people that dont give a fuck about a dead black man.
I dont get it, every unnecessary dead should mater.",1,they kill people police USA every year the police would kill many countries they would deal with the protest issue dead white man black comment many white people don't give a damn dead black man don't get all the unnecessary deaths,peopl get kill cop usa everi year cop would kill mani countri would streat protest matter dead man white black comment mani white peopl dont give fuck dead black man dont get everi unnecessari dead mater,back_translation
"lol, ""shoot to apprehend"". He is an idiot.",1,hahaha shoot apprehend idiot,lol shoot apprehend idiot,back_translation
"OMG Stefan that rap was so hysterical. anyway, good news I guess, to know that whatshisname is douche and deserved to die.

Premptive strike made by Officer Darren Wilson. Huzzah for another trash taken off the streets. Probably should cure the disease rather than treat the symptoms though. the disease being the ignorance and self-entitlement of some communities in the lower class. Getting out of poverty isnt easy if your starting point isnt easy, but its still feasible with the right amount of drive.",1,omg stefan rap hysterical anyway good news guess know whatshisname douche deserved die premptive strike made officer darren wilson huzzah another trash taken street probably cure disease rather treat symptom though disease ignorance selfentitlement community lower class getting poverty isnt easy starting point isnt easy still feasible right amount drive,omg stefan rap hyster anyway good news guess know whatshisnam douch deserv die premptiv strike made offic darren wilson huzzah anoth trash taken street probabl cure diseas rather treat symptom though diseas ignor selfentitl commun lower class get poverti isnt easi start point isnt easi still feasibl right amount drive,original
"
Dont you reckon them 'black lives matter' banners being held by white cunts is  kinda patronizing and ironically racist. could they have not come up with somethin better.. or is it just what white folks do to give them selves pride. 'ooo look at me im being nice for the black people' why does it always have to be about race actually the whole world is pussyfootin around for fear of being racist. its fuckin daft man.",1,don't consider black lives matter banner held white pussy a little condescending ironically racist there could be something better white people take pride ooo look good black people always run actually the whole world with white feet around racist fear fucked dumb man,dont reckon black life matter banner held white cunt kinda patron iron racist could come somethin better white folk give self pride ooo look nice black peopl alway race actual whole world pussyfootin around fear racist fuckin daft man,back_translation
Tear gas against the Geneva Convention???? HAHAHAHAHAHAHAH.,1,tear gas geneva convention hahahahahahahah,tear ga geneva convent hahahahahahahah,original
Not one pair of work boots was stolen in the ferguson riots.,1,a pair of stolen ferguson riot work boots,one pair work boot stolen ferguson riot,back_translation
"LOL, trayvon's online name was ""nolimitnigga"". how is it again people got mad that a piece of human trash like that got shot?",1,lol trayvons name online nolimitnigga people got angry piece of human trash like they shot him,lol trayvon onlin name nolimitnigga peopl got mad piec human trash like got shot,back_translation
All liberal nonsense,1,liberal nonsense,liber nonsens,back_translation
"Dear Peggy, can you please be all of our Mother and run for president?",0,dear peggy please mother run president,dear peggi pleas mother run presid,original
"As I watched I kept muttering shoot, shoot, pull the trigger. Rubber bullets hurt like a MFer.",1,observed continued muttering shoot shoot pull the trigger rubber bullet wounded as mfer,watch kept mutter shoot shoot pull trigger rubber bullet hurt like mfer,back_translation
Too much logic and intelligence.  She must be mixed race with some intelligent white DNA in her.,1,much logic intelligence must mixed race intelligent white dna,much logic intellig must mix race intellig white dna,original
If I ever get in a situation where I can run these assholes over...*I WILL*,1,ever get situation run asshole overi,ever get situat run asshol overi,original
"I'm at this point where I think if a cop points a gun at me I should just, you know, do as I'm told, that something I did provoked that.",0,point think cop point gun know told something provoked,point think cop point gun know told someth provok,original
Who is going to pay the store owner for the cigars Big Gigantic Mike stole?,0,going pay store owner cigar big gigantic mike stole,go pay store owner cigar big gigant mike stole,original
Is there something wrong with the audio?,0,something wrong audio,someth wrong audio,original
Once again molyneux spreads complete information that is complete garbage.,1,molyneux spread complete information complete garbage,molyneux spread complet inform complet garbag,back_translation
Do any of these protestors work for a living??  where do they get the (time) to do all this....,0,protestors work living get time,protestor work live get time,original
95% of the policing problem being protested here is caused by black criminals.  Let's not forget to blame and address the elephant in the room.,1,police problem protested caused criminal black let forget blame direction room elephant,polic problem protest caus black crimin let forget blame address eleph room,back_translation
"Stats don`t represent the problem. Race baiting and attitude is. Who`s doing the crimes ? Ohh I bet Trayvon is still the little innocent boy too. Don`t speak with a lisp, a sure sign of a left wing democrat ! ",1,statistics aren't the problem race-baiting attitude who crime ohh bet trayvon still little innocent kid don't talk lisp safe leftist democrat sign,stat dont repres problem race bait attitud who crime ohh bet trayvon still littl innoc boy dont speak lisp sure sign left wing democrat,back_translation
Well done 👍,0,well done,well done,original
Vile cunt,1,vile pussy,vile cunt,back_translation
This is REAL black leadership. Real revolutionary radicalism!,0,real black leadership real revolutionary radicalism,real black leadership real revolutionari radic,original
"These people just don't get it, if you don't want to get shot don't act like a thug then threaten a police officer, just effin ridiculous.  Just an excuse to act like assholes...

Oh and good job destroying your own city.",1,people dont get dont want get shot dont act like thug threaten police officer effin ridiculous excuse act like asshole good job destroying city,peopl dont get dont want get shot dont act like thug threaten polic offic effin ridicul excus act like asshol good job destroy citi,original
"For all you people saying the cop was justified heres a new video with more witnesses saying Mr Brown had his hands up. 

http://www.cnn.com/2014/09/10/us/ferguson-michael-brown-shooting-witnesses/",0,people saying cop justified here new video witness saying brown hand,peopl say cop justifi here new video wit say brown hand,original
"Did he really say trevon martin brought watermelon and skittles to make lean? Lol yo white ppl will say aaannnyything to make blk ppl look a certain way other then the truth..even if trevon said he was a no limit nigga so the fuck what,kids say dumb things all the time, i once said i was batman lol and? They sicken me an will make up any kind of excuse..why dont u talk about the second video tbat came out 2 years after the mike brown situation an how the cops said they didnt think it was important but it showed that mike made a trade with the store owner so there was no robbery lol how about u talk about the corruption with the police and media for withholding information?",1,i really say trevon martin brought watermelon skittle make lean lol white people say aaannnyything make black people look a certain way trueeven trevon said limit nigga fuck what kids say nonsense time said batman hahaha sick make nice excuse why not talk second video that wine the year mike brown situation the cop said he didn't think important showed mike did trade store owner robbery haha ​​talk corruption middle police withhold information,realli say trevon martin brought watermelon skittl make lean lol white ppl say aaannnyyth make blk ppl look certain way trutheven trevon said limit nigga fuck whatkid say dumb thing time said batman lol sicken make kind excusewhi dont talk second video tbat came year mike brown situat cop said didnt think import show mike made trade store owner robberi lol talk corrupt polic medium withhold inform,back_translation
"Must be nice looting, protesting, rioting, and burning stuff down in the middle of the night when you don't have to get up to go to work the next day",1,must nice looting protesting rioting burning stuff middle night dont get work next day,must nice loot protest riot burn stuff middl night dont get work next day,original
"This delusional moron's anger is ONLY justified if Mike was, indeed, unjustly killed. If, on the other hand, Mike was a malicious person, and the shooting was justified, then all the rioting is not justified. NO ONE can know what happened there that day, so any riots are taking place on the basis of assumptions. ",1,delusional imbecile anger justified microphone fact unjustly murdered hand microphone malicious person shooting riot justified justified one know happened day riot taking place basis assumption,delusion moron anger justifi mike inde unjustli kill hand mike malici person shoot justifi riot justifi one know happen day riot take place basi assumpt,back_translation
This 18-year-old was just another useless negro who could barely pass inner-city high school. I'm glad he was shot dead on the street like a dog.﻿,1,yearold another useless negro could barely pas innercity high school glad shot dead street like dog,yearold anoth useless negro could bare pa innerc high school glad shot dead street like dog,original
"All you have to do is drive slowly towards them.  If they're smart, they'll get out of the way.",1,drive slowly towards theyre smart theyll get way,drive slowli toward theyr smart theyll get way,original
"They are protecting and serving us, from people like Michael Brown. The guy deserved to be killed, cry more about it...",1,protect serve people like michael brown boy deserved to cry dead,protect serv peopl like michael brown guy deserv kill cri,back_translation
cops = pigs,1,cop pig,cop pig,original
"Us police logic, ""Shit its a brick, Shoot them all, Quick call the army nuke them all!""",1,police logic shit brick shoot quick call army nuke,polic logic shit brick shoot quick call armi nuke,back_translation
Dats tuff,0,dat tuff,dat tuff,original
run them over,1,run,run,original
"Right on!!! Finally some Sane opinion on this event! These Black bastards are soooooooooo IGNORANT!!! Running around yelling and looting and carrying on, just like in LA Riots.... Same old shit",1,right finally sane opinion event black bastard soooooooooo ignorant running around yelling looting carrying like riot old shit,right final sane opinion event black bastard soooooooooo ignor run around yell loot carri like riot old shit,original
Shibby dibby ignoramus ass bitch,1,shibby dibby ignorant as a bitch,shibbi dibbi ignoramu as bitch,back_translation
"Maybe I don't know the exact story and such , but from what I understood this is supposed to be a case of a grown man shooting a kid . This ain't supposed to be racial , you guys are letting in on your hate , whether you are anti black or anti white or w.e , and you seem to be forgetting what is going on here . A police officer shot an innocent kid . THAT'S IT . Want justice for THAT , not for your fckin race . The moment you pick a race , a side you have become a fckin joke . I dont give a rats ass about how many blacks have killed whites and vice versa , what I want to know is why the fck is that POLICE OFFICER walking it off free after emptying his motherfckin gun in a CHILD . ",1,maybe i don't know the exact story understood case supposed adult man shooting child not supposed to be a racial guy letting hate yes anti black anti white seems to forget to go police officer shot innocent child that wants justice damn career moment choose side of race become a damn joke don't give rat to so many blacks murdered whites vice versa wants to know fuck police officer walking free emptying son of a bitch gun,mayb dont know exact stori understood suppos case grown man shoot kid aint suppos racial guy let hate whether anti black anti white seem forget go polic offic shot innoc kid that want justic fckin race moment pick race side becom fckin joke dont give rat as mani black kill white vice versa want know fck polic offic walk free empti motherfckin gun child,back_translation
This video is so biased and full of shit.,1,video biased full shit,video bias full shit,original
Welcome to New World Order.,1,welcome new world order,welcom new world order,back_translation
"okay blacklivesmovent thugs  stop with this carp u wanna stand up for a murder but yet a child died by gettin shoot in the cheast all becasue u all wanna act like the plant of the apes movie all because of this excuse me black are killing other blacks and u wanna come after cops and white ppl  and call us names , rastist names all because u  dont get it try lisening to the lawa obeying the the law and stop shooting  inncent ppl  for you own  benfits all of u guys killing other ppl need to be in  jail,",1,okay blacklivesmovent thug stop carp wanna stand murder yet child died gettin shoot cheast becasue wanna act like plant ape movie excuse black killing black wanna come cop white ppl call name rastist name dont get try lisening lawa obeying law stop shooting inncent ppl benfits guy killing ppl need jail,okay blacklivesmov thug stop carp wanna stand murder yet child die gettin shoot cheast becasu wanna act like plant ape movi excus black kill black wanna come cop white ppl call name rastist name dont get tri lisen lawa obey law stop shoot inncent ppl benfit guy kill ppl need jail,original
Ahhhhhhh............i love this country,0,ahhhhhhhi love country,ahhhhhhhi love countri,original
Stuff like this is one of the reasons why people associate violence and danger with black people.,1,stuff like one reason people associate violence danger black people,stuff like one reason peopl associ violenc danger black peopl,original
"And here you see it. They impose ""gunlaws"". In fact. Even if you had a machine gun, people could not do anything against the police. They have cars and body protection like tanks. Just wanted to say.",0,see impose gunlaws fact even machine gun people could anything police car body protection like tank wanted say,see impos gunlaw fact even machin gun peopl could anyth polic car bodi protect like tank want say,original
"""I don't want my sons death to be in vain."" ""LET'S BURN THIS BITCH DOWN!"" Stupid fucks destroying livelihoods. Peaceful protests my fucking ass.",1,I don't want son death in vain let it burn stupid bitch fuck destroying livelihood peaceful protest fucking like,dont want son death vain let burn bitch stupid fuck destroy livelihood peac protest fuck as,back_translation
Should run all those MOTHERFUCKERS  OVER,1,run motherfucker,run motherfuck,original
"So now a days, if you're Conservative, support the Confederate Flag,denies racism,and criticize black people; you're deemed a hero by white people? Lmao. Please get this white woman in black face off my screen",1,day youre conservative support confederate flagdenies racismand criticize black people youre deemed hero white people lmao please get white woman black face screen,day your conserv support confeder flagdeni racismand critic black peopl your deem hero white peopl lmao pleas get white woman black face screen,original
"If Michael Brown was Asian, his name would be Dindu Nuffin Wong",1,michael brown asian name would dindu nuffin wong,michael brown asian name would dindu nuffin wong,original
on drugs*,0,drug,drug,original
"Sure...they totally looked at FACTUAL evidence during that trial...

More like special treatment. BUT HEY, we all knew that was going to happen, didn't we?",1,surethey totally looked factual evidence trial like special treatment hey knew going happen didnt,surethey total look factual evid trial like special treatment hey knew go happen didnt,original
BlackLivesMatter was built on deceit and lies,1,blacklivesmatter built deception lie,blacklivesmatt built deceit lie,back_translation
What injuries did the cop get treated for? ,0,injury cop get treated,injuri cop get treat,original
"Peggy, I know there are many more fine black women (and men) like you who are sick and tired of the violence and the blame. Thanks for speaking up!",0,peggy know many fine black woman men like sick tired violence blame thanks speaking,peggi know mani fine black woman men like sick tire violenc blame thank speak,original
They can't help it but these motherfuckers are primitive compared to white people.  They get frustrated when they live around white people because they can't compete.  Blacks in Africa are much more self-assured because they don't get reminded every day that they can't compete.  Multiculturalism is not good for anybody.  All these people throwing fits are living off tax dollars STOLEN from white people.,1,"Can't help, motherfucker, primitive, compared, white people get frustrated, live surrounded by white people, can't compete, black Africa, very self-assured, don't remind me every day, can't compete, multiculturalism, well, anyone, people who throw away, live fit, tax dollars, stolen white people.",cant help motherfuck primit compar white peopl get frustrat live around white peopl cant compet black africa much selfassur dont get remind everi day cant compet multicultur good anybodi peopl throw fit live tax dollar stolen white peopl,back_translation
No! Leave it alone! Don't take it down!,0,leave alone dont take,leav alon dont take,original
Why the hell are they even interviewing him? This guy's such an idiot.,1,"Hell, even interviewing an idiot guy.",hell even interview guy idiot,back_translation
"Fuck this stupid ass generation. Id like to apologize for my generation. I agree with peoples right to protest, speak, etc. 

But for the love of GOD don’t mess with people that didn’t do anything. Get petitions signed, write the government. 

Why you gotta fuck up everyone’s day",1,fuck stupid as generation like apologize generation agree people right protest speak etc love god dont mess people didnt anything get petition signed write government gotta fuck everyones day,fuck stupid as gener like apolog gener agre peopl right protest speak etc love god dont mess peopl didnt anyth get petit sign write govern gotta fuck everyon day,original
"I understand the point black lives do matter but blocking off traffic like that like WTH is that gonna do... There is people that need to go places hospitals, family,work ,etc and this to me is just plane stupid",1,understand point black life matter blocking traffic like like wth gonna people need place hospital familywork etc plane stupid,understand point black life matter block traffic like like wth gonna peopl need place hospit familywork etc plane stupid,original
how fucking brain dead do you have to be to let the Nazi police scum bags just take you in,1,fucking brain dead let nazi police scum bag take,fuck brain dead let nazi polic scum bag take,original
"3:44
U no wat im sayin",0,wat sayin,wat sayin,original
Vile cunt,1,vile cunt,vile cunt,original
Islamic Terrorist insighting hatred and violence under the disguise of an african citizen its time that american citizens realise their true enemy is islam and not black or white people,1,islamic terrorist insight hate violence costume african citizen time american citizen realize the real enemy islam black white people,islam terrorist insight hatr violenc disguis african citizen time american citizen realis true enemi islam black white peopl,back_translation
"THE UGLY TRUTH:

If you talk like a THUG, act like a THUG, walk like a THUG, and live like a THUG... Then you will die like a THUG!

""Live by the sword die by the sword."" - ""Don't hate the player, hate the game!""

This was not an innocent little child just walking down the street who got shot in the back. If we cannot blame the parents then we must look at the individual who in this case was an adult. 

What kind of music did he listen to?
What kind of videos did he view?
Who were his role models?
How did his environment affect him?
Who were the enablers?
Who did he associate with?
But most importantly, when will he be accountable for his own actions? Unfortunately, on this day, he chose the wrong pathway to his fate. 

You cannot rob a store and call it shoplifting. Heck, you might as well call it borrowing without permission. 

This was not his first crime and there were probably many unrecorded (not caught) negative actions by Mike Brown (MB). You cannot assault another human being without consequences. Or should we say ""he was just playing, it was no big deal, or it was childish"". Get real folks. The riots, looting, attacks, and threats has nothing to do with MB. It has to do with a culture who feel they are entitled and will use any excuse or propaganda to find any excuse to commit crimes in the name of ""No Justice - No Peace!""

Hands Up - Don't Shoot!"" - Please this culture needs to STOP, ""Pants on the ground, Pants on the Ground, Looking like a Fool, with your Pants on the Ground! Hat turned Sideways, Gold in your mouth, Looking like a Fool, with your Pants on the Ground!""

Let me say, THIS IS NOT ABOUT RACE! THIS IS NOT ABOUT LACK OF JUSTICE! 

JUSTICE, naturally in the street, will usually end in tragedy. This was the result of an immature with no respect THUG who believed he could use his size to intimidate. He probably did it in school and we know he did it in the street.

--------- REAL PARENTS (or those around them) would have not called what MB did ""Childish"". That was not, nor is childish behaviors. His behaviors were felonious and criminal. And to be frank, would have probably cost him his life elsewhere at a different time. REAL PARENTS would have stated, ""This was my son. What he did was wrong in this store and to the clerk. If in fact, the evidence shows my son assaulted this officer, and posed a threat by going after the officer before the shots were fired... Then may our son rest in peace as his actions we do not condone but this consequence was just due to his own choices and actions. We unconditionally love our son. However, we also forgive the officer. We apologize to the store clerk and we hope as a family and people can move on only to learn, our actions and how we live dictate our consequences, be it positive or negative. We would also like to support alternate methods in the event this does happen again using non-lethal weapons such as rubber bullets, taser, mace, etc. ----------- And to those who truly support change - NO SILENCE - NO VIOLENCE.

There is no sugar coat here. As a human, as a race, we need to be accountable for what we say and do. 

Lastly, If the officer was racist and he did shoot MB without rhyme or reason, or if he in fact, just targeted MB & DJ because they were black, and decided to gun down MB (in the back and front) even though he surrendered peacefully with his hands raised, THEN I would side with MB and those who support the cause.

But unfortunately, the evidence thus far does not support the above paragraph. 

Question 1: Would this still be the reaction, if the officer were a female?

Question 2: Would this still be the reaction, if the officer were Black/African American?

Question 3: Would this still be the reaction, if Mike Brown was gunned down by a peer of his own race?

Question 4: Would this still be the reaction, if Mike Brown were White?

Question 5: Would this still be the end result (death), if Mike Brown was productive at home, work, or school other than running the streets?

To the people:

""Nothing in the world is more dangerous than sincere ignorance and conscientious stupidity."" - Martin Luther King, Jr.
I think it is safe to say, we are living in dangerous times because of this simple fact proving  this Martin Luther King, Jr.'s quote.  Unfortunately, it is coming from his own race and those supporting a lost cause.

To the people who cry wolf...

MJ

Please Repost!﻿",1,ugly truth talk like thug act like thug walk like thug live like thug die like thug live sword die sword dont hate player hate game innocent little child walking street got shot back cannot blame parent must look individual case adult kind music listen kind video view role model environment affect enablers associate importantly accountable action unfortunately day chose wrong pathway fate cannot rob store call shoplifting heck might well call borrowing without permission first crime probably many unrecorded caught negative action mike brown cannot assault another human without consequence say playing big deal childish get real folk riot looting attack threat nothing culture feel entitled use excuse propaganda find excuse commit crime name justice peace hand dont shoot please culture need stop pant ground pant ground looking like fool pant ground hat turned sideways gold mouth looking like fool pant ground let say race lack justice justice naturally street usually end tragedy result immature respect thug believed could use size intimidate probably school know street real parent around would called childish childish behavior behavior felonious criminal frank would probably cost life elsewhere different time real parent would stated son wrong store clerk fact evidence show son assaulted officer posed threat going officer shot fired may son rest peace action condone consequence due choice action unconditionally love son however also forgive officer apologize store clerk hope family people move learn action live dictate consequence positive negative would also like support alternate method event happen using nonlethal weapon rubber bullet taser mace etc truly support change silence violence sugar coat human race need accountable say lastly officer racist shoot without rhyme reason fact targeted black decided gun back front even though surrendered peacefully hand raised would side support cause unfortunately evidence thus far support paragraph question would still reaction officer female question would still reaction officer blackafrican american question would still reaction mike brown gunned peer race question would still reaction mike brown white question would still end result death mike brown productive home work school running street people nothing world dangerous sincere ignorance conscientious stupidity martin luther king think safe say living dangerous time simple fact proving martin luther king jr quote unfortunately coming race supporting lost cause people cry wolf please repost,ugli truth talk like thug act like thug walk like thug live like thug die like thug live sword die sword dont hate player hate game innoc littl child walk street got shot back cannot blame parent must look individu case adult kind music listen kind video view role model environ affect enabl associ importantli account action unfortun day chose wrong pathway fate cannot rob store call shoplift heck might well call borrow without permiss first crime probabl mani unrecord caught neg action mike brown cannot assault anoth human without consequ say play big deal childish get real folk riot loot attack threat noth cultur feel entitl use excus propaganda find excus commit crime name justic peac hand dont shoot pleas cultur need stop pant ground pant ground look like fool pant ground hat turn sideway gold mouth look like fool pant ground let say race lack justic justic natur street usual end tragedi result immatur respect thug believ could use size intimid probabl school know street real parent around would call childish childish behavior behavior feloni crimin frank would probabl cost life elsewher differ time real parent would state son wrong store clerk fact evid show son assault offic pose threat go offic shot fire may son rest peac action condon consequ due choic action uncondit love son howev also forgiv offic apolog store clerk hope famili peopl move learn action live dictat consequ posit neg would also like support altern method event happen use nonleth weapon rubber bullet taser mace etc truli support chang silenc violenc sugar coat human race need account say lastli offic racist shoot without rhyme reason fact target black decid gun back front even though surrend peac hand rais would side support caus unfortun evid thu far support paragraph question would still reaction offic femal question would still reaction offic blackafrican american question would still reaction mike brown gun peer race question would still reaction mike brown white question would still end result death mike brown product home work school run street peopl noth world danger sincer ignor conscienti stupid martin luther king think safe say live danger time simpl fact prove martin luther king jr quot unfortun come race support lost caus peopl cri wolf pleas repost,original
Once again molyneux spreads complete information that is complete garbage.,1,molyneux spread complete information complete garbage,molyneux spread complet inform complet garbag,original
RUN THEM OVER,1,run,run,back_translation
"I'm with cops. Those protesters steal, and destroy things. They aren't solving shit",1,police protester steal destroy thing ain't solving shit,cop protest steal destroy thing arent solv shit,back_translation
ignorant,0,ignorant,ignor,original
United Shits Of America is collapsing. this is good,1,united shit america collapsing good,unit shit america collaps good,original
"Looks like the media comes out with these bogus clams to cause division, side things up. The question to me isn't some much why don't people see the truth, but what is the government up to and planing on ? & why is the media fueling it for them ?",0,look like medium come bogus clam cause division side thing question isnt much dont people see truth government planing medium fueling,look like medium come bogu clam caus divis side thing question isnt much dont peopl see truth govern plane medium fuel,original
run them over,1,run,run,back_translation
Nicely done.,0,nicely done,nice done,original
since we now know that he never held his hands up.  Anyone who raises his hand up to show he is against the police of Ferguson is a racist scumbag.  Watch tv and count them.  There are a lot of racist scumbags out there.,1,"since i know, i never held a hand, no one raised their hand, show, police, ferguson, racist trash, look, count, many, racist trash.",sinc know never held hand anyon rais hand show polic ferguson racist scumbag watch count lot racist scumbag,back_translation
I LIKE TURTLES!,0,like turtle,like turtl,original
"Peace needs to be found on both sides. Be stubborn, be relentless, be peaceful. Don't go to work, sit on the steps of those in power for days and chant your concerns! ........................ “Fear is the path to the dark side. Fear leads to anger. Anger leads to hate. Hate leads to suffering.”- Yoda.............................. :)   <3",0,peace need found side stubborn relentless peaceful dont work sit step power day chant concern fear path dark side fear lead anger anger lead hate hate lead suffering yoda,peac need found side stubborn relentless peac dont work sit step power day chant concern fear path dark side fear lead anger anger lead hate hate lead suffer yoda,original
i just came here to read the racist comments lol,0,came read racist comment lol,came read racist comment lol,original
lol at police in the begining.. sounds more like hes saying MOO then move .. but that cow i mean cop maybe feel more like a cop.. i mean cow ^^,0,lol police begining sound like he saying moo move cow mean cop maybe feel like cop mean cow,lol polic begin sound like he say moo move cow mean cop mayb feel like cop mean cow,original
"and the robbery video leaves one with more questions than answers...
He put 'something' on the clerks counter when he entered the store... MONEY .... ??? Watch carefully... He had 'something' in his hand when he entered, plus pulled something out of his pockets, Money??? ... and put it on the counter... These surveillance have audio ability.... there was a conversation at the clerks window as well
I'm just saying....﻿
some of the videos posted are longer and have more depth.... the clerk and him had an exchange at the window... we don't know what was said, we don't know.... if the money was sufficient for the items... etc...",0,robbery video leaf one question answer put something clerk counter entered store money watch carefully something hand entered plus pulled something pocket money put counter surveillance audio ability conversation clerk window well saying video posted longer depth clerk exchange window dont know said dont know money sufficient item etc,robberi video leaf one question answer put someth clerk counter enter store money watch care someth hand enter plu pull someth pocket money put counter surveil audio abil convers clerk window well say video post longer depth clerk exchang window dont know said dont know money suffici item etc,original
Great video...Thank you Peggy.,0,great videothank peggy,great videothank peggi,original
luv dem gangzta lyreks,0,luv dem gangzta lyreks,luv dem gangzta lyrek,original
"Maybe I don't know the exact story and such , but from what I understood this is supposed to be a case of a grown man shooting a kid . This ain't supposed to be racial , you guys are letting in on your hate , whether you are anti black or anti white or w.e , and you seem to be forgetting what is going on here . A police officer shot an innocent kid . THAT'S IT . Want justice for THAT , not for your fckin race . The moment you pick a race , a side you have become a fckin joke . I dont give a rats ass about how many blacks have killed whites and vice versa , what I want to know is why the fck is that POLICE OFFICER walking it off free after emptying his motherfckin gun in a CHILD . ",1,maybe dont know exact story understood supposed case grown man shooting kid aint supposed racial guy letting hate whether anti black anti white seem forgetting going police officer shot innocent kid thats want justice fckin race moment pick race side become fckin joke dont give rat as many black killed white vice versa want know fck police officer walking free emptying motherfckin gun child,mayb dont know exact stori understood suppos case grown man shoot kid aint suppos racial guy let hate whether anti black anti white seem forget go polic offic shot innoc kid that want justic fckin race moment pick race side becom fckin joke dont give rat as mani black kill white vice versa want know fck polic offic walk free empti motherfckin gun child,original
Michale brown got what he was asking for the black protestors are racist against whites that is what's happening ,1,"Michael Brown asked the racist white, black protesters what was going on.",michal brown got ask black protestor racist white what happen,back_translation
"So you're implying that because most of Ferguson is black, but most of their elected or appointed officials are white, that it means that the majority of people in Ferguson isn't represented at all? That they mostly black population wouldn't happen to have voted for or support the white officials? And just because its median income is lower than that of MO or the US as a whole, is that because its population is mostly black, or is it just a statistic?",0,youre implying ferguson black elected appointed official white mean majority people ferguson isnt represented mostly black population wouldnt happen voted support white official median income lower whole population mostly black statistic,your impli ferguson black elect appoint offici white mean major peopl ferguson isnt repres mostli black popul wouldnt happen vote support white offici median incom lower whole popul mostli black statist,original
Kid was a hopeless piece of shit .. look at him bully the store owner. His bad decisions got his dumb ass shot and killed,1,kid hopeless piece shit look bully store owner bad decision got dumb as shot killed,kid hopeless piec shit look bulli store owner bad decis got dumb as shot kill,original
"Fucking idiots, get outta the way....some people gotta get to work!",1,"You fucking idiot, get out of here. Some people have to get a job.",fuck idiot get outta waysom peopl gotta get work,back_translation
Thank you +Stefan Molyneux  for sharing your logical and rational evaluation of the occurrences of this incident.,0,thank stefan molyneux sharing logical rational evaluation occurrence incident,thank stefan molyneux share logic ration evalu occurr incid,original
Run them over,1,run,run,original
No indictment...moving right along.,0,indictmentmoving right along,indictmentmov right along,original
"So now a days, if you're Conservative, support the Confederate Flag,denies racism,and criticize black people; you're deemed a hero by white people? Lmao. Please get this white woman in black face off my screen",1,day you are conservative support the confederate flag deny racism and criticize black people you are considered a hero by white people lmao please get a white woman blackface screen,day your conserv support confeder flagdeni racismand critic black peopl your deem hero white peopl lmao pleas get white woman black face screen,back_translation
" This is a CIA agent provocateur operative to kick-start the riots of the New American Civil War. He's not African American but his rehearsed ""Ebonics"" is transparent.",0,cia agent provocateur operative kickstart riot new american civil war he african american rehearsed ebonics transparent,cia agent provocateur oper kickstart riot new american civil war he african american rehears ebon transpar,original
"One feral hoodlum put down, the rest of us no longer need to fear his thuggish behavior. Upset about that? Blame his parents- they failed to raise him right and provide proper supervision. Or, he was just defective from the start. Either way sounds like a case of quality control to me. Thank you Officer Wilson for doing your job.",1,one feral hoodlum put rest longer need fear thuggish behavior upset blame parent failed raise right provide proper supervision defective start either way sound like case quality control thank officer wilson job,one feral hoodlum put rest longer need fear thuggish behavior upset blame parent fail rais right provid proper supervis defect start either way sound like case qualiti control thank offic wilson job,original
I feel for the Blacks here in America..... I understand EVERYTHING.,0,feel black america understand everything,feel black america understand everyth,original
"THE UGLY TRUTH:

If you talk like a THUG, act like a THUG, walk like a THUG, and live like a THUG... Then you will die like a THUG!

""Live by the sword die by the sword."" - ""Don't hate the player, hate the game!""

This was not an innocent little child just walking down the street who got shot in the back. If we cannot blame the parents then we must look at the individual who in this case was an adult. 

What kind of music did he listen to?
What kind of videos did he view?
Who were his role models?
How did his environment affect him?
Who were the enablers?
Who did he associate with?
But most importantly, when will he be accountable for his own actions? Unfortunately, on this day, he chose the wrong pathway to his fate. 

You cannot rob a store and call it shoplifting. Heck, you might as well call it borrowing without permission. 

This was not his first crime and there were probably many unrecorded (not caught) negative actions by Mike Brown (MB). You cannot assault another human being without consequences. Or should we say ""he was just playing, it was no big deal, or it was childish"". Get real folks. The riots, looting, attacks, and threats has nothing to do with MB. It has to do with a culture who feel they are entitled and will use any excuse or propaganda to find any excuse to commit crimes in the name of ""No Justice - No Peace!""

Hands Up - Don't Shoot!"" - Please this culture needs to STOP, ""Pants on the ground, Pants on the Ground, Looking like a Fool, with your Pants on the Ground! Hat turned Sideways, Gold in your mouth, Looking like a Fool, with your Pants on the Ground!""

Let me say, THIS IS NOT ABOUT RACE! THIS IS NOT ABOUT LACK OF JUSTICE! 

JUSTICE, naturally in the street, will usually end in tragedy. This was the result of an immature with no respect THUG who believed he could use his size to intimidate. He probably did it in school and we know he did it in the street.

--------- REAL PARENTS (or those around them) would have not called what MB did ""Childish"". That was not, nor is childish behaviors. His behaviors were felonious and criminal. And to be frank, would have probably cost him his life elsewhere at a different time. REAL PARENTS would have stated, ""This was my son. What he did was wrong in this store and to the clerk. If in fact, the evidence shows my son assaulted this officer, and posed a threat by going after the officer before the shots were fired... Then may our son rest in peace as his actions we do not condone but this consequence was just due to his own choices and actions. We unconditionally love our son. However, we also forgive the officer. We apologize to the store clerk and we hope as a family and people can move on only to learn, our actions and how we live dictate our consequences, be it positive or negative. We would also like to support alternate methods in the event this does happen again using non-lethal weapons such as rubber bullets, taser, mace, etc. ----------- And to those who truly support change - NO SILENCE - NO VIOLENCE.

There is no sugar coat here. As a human, as a race, we need to be accountable for what we say and do. 

Lastly, If the officer was racist and he did shoot MB without rhyme or reason, or if he in fact, just targeted MB & DJ because they were black, and decided to gun down MB (in the back and front) even though he surrendered peacefully with his hands raised, THEN I would side with MB and those who support the cause.

But unfortunately, the evidence thus far does not support the above paragraph. 

Question 1: Would this still be the reaction, if the officer were a female?

Question 2: Would this still be the reaction, if the officer were Black/African American?

Question 3: Would this still be the reaction, if Mike Brown was gunned down by a peer of his own race?

Question 4: Would this still be the reaction, if Mike Brown were White?

Question 5: Would this still be the end result (death), if Mike Brown was productive at home, work, or school other than running the streets?

To the people:

""Nothing in the world is more dangerous than sincere ignorance and conscientious stupidity."" - Martin Luther King, Jr.
I think it is safe to say, we are living in dangerous times because of this simple fact proving  this Martin Luther King, Jr.'s quote.  Unfortunately, it is coming from his own race and those supporting a lost cause.

To the people who cry wolf...

MJ

Please Repost!﻿",1,ugly truth talk like a thug act like a thug walk like a thug live like a thug die like a thug live sword die sword don't hate player hate game innocent little boy walking street shot can't blame father must watch case individual adult kind music listen kind video watch role model environment affect enablers associate important responsible action unfortunately the day chose the wrong path destiny can't steal store call shoplifting heck might as well borrow without permission first crime probably many unregistered caught negative action mike brown can't mug another being human without consequences say playing big deal childish get real people riot looting attack threat nothing culture feel entitled use excuse propaganda find excuse commit crime name justice peace hand don't shoot please culture need stop pants ground pants ground looks silly pants ground hat turned to the side gold mouth looks silly pants ground say race lack justice justice naturally street usually ends tragedy result immature respect bully believe could wear size intimidate probably school know street true father around would call childish behavior childish behavior delinquent criminal frank would probably cost his life somewhere else different time real father said wrong son employee of the store made evidence show son assaulted officer raised threat go officer shot fired let the son rest peace action forgive consequence due choice action love unconditionally son however also forgive officer apologize store clerk hope family people move learn action live dictate consequence positive negative also would like support alternative method event happens using non-lethal weapon rubber bullet mace Taser etc truly support change silence violence sugar coating human race need responsible say finally racist officer shoot without rhyme reason fact aimed black determined gun back although he surrendered peacefully raised hand would support side cause unfortunately evidence so far support the paragraph question would still react officer female question would still react black officerthe african american question would still react mike brown shot the peer race question would still react mike brown the white question would still end as a result death mike brown productive work at home school running street people nothing dangerous world sincere ignorance conscientious stupidity martin luther king think safe say live dangerous time simple fact proving martin luther king jr quotes unfortunately coming race supporting lost cause people cry wolf please repost,ugli truth talk like thug act like thug walk like thug live like thug die like thug live sword die sword dont hate player hate game innoc littl child walk street got shot back cannot blame parent must look individu case adult kind music listen kind video view role model environ affect enabl associ importantli account action unfortun day chose wrong pathway fate cannot rob store call shoplift heck might well call borrow without permiss first crime probabl mani unrecord caught neg action mike brown cannot assault anoth human without consequ say play big deal childish get real folk riot loot attack threat noth cultur feel entitl use excus propaganda find excus commit crime name justic peac hand dont shoot pleas cultur need stop pant ground pant ground look like fool pant ground hat turn sideway gold mouth look like fool pant ground let say race lack justic justic natur street usual end tragedi result immatur respect thug believ could use size intimid probabl school know street real parent around would call childish childish behavior behavior feloni crimin frank would probabl cost life elsewher differ time real parent would state son wrong store clerk fact evid show son assault offic pose threat go offic shot fire may son rest peac action condon consequ due choic action uncondit love son howev also forgiv offic apolog store clerk hope famili peopl move learn action live dictat consequ posit neg would also like support altern method event happen use nonleth weapon rubber bullet taser mace etc truli support chang silenc violenc sugar coat human race need account say lastli offic racist shoot without rhyme reason fact target black decid gun back front even though surrend peac hand rais would side support caus unfortun evid thu far support paragraph question would still reaction offic femal question would still reaction offic blackafrican american question would still reaction mike brown gun peer race question would still reaction mike brown white question would still end result death mike brown product home work school run street peopl noth world danger sincer ignor conscienti stupid martin luther king think safe say live danger time simpl fact prove martin luther king jr quot unfortun come race support lost caus peopl cri wolf pleas repost,back_translation
Why is the cop Mooing at people in the beginning?,0,cop mooing people beginning,cop moo peopl begin,original
"Masri is a total idiot ""I don't have to know the evidence, I can just come to my own conclusions instead""
Here is a clue, dont attack a cop and try to take his gun and then rush him after he finally gets out of his car and you wont get shot duhhh.
So what would Masri do, take Brown out for a icecream as he is beating him into the ground and not defend himself?
BTW, Browns momma and gramma violently assaulted some people who were selling T-shirts in memory of Brown and put two people in the hospital, stole their money and trashed their shop and will probably be charged for it, so we all know what sort of mentality Brown was raised in and he was a thug wanna be, who caused his own death.",1,masri total idiot I don't know evidence come to the conclusion instead clue don't attack police try to take firearm finally get car won't get shot duhhh masri would take ice cream brown hit the ground defend by the way mom brown grandmother violently assaulted people selling t-shirts memory brown put two people hospital robbed money destroyed store probably loaded know order mentality brown servant thug want to cause death,masri total idiot dont know evid come conclus instead clue dont attack cop tri take gun rush final get car wont get shot duhhh would masri take brown icecream beat ground defend btw brown momma gramma violent assault peopl sell tshirt memori brown put two peopl hospit stole money trash shop probabl charg know sort mental brown rais thug wanna caus death,back_translation
"your an educated Dumb ASSSS!!!))) rap is rap its not real, its people like you I dispise",1,educated fools rap rap real people how to despise,educ dumb assss rap rap real peopl like dispis,back_translation
racist piece of shit you reach for anything to justify murder. it is extremely shameful how you slant facts in order to justify your racist and biased views. ,1,racist piece of shit reach for anything justify murder extremely shameful tilt the order of events justify a racist biased view,racist piec shit reach anyth justifi murder extrem shame slant fact order justifi racist bias view,back_translation
cops = pigs,1,pig police,cop pig,back_translation
the people translating that conversation is the funniest saddest shit ever...funny because they're getting it WRONG and sad because people are reaching in every direction to find holes to get this cop off....,0,people translating conversation funniest saddest shit everfunny theyre getting wrong sad people reaching every direction find hole get cop,peopl translat convers funniest saddest shit everfunni theyr get wrong sad peopl reach everi direct find hole get cop,original
"A lot of people and the entire media is missing this huge crucial point: WHY was Micheal Brown even stopped in the first place??? The day it happened, the officer said that it was because Mike Brown was walking in the street. Then a few days later, it was because he had robbed a convenience store. Despite the fact that owner himself says that his store was never robbed. The officer was apparently in fear for his life. The PD claims he was ""seriously injured"" in the altercation with Mike Brown. Even though there is a video showing the officer, perfectly fine, standing by Mike's body an hour after the shooting. Also, Mike's body was 35 feet away from where the officer was when Mike apparently ""charged"" at him. Man, the police are full of shit. If you can't see that this shit was made up, then you're either a bigot or just a fucking idiot. ",1,lot people entire medium missing huge crucial point micheal brown even stopped first place day happened officer said mike brown walking street day later robbed convenience store despite fact owner say store never robbed officer apparently fear life claim seriously injured altercation mike brown even though video showing officer perfectly fine standing mike body hour shooting also mike body foot away officer mike apparently charged man police full shit cant see shit made youre either bigot fucking idiot,lot peopl entir medium miss huge crucial point micheal brown even stop first place day happen offic said mike brown walk street day later rob conveni store despit fact owner say store never rob offic appar fear life claim serious injur alterc mike brown even though video show offic perfectli fine stand mike bodi hour shoot also mike bodi foot away offic mike appar charg man polic full shit cant see shit made your either bigot fuck idiot,original
Michael Brown was a THUG! God bless the Thin Blue Line!! I graduate from the police academy in December!,1,michael brown thug god bless thin blue line graduate police academy december,michael brown thug god bless thin blue line graduat polic academi decemb,original
"That video of him pushing that clerk around really made me lose any sympathy for him. You can definitely tell from that the guy was most likely a dick.But hell, I need a new TV so I might as well riot and go loot one in his honor",1,"The video pushing the employee really lost sympathy, definitely, tell the guy he's probably an idiot, but hell needs something new, he might as well go on a rampage, loot an honor.",video push clerk around realli made lose sympathi definit tell guy like dickbut hell need new might well riot loot one honor,back_translation
Run them down,1,run,run,original
I guess it sucks that those 2 construction workers show up and prove this entire video to be wrong.,1,guess suck construction worker show prove entire video wrong,guess suck construct worker show prove entir video wrong,original
I hate basterds like this but I would have been funny if they tried pushing more and it flipped back on top of a few of them. #Hacopcarcanstillfightback ,1,i hate bastards like i would funny i tried to push flipped back up hacopcarcanstillfightback,hate basterd like would funni tri push flip back top hacopcarcanstillfightback,back_translation
THIS BITCH SHOULD BE DEPORTED,1,deported bitch,bitch deport,back_translation
ALSO LOVE HOW THEY ONLY SHOW PICTURES OF BROWN AS AN ANGEL AND NOT AS A TUG.,1,I also love showing the brown angel tugboat image.,also love show pictur brown angel tug,back_translation
Yea fuck that store clerk to! how dare he try to do his job.,1,yea fuck store clerk dare try job,yea fuck store clerk dare tri job,original
i like how blacks can be all racist against white ppl without consequences ... keep it up nice new world we live in keep it up,1,like black racist white people without consequences keep nice new world live keep,like black racist white ppl without consequ keep nice new world live keep,back_translation
Protesters suck,1,protester suck,protest suck,back_translation
I love this woman. THIS is a voice that matters. Fuck black lives matter.,1,love woman voice matters fuck black life matters,love woman voic matter fuck black life matter,back_translation
If you are the parent of one of these kids you have failed the one job you had as a parent. Dont raise a cunt.,1,parent one kid failed one job parent dont raise cunt,parent one kid fail one job parent dont rais cunt,original
Why so much hatred from people....,0,much hatred people,much hatr peopl,original
Perfect police,0,perfect police,perfect polic,original
And if my kid did that I would beat the shit out of him.,1,the kid would beat the shit out of him,kid would beat shit,back_translation
"White man can't finish his sentence
America needs to wake up!!the truth of murder is there!",1,The white man cannot finish the sentence. America needs to wake up to the truth. Murder.,white man cant finish sentenc america need wake upth truth murder,back_translation
"Truly sad. The people who were stopped on the roadway should have simply walked up the  protestors and informed them that in 30 seconds they were going to use them as punching bags, boys and girls if they did not move. If they did not disband, lay into them. Those bitches needed their asses kicked. As far as the CHP, not even one citation was written. Bitch cops.",1,really sad people stopped road just walked protesters reported second use use punching bag boy girl move dissolve lay bitch needed to kick ass away chp even a written citation bitch police,truli sad peopl stop roadway simpli walk protestor inform second go use punch bag boy girl move disband lay bitch need ass kick far chp even one citat written bitch cop,back_translation
"Hers my statement, I think ali sheep butt fucker masri should take an ak and go fight in syria..",1,statement thinks ali sheep son of a bitch masri takes syrian fight,statement think ali sheep butt fucker masri take fight syria,back_translation
"This older, white conservative says Peggy for Vice President! Could you imagine a Trump/Hubbard ticket? WOWEEE WOW!",0,older white conservative say peggy vice president could imagine trumphubbard ticket woweee wow,older white conserv say peggi vice presid could imagin trumphubbard ticket wowee wow,original
"i agree with most what you said, but i can't trust police if they won't arrest crooked pedophile protecting treasonous politicans same thing for military people",1,"Okay, I said I can't trust the police not to arrest a corrupt pedophile who protects traitorous politicians.",agre said cant trust polic wont arrest crook pedophil protect treason politican thing militari peopl,back_translation
"Anyone else pissed off about how it ended?
Just let them walk off, no big deal. All the crap that they just pulled and no one got pepper sprayed",1,anyone else pissed ended let walk big deal crap pulled one got pepper sprayed,anyon els piss end let walk big deal crap pull one got pepper spray,original
"Ask your fellow white liberal press networks and blogs to post this, they won't, they cringe at black conservatism.",1,ask fellow white liberal press network blog post wont cringe black conservatism,ask fellow white liber press network blog post wont cring black conservat,original
The police should NOT! Be militarized! ,0,police militarized,polic militar,original
"This video would be more interesting if Stefan were taking his clothes off. He is so sexy! After all this case is really not that hard to understand. Why would a cop who had a good record for 3 years of service shoot a teenager with his hands up? The witness and friend lied which started the protests and a snowball effect then ensued. All you have to do is watch the video in the store and it shows Brown was aggressive. Is it so hard to believe from that evidence that he made a huge error in judgement in fighting a police officer? No, it is not. ",0,video would interesting stefan taking clothes sexy case really hard understand would cop good record year service shoot teenager hand witness friend lied started protest snowball effect ensued watch video store show brown aggressive hard believe evidence made huge error judgement fighting police officer,video would interest stefan take cloth sexi case realli hard understand would cop good record year servic shoot teenag hand wit friend lie start protest snowbal effect ensu watch video store show brown aggress hard believ evid made huge error judgement fight polic offic,original
"News fucktards...........puppet players,,,,,all they are paid liars ",1,news fucktardspuppet playersall paid liar,news fucktardspuppet playersal paid liar,original
" Johnathan Gentry
November 24 at 9:59pm ·
There is No winners or losers in this case. My heart & prayers go out to Michael Brown's family & Darren Wilson's family.
If any (current) Leader seeks to make this a racial issue & try to divide this country, you are a worker of satan.",0,johnathan gentry november winner loser case heart prayer michael brown family darren wilson family current leader seek make racial issue try divide country worker satan,johnathan gentri novemb winner loser case heart prayer michael brown famili darren wilson famili current leader seek make racial issu tri divid countri worker satan,original
That's just cruel of her as a mom,0,thats cruel mom,that cruel mom,original
"you need to search Youtube for ""  Actual CNN Doctored Audio of #MichaelBrown Shooting  "" CNN is caught changing evidence﻿",0,need search youtube actual cnn doctored audio michaelbrown shooting cnn caught changing evidence,need search youtub actual cnn doctor audio michaelbrown shoot cnn caught chang evid,original
You call yourself a researcher and that you plan is examine the facts yet you mention bullshit rumours. Trayvon martin had iced tea and skittles those were the FACTS. Speculation and victim blaming is what you are actually doing. Stop trying to pretend yo examining the facts ,1,call the investigator plan to examine the facts but mention lies rumors trayvon martin iced tea bolus fact speculation blame the victim actually stop trying to pretend to examine the facts,call research plan examin fact yet mention bullshit rumour trayvon martin ice tea skittl fact specul victim blame actual stop tri pretend examin fact,back_translation
Arabs Hate black people. This ISIS sympathizer just wants to call it his community. Nonsense.,1,arab hate black people isi sympathizer want call community nonsense,arab hate black peopl isi sympath want call commun nonsens,original
why do you focus on how he rolls his blunt?  MJ is not the cause.  It just so happens to be that much like non criminal types the criminal types also smoke pot.  Pot has absolutely nothing to do with any of this.  The fact that he was walking and not driving is more important.  why bring pot into this as some relative intel?  yes criminals have a tendency to smoke pot.  criminals also tend to smoke cigarettes or drink. ,0,focus roll blunt cause happens much like non criminal type criminal type also smoke pot pot absolutely nothing fact walking driving important bring pot relative intel yes criminal tendency smoke pot criminal also tend smoke cigarette drink,focu roll blunt caus happen much like non crimin type crimin type also smoke pot pot absolut noth fact walk drive import bring pot rel intel ye crimin tendenc smoke pot crimin also tend smoke cigarett drink,original
CNN this is why you are a joke!,1,cnn joke,cnn joke,original
"Stef if you're for a stateless society, then the discussion of the existence of the cops is useless. You know that the cops are here to protect the state and the corporations and they have to take decisions on the existence of people in only two seconds waw. ",0,stef youre stateless society discussion existence cop useless know cop protect state corporation take decision existence people two second waw,stef your stateless societi discuss exist cop useless know cop protect state corpor take decis exist peopl two second waw,original
Was Stefan ever a victim of police discrimination? The game of white supremacy is to deny aNY involvement and play the victim when blacks complain..it never fails watch the comments,1,stefan ever victim police discrimination game white supremacy deny participation play victim black complain never fails watch comment,stefan ever victim polic discrimin game white supremaci deni involv play victim black complainit never fail watch comment,back_translation
"I wonder how big of a crater Thug Brown made in the street when he met the final shot to the melon. You get what you sew... 

BLM - When Truth and Facts Don't then they Shit in their own Kitchens before they get the right directions to the toilet.",1,wonder big crater thug brown made street met final shot melon get sew blm truth fact dont shit kitchen get right direction toilet,wonder big crater thug brown made street met final shot melon get sew blm truth fact dont shit kitchen get right direct toilet,original
"They should have gotten the Fire Dept. with fire trucks and blast them this water jets, they'd get off!",1,they got the water jet from the fire truck explosion from the fire department they would get,gotten fire dept fire truck blast water jet theyd get,back_translation
"Bullshit, the best places to live in America, are completely liberal, and the worst places to live in America, are overwhelmingly republican. And that is a fact jack.",1,bullshit best place live america completely liberal worst place live america overwhelmingly republican fact jack,bullshit best place live america complet liber worst place live america overwhelmingli republican fact jack,original
whites are weak,1,white weak,white weak,original
7:24 7:30 XDDDDDDDDDDDDDDDD,0,xdddddddddddddddd,xdddddddddddddddd,original
Wake up Black People.,0,wake black people,wake black peopl,original
Was Stefan ever a victim of police discrimination? The game of white supremacy is to deny aNY involvement and play the victim when blacks complain..it never fails watch the comments,1,stefan ever victim police discrimination game white supremacy deny involvement play victim black complainit never fails watch comment,stefan ever victim polic discrimin game white supremaci deni involv play victim black complainit never fail watch comment,original
"Stephan Ive been watching you for quite a while and this is my first post,  can you do The truth about Henry Kissinger I would be very interested in hearing your opinion on this man ty.",0,stephan ive watching quite first post truth henry kissinger would interested hearing opinion man,stephan ive watch quit first post truth henri kissing would interest hear opinion man,original
THESE PEOPLE DID AS THEY SHOULDVE. WISH THEY WOULDVE LITERALLY BURNED THE ENTIRE CITY DOWN,1,People should have wished that the entire city had literally burned down.,peopl shouldv wish wouldv liter burn entir citi,back_translation
I'm with this dude fuck the punk police ,1,dude fuck police punk,dude fuck punk polic,back_translation
"*WHAT DOES TRAYVON MARTIN AND MICHAEL BROWN HAVE IN COMMON?*  
*THE REAL REASON BEHIND THE RIOTS THAT NO ONE DARE SPEAK OF.*

As with the Zimmerman case the common factors here are those race mongers like Al  Sharpton, CNN and MSNBC whipping up the black community to see racism where there is no racism and injustice where there is no injustice.

Give it a year or two and I can promise you, there WILL be another Zimmerman or Michael Brown style case.
 
*But the bigger question is WHY will there be a similar case?* 

Because rather than face the REAL  root cause of  many of the problems suffered by black Americans - poverty , high crime, the high black on black murder rate, it is far easier to turn a blind eye , and point the finger and shout RACISM !   

*SO WHAT IS THE ROOT CAUSE OF BLACK PROBLEMS IN AMERICA IF ITS NOT RACISM?*

The root cause is the break down of the black American family and the high number of fatherless children growing up in single parent homes. The governments own statistics reveal that children born into fatherless homes are more likely to drop out of school, more likely to have a history of unemployment, high chance of poverty,  and more likely to serve time in prison - the list goes on and on.

When we look at the fact that 70% of black children will grow up in a fatherless home compared to 24% of  white children we see a number that begins to explain WHY black poverty and black crime is so high amongst blacks in America with 70% of black mothers on welfare.

Complied with a dysfunctional gangster-rap culture that glorifies promiscuity, drug dealers the abuse of women and the power of the gun, we see a problem beginning to emerge and the reason for the deaths of Trayvon Martin and Michael Brown begin to come clear.

Black Americans, a 13% minority, are doing 54% of the dying and probably 54% of the killing. That needs to be said. So now we have black culture of violence financed by the welfare system. 

*CONCLUSION*

*Like i said - there WILL BE  another ""race based case"" sooner or latter - in fact it will NEVER end. As long as race mongers like Sharpton , CNN and MSNBC continue to promote the idea that its all about racism rather than the disintegration of the black American family another Ferguson is just around the corner !*",0,trayvon martin michael brown common real reason behind riot one dare speak zimmerman case common factor race monger like sharpton cnn msnbc whipping black community see racism racism injustice injustice give year two promise another zimmerman michael brown style case bigger question similar case rather face real root cause many problem suffered black american poverty high crime high black black murder rate far easier turn blind eye point finger shout racism root cause black problem america racism root cause break black american family high number fatherless child growing single parent home government statistic reveal child born fatherless home likely drop school likely history unemployment high chance poverty likely serve time prison list go look fact black child grow fatherless home compared white child see number begin explain black poverty black crime high amongst black america black mother welfare complied dysfunctional gangsterrap culture glorifies promiscuity drug dealer abuse woman power gun see problem beginning emerge reason death trayvon martin michael brown begin come clear black american minority dying probably killing need said black culture violence financed welfare system conclusion like said another race based case sooner latter fact never end long race monger like sharpton cnn msnbc continue promote idea racism rather disintegration black american family another ferguson around corner,trayvon martin michael brown common real reason behind riot one dare speak zimmerman case common factor race monger like sharpton cnn msnbc whip black commun see racism racism injustic injustic give year two promis anoth zimmerman michael brown style case bigger question similar case rather face real root caus mani problem suffer black american poverti high crime high black black murder rate far easier turn blind eye point finger shout racism root caus black problem america racism root caus break black american famili high number fatherless child grow singl parent home govern statist reveal child born fatherless home like drop school like histori unemploy high chanc poverti like serv time prison list go look fact black child grow fatherless home compar white child see number begin explain black poverti black crime high amongst black america black mother welfar compli dysfunct gangsterrap cultur glorifi promiscu drug dealer abus woman power gun see problem begin emerg reason death trayvon martin michael brown begin come clear black american minor die probabl kill need said black cultur violenc financ welfar system conclus like said anoth race base case sooner latter fact never end long race monger like sharpton cnn msnbc continu promot idea racism rather disintegr black american famili anoth ferguson around corner,original
A few warning rounds with a gatling gun will clear the freeway in an instant.,1,warning round gatling gun clear freeway instant,warn round gatl gun clear freeway instant,original
a thug going to college  black people  are always  crying..    what about the American Indians  I don't see no one crying for them.....  ,1,thug going college black people always cry american indian dont see one cry,thug go colleg black peopl alway cri american indian dont see one cri,original
"Did he really say trevon martin brought watermelon and skittles to make lean? Lol yo white ppl will say aaannnyything to make blk ppl look a certain way other then the truth..even if trevon said he was a no limit nigga so the fuck what,kids say dumb things all the time, i once said i was batman lol and? They sicken me an will make up any kind of excuse..why dont u talk about the second video tbat came out 2 years after the mike brown situation an how the cops said they didnt think it was important but it showed that mike made a trade with the store owner so there was no robbery lol how about u talk about the corruption with the police and media for withholding information?",1,really say trevon martin brought watermelon skittle make lean lol white ppl say aaannnyything make blk ppl look certain way trutheven trevon said limit nigga fuck whatkids say dumb thing time said batman lol sicken make kind excusewhy dont talk second video tbat came year mike brown situation cop said didnt think important showed mike made trade store owner robbery lol talk corruption police medium withholding information,realli say trevon martin brought watermelon skittl make lean lol white ppl say aaannnyyth make blk ppl look certain way trutheven trevon said limit nigga fuck whatkid say dumb thing time said batman lol sicken make kind excusewhi dont talk second video tbat came year mike brown situat cop said didnt think import show mike made trade store owner robberi lol talk corrupt polic medium withhold inform,original
Rich brats,1,rich brat,rich brat,back_translation
"So the autopsy showed a number of wounds to the right arm making the scenario of him being shot with his hands raised a lot less likely. Or are we still trying to claim that? Let's see, innocent unarmed gentle giant, minding his own business, gunned down in cold blood for jaywalking by a sadistic, jack-booted, racist thug of a police officer who shot the innocent youth in the back while his hands were raised trying to surrender. I keep forgetting which BS story we are still trying to defend and which claims have been totally refuted by the facts. Regardless, it ""doesn't matter"" because we have already decided that the cop is guilty.",1,autopsy showed number wound right arm making scenario shot hand raised lot less likely still trying claim let see innocent unarmed gentle giant minding business gunned cold blood jaywalking sadistic jackbooted racist thug police officer shot innocent youth back hand raised trying surrender keep forgetting story still trying defend claim totally refuted fact regardless doesnt matter already decided cop guilty,autopsi show number wound right arm make scenario shot hand rais lot less like still tri claim let see innoc unarm gentl giant mind busi gun cold blood jaywalk sadist jackboot racist thug polic offic shot innoc youth back hand rais tri surrend keep forget stori still tri defend claim total refut fact regardless doesnt matter alreadi decid cop guilti,original
"100% agree, people are up in arms, but they need to find out more information before rioting. Thinking that getting high or doing drugs then robbing a store carelessly and then walking in the MIDDLE of the street and screaming at a cop + attacking and reaching for the gun is ""unarmed"" (not to mention his size either) then people are VERY gullible. I find it funny how all races are racist to each other and blacks are racist to whites, but every single time someone is ""racist"" to a black person then everyone throws their hands up and gets pissed off at white people. I am not a racist person, but I don't want to sit here while everyone believes that white people are the only racist people just because what happened in the past, makes me sick to think I have to grow up in this generation. ",0,agree people arm need find information rioting thinking getting high drug robbing store carelessly walking middle street screaming cop attacking reaching gun unarmed mention size either people gullible find funny race racist black racist white every single time someone racist black person everyone throw hand get pissed white people racist person dont want sit everyone belief white people racist people happened past make sick think grow generation,agre peopl arm need find inform riot think get high drug rob store carelessli walk middl street scream cop attack reach gun unarm mention size either peopl gullibl find funni race racist black racist white everi singl time someon racist black person everyon throw hand get piss white peopl racist person dont want sit everyon belief white peopl racist peopl happen past make sick think grow gener,original
Yep a Muslim bitch,1,yep muslim bitch,yep muslim bitch,original
"the guy was a monster, he got what he deserved, color didn't matter. anyone that attacks a guy with a gun is gonna get shot.......he did a stupid illegal act tried hurting someone and got blasted. give the cop a raise",1,"the monster guy got the color he deserved, it didn't matter, no one attacked the guy, he will be shot, the stupid illegal act tried to hurt someone, he was attacked, he gave the cop a raise.",guy monster got deserv color didnt matter anyon attack guy gun gonna get shoth stupid illeg act tri hurt someon got blast give cop rais,back_translation
"I just thought about how to deal with this situation as a driver. The only working thing I came up with was getting out of the car, getting other drivers of stoppes cars to come with me and clean the road. But that's self justice. Something we all support irrationally and are against rationally.",1,thought deal situation driver working thing came getting car getting driver stoppes car come clean road thats self justice something support irrationally rationally,thought deal situat driver work thing came get car get driver stopp car come clean road that self justic someth support irrat ration,original
"If the injustice was against white kids, would there be ANY excuse?",1,The injustice of the white child would excuse her.,injustic white kid would excus,back_translation
Fucking savages! Protest sumthing real... Like how your government is robbing you and sendin your kids to an elegal WAR! You are the laughing stock of America congrats!,1,fucking savage protest sumthing real like government robbing sendin kid elegal war laughing stock america congrats,fuck savag protest sumth real like govern rob sendin kid eleg war laugh stock america congrat,original
"Spin it any way you want, he could have been a thug but the police officer would not know either way unless he had a previous offense and remembered him, which he did not. He did not have a weapon, the police are trained and he did not have to shoot him six times. The fact is we will never truly know all the facts. Go sign the petition for police officers to wear cameras on their chests, then there will be no debate about who seems 'threatening.'",0,spin way want could thug police officer would know either way unless previous offense remembered weapon police trained shoot six time fact never truly know fact sign petition police officer wear camera chest debate seems threatening,spin way want could thug polic offic would know either way unless previou offens rememb weapon polic train shoot six time fact never truli know fact sign petit polic offic wear camera chest debat seem threaten,original
"EXCELLENT!! They'd (media-slaves) have us wait to speak out,,so this gets lost into the next tragedy.. there's a travesty happening here that's been going on since thee origins of USA. Nøbody is free. Thee illusion is real. & so is thee struggle. & we're experiencing the collision of this experiment. Psychological warfare through attrition. In typing that,,always be aware of baiting.. don't allow 'them' to create 'helter skelter' ",0,excellent theyd mediaslaves wait speak outso get lost next tragedy there travesty happening thats going since thee origin usa nbody free thee illusion real thee struggle experiencing collision experiment psychological warfare attrition typing thatalways aware baiting dont allow create helter skelter,excel theyd mediaslav wait speak outso get lost next tragedi there travesti happen that go sinc thee origin usa nbodi free thee illus real thee struggl experienc collis experi psycholog warfar attrit type thatalway awar bait dont allow creat helter skelter,original
"It is better for society, for the ""greater good,"" that Michael Brown went off the rails now, before he got ushered through college life on an athletic scholarship and became a ""Brown killer"" like O.H.Simpson. became.  O.lJ. was found civilly liable, y'know.",1,better society better good michael brown went crazy was introduced college life athletic scholarship became a brown killer like ohsimpson went olj found civilly liable you know,better societi greater good michael brown went rail got usher colleg life athlet scholarship becam brown killer like ohsimpson becam olj found civilli liabl yknow,back_translation
"I find it insane that black people always play the racist card over every single little issue between a coincidental white-black situation, when in most cases race has nothing to do with it.

Also, they say they want justice. . than why go around destroying private property and looting shops, how in their right mind would ask for justice and rob and destroy peoples lively hood at the same time.

It's as though these black communities think it is perfectly acceptable for a black person to kill a white cop but when the cop follows procedures and defends him self from a potential fatal attack they get angry . . yeah the black guy might not have had a firearm but could easily have had a knife or something. . why do they value other black people more than a white law enforcement officer. . life is equal and as such they should understand that the officer defended him self from an attack. . and yes it was an attack.    ",1,find insane black people always play racist card every single little issue coincidental whiteblack situation case race nothing also say want justice around destroying private property looting shop right mind would ask justice rob destroy people lively hood time though black community think perfectly acceptable black person kill white cop cop follows procedure defends self potential fatal attack get angry yeah black guy might firearm could easily knife something value black people white law enforcement officer life equal understand officer defended self attack yes attack,find insan black peopl alway play racist card everi singl littl issu coincident whiteblack situat case race noth also say want justic around destroy privat properti loot shop right mind would ask justic rob destroy peopl live hood time though black commun think perfectli accept black person kill white cop cop follow procedur defend self potenti fatal attack get angri yeah black guy might firearm could easili knife someth valu black peopl white law enforc offic life equal understand offic defend self attack ye attack,original
All liberal nonsense,1,liberal nonsense,liber nonsens,original
"If Michael Brown was Asian, his name would be Dindu Nuffin Wong",1,michael brown asian name would be dindu nuffin wong,michael brown asian name would dindu nuffin wong,back_translation
run them over,1,run,run,back_translation
These people did more to hurt their cause than help it that day. No one that is rational is on the blacklivesmatter side anymore.,0,people hurt cause help day one rational blacklivesmatter side anymore,peopl hurt caus help day one ration blacklivesmatt side anymor,original
Run the black cunts over,1,run black pussy,run black cunt,back_translation
What's with all the dislikes? White people are that offended? You thought racism wasn't an issue anymore....think again,1,whats dislike white people offended thought racism wasnt issue anymorethink,what dislik white peopl offend thought racism wasnt issu anymorethink,original
"Public schools are not terrible, the problem is many kids attending these public schools bring all sorts of issues into the classroom. Please don't build strawman characterizations of the left, many of these communities need public financial support because of conservative economic policies that have devastated local economies. Welfare is simply a symptom not a cause.",0,public school terrible problem many kid attending public school bring sort issue classroom please dont build strawman characterization left many community need public financial support conservative economic policy devastated local economy welfare simply symptom cause,public school terribl problem mani kid attend public school bring sort issu classroom pleas dont build strawman character left mani commun need public financi support conserv econom polici devast local economi welfar simpli symptom caus,original
"run'em over, they're on a freaking freeway",1,runem theyre freaking freeway,runem theyr freak freeway,original
If a patient is ever in an ambulance during this and get injured worse because they can’t make it to the hospital the protestors should be liable and if they die then the protestors should be charged with man slaughter,1,patient ever ambulance hurt worse can't hold hospital protesters responsible protesters die accused man massacre,patient ever ambul get injur wors cant make hospit protestor liabl die protestor charg man slaughter,back_translation
"FUCK MEDIA 
Bassem was right find something real to investigate. You're just exaggerating because you want more views and more MONEY.

FUCK YOU SELFISH FUCKS

These people are DISGUSTING. I don't know how they bare with their NASTY selves.",1,fuck middle bassem right find something real investigate you're exaggerating want to see money fuck selfish fuck people disgusting I don't know naked nasty me,fuck medium bassem right find someth real investig your exagger want view money fuck selfish fuck peopl disgust dont know bare nasti self,back_translation
"Your ""gentle giant"" seems to have robbed a store and later assaulted an armed police officer! So much for the school boy look you were hoping for, thug life comes with a high price.",1,The gentle giant appears to have been mugged in a store and then assaulted by an armed police officer. Many school children look on expecting the life of a bully to come at a high price.,gentl giant seem rob store later assault arm polic offic much school boy look hope thug life come high price,back_translation
the guy on the right is so on point. don't judge on his speaking abilities but judge him on his messege! you racist fucks can suck my dick. and like always the media focusing on the thing that don't matter. CNN is shit.,1,guy right point dont judge speaking ability judge messege racist fuck suck dick like always medium focusing thing dont matter cnn shit,guy right point dont judg speak abil judg messeg racist fuck suck dick like alway medium focus thing dont matter cnn shit,original
Keep letting real people get in front of the camera... The truth will be told in its purest form.,0,keep letting real people get front camera truth told purest form,keep let real peopl get front camera truth told purest form,original
Well damn. Good for her,0,well damn good,well damn good,original
"Is the cell phone video being shown anymore? All I get is a ""sorry"" message saying it is private.",0,cell phone video shown anymore get sorry message saying private,cell phone video shown anymor get sorri messag say privat,original
"so you want to shoot them, can hardly wait till one of your kids gets in trouble with the police and gets killed",1,want shoot hardly wait till one kid get trouble police get killed,want shoot hardli wait till one kid get troubl polic get kill,original
Fuck mo and kansas city,1,fuck kansa city,fuck kansa citi,original
"this is going 'viral' - already viewed by 100,000 police in US.",0,going viral already viewed police,go viral alreadi view polic,original
"@ReasonBurger(Twitter)

Powerful. Blunt force trauma powerful. I hope your words change the thinking of those whose concern for black lives is so misplaced.

Thank you for sharing.",0,twitter powerful blunt force trauma powerful hope word change thinking whose concern black life misplaced thank sharing,twitter power blunt forc trauma power hope word chang think whose concern black life misplac thank share,original
"What a garbage police,kick them all out of their jobs,what are they paid for if they can do what they supposed to do,they let that shit off protesters blocking thousands of people from which some of them could have an emergency,I wouldn't be surprised,when I see the video,that police like to kissing them.What a idiotic law enforcement you have there!",1,garbage policekick jobswhat paid supposed dothey let shit protester blocking thousand people could emergencyi wouldnt surprisedwhen see videothat police like kissing themwhat idiotic law enforcement,garbag policekick jobswhat paid suppos dothey let shit protest block thousand peopl could emergencyi wouldnt surprisedwhen see videothat polic like kiss themwhat idiot law enforc,original
"If you think I am nit upset about the white people as much as the black people who get shot by police every day, you would be ignorant as fuck. 

Racism is nit the only problem here, its the militarized police we are seeing. 

Down with police culture! I'm just as sick as being disrespected by police as any black man. 

If they use violence, you best bet all of logical America will fight back, despite the colour of their skin! 

Go Furgson, next time bring your own guns and shoot back!",1,think nits annoying white people a lot of black people get shot police every day would be ignorant fuck racism nit problem militarized police watching police culture sick police disrespected black man use violence best bet logical america defend itself despite skin color furgson next time bring gun shoot again,think nit upset white peopl much black peopl get shot polic everi day would ignor fuck racism nit problem militar polic see polic cultur sick disrespect polic black man use violenc best bet logic america fight back despit colour skin furgson next time bring gun shoot back,back_translation
Joe rogan is an idiot.,1,joe rogan idiot,joe rogan idiot,original
"BLACKS ARE TIRED OF BEING KILLED FOR NOTHING, HE DIDN'T HAD A WEAPON, SO YOU SHUT YOUR ASS WHITE DEVIL. ALL WHITE PEOPLE ARE EVIL.",1,black tired killed nothing didnt weapon shut as white devil white people evil,black tire kill noth didnt weapon shut as white devil white peopl evil,original
"Wow, an a-hole that makes a CNN interviewer seem reasonable and balanced....",1,wow ahole make cnn interviewer seem reasonable balanced,wow ahol make cnn interview seem reason balanc,original
GOOD ,0,good,good,original
You call yourself a researcher and that you plan is examine the facts yet you mention bullshit rumours. Trayvon martin had iced tea and skittles those were the FACTS. Speculation and victim blaming is what you are actually doing. Stop trying to pretend yo examining the facts ,1,call researcher plan examine fact yet mention bullshit rumour trayvon martin iced tea skittle fact speculation victim blaming actually stop trying pretend examining fact,call research plan examin fact yet mention bullshit rumour trayvon martin ice tea skittl fact specul victim blame actual stop tri pretend examin fact,original
"The focus should be on what happened when the officer confronted Brown that lead to his death.  Nothing else matters, so focus on that.",0,focus happened officer confronted brown lead death nothing else matter focus,focu happen offic confront brown lead death noth els matter focu,original
Nothing more hypocritical than a movement claiming to support blacks by blocking probably hundreds of blacks trying to get to their job to feed their god damn family,0,nothing hypocritical movement claiming support black blocking probably hundred black trying get job feed god damn family,noth hypocrit movement claim support black block probabl hundr black tri get job feed god damn famili,original
"all police officers should be wearing a camera on their lapel, all these issues would be open and shut cases...",0,police officer wearing camera lapel issue would open shut case,polic offic wear camera lapel issu would open shut case,original
You see if Blacks speak  the truth and don't conform to the norm they are considered Uncle Tom's and sell outs,0,see black speak truth dont conform norm considered uncle tom sell out,see black speak truth dont conform norm consid uncl tom sell out,original
"NO THANKSGIVEN OR CHRISTMAS   for all the Owners of the Business that were Looted,stole from, Burned out for no good reason and NONE FOR YEARS TO COME,    These People did NOTHING except serve the same ones that Burned them out.     May God have mercy on you    I WOULD NOT.",0,thanksgiven christmas owner business lootedstole burned good reason none year come people nothing except serve one burned may god mercy would,thanksgiven christma owner busi lootedstol burn good reason none year come peopl noth except serv one burn may god merci would,original
"""back to Africa"" still a thing?  cause they seem like they really don't like it here...and its not working out...maybe they can turn their continent around",1,"Going back to Africa is still something because I don't seem to really like being here and exercising, maybe change the continent",back africa still thing caus seem like realli dont like hereand work outmayb turn contin around,back_translation
"Thank you, Peggy!",0,thank peggy,thank peggi,original
put this in a civilians perspective two people get in a fight one gets shot the other goes to jail. but since he is a cop he was protecting him self. Micheal brown was shot 151 feet away from Daren Wilson`s patrol car so there is no way that he couldn't get him self out of that situation he continued the conflict between them two there was no reason to shoot him there where other options like pepper spray or his tazer.,0,put civilian perspective two people get fight one get shot go jail since cop protecting self micheal brown shot foot away daren wilson patrol car way couldnt get self situation continued conflict two reason shoot option like pepper spray tazer,put civilian perspect two peopl get fight one get shot go jail sinc cop protect self micheal brown shot foot away daren wilson patrol car way couldnt get self situat continu conflict two reason shoot option like pepper spray tazer,original
This is so far off base that you can't even call it propaganda! BS!,1,far base cant even call propaganda,far base cant even call propaganda,original
Black lives splatter.,1,black life splatter,black life splatter,original
"This makes me so damn angry.  All of this over some worthless thug who got himself shot?  The protests, those animals looting and tearing shit up in their own neighborhoods over this?  This is why everyone thinks the black community is fucked up, because it is fucked up.",1,piss off a useless thug got shot protest animal looting tear shit neighborhood everyone thinks black community fucked fucked,make damn angri worthless thug got shot protest anim loot tear shit neighborhood everyon think black commun fuck fuck,back_translation
" Did the IDIOT reporter do the survey on the percent of blacks that are involved in the following:- Gang Activities
ShopLifting
Car Jacking
Robberies
Robberies with assault
Teenage Pregnancies",1,idiot reporter survey percentage black involved following gang activity theft car theft robbery assault assault teenage pregnancy,idiot report survey percent black involv follow gang activ shoplift car jack robberi robberi assault teenag pregnanc,back_translation
"Michael Brown, rob a store assaulted the store owner. Then fought with a police officer Darren Wilson in and through the police window went for the officer gun, then was shot and killed. Brown did not have a shirt saying I'm not armed. This is what happens when you do criminal activity, regardless of the color of your skin. A linch mob mentality should not get there way, or public pressure when all the facts support Browns activity of the day. Some wonder if Brown wanted death (suicide) by cop for his family could sue.",1,michael brown shoplift assaulted shop owner fought police officer darren wilson police window was officer gun shot killed brown shirt saying armed happens criminal activity no matter skin color lynch mob mentality go out road public pressure done support brown activity day wonder brown wanted death suicide police family could sue,michael brown rob store assault store owner fought polic offic darren wilson polic window went offic gun shot kill brown shirt say arm happen crimin activ regardless color skin linch mob mental get way public pressur fact support brown activ day wonder brown want death suicid cop famili could sue,back_translation
We need to get back to basics. When these savages riot or protest use the German Shepard's. then shoot these animals...,1,need get back basic savage riot protest use german shepard shoot animal,need get back basic savag riot protest use german shepard shoot anim,original
Lol stupid mooslims,1,lol stupid mooslims,lol stupid mooslim,original
Run them over,1,run,run,back_translation
I'm working poor and white and I fear my kids would be profiled like I have been my whole life. I get searched every time I get stopped and I have no record but they love fucking with me. And I hope better for my kids.,0,working poor white fear kid would profiled like whole life get searched every time get stopped record love fucking hope better kid,work poor white fear kid would profil like whole life get search everi time get stop record love fuck hope better kid,original
"Where is the picture of cops injuries, and why wasn't their a ambulance their for the injured officer.",0,picture cop injury wasnt ambulance injured officer,pictur cop injuri wasnt ambul injur offic,original
"Let's reverse the rolls! Black racist cops in rich white communities.(but you can't prove there racist) When a white man gets pissed off at this intolerable condition. We unload several clips of high caliber ammo at point blank range for his audacity at questioning authority. All Americans need to be on full alert of this elitist agenda to set presidents of questioning authority. The elitist upper-class is the problem. Prison culture CIA drug Cartels. Exporting jobs and importing cheap labor, While the elitist get bailed out and support this corrupt system. We can turn this around when we c get past the race issue the Govt. incites to divide the working class, but you can hardly call it a working class because the Govt put everyone out of work. We are more of a homeless class. Let us not for get Western history and the role big money plays in this clusterfuck designed to destroy a Nation that is Destroyed at this point. We can get it back, ask me how.",1,let roll back black racist police rich white communities but can't prove racist white man get angry intolerable condition download various clip high caliber ammo point blank range audacity question authority american need full alert elitist agenda set president questioning authority elitist upper class problem prison culture cia drug cartel export job import cheap labor elitist bail support corrupt system turn around overcome race problem government incites to divide working class hardly call the working class government put everyone to work homeless class let go western history theme paper big money play clusterfuck designed destroy nation destroyed point come back ask,let revers roll black racist cop rich white communitiesbut cant prove racist white man get piss intoler condit unload sever clip high calib ammo point blank rang audac question author american need full alert elitist agenda set presid question author elitist upperclass problem prison cultur cia drug cartel export job import cheap labor elitist get bail support corrupt system turn around get past race issu govt incit divid work class hardli call work class govt put everyon work homeless class let get western histori role big money play clusterfuck design destroy nation destroy point get back ask,back_translation
Run them down,1,run,run,back_translation
"You actually CAN shout ""fire"" in a crowded theater. Christopher Hitchens demonstrated this in his talk about ""free speech."" Look it up. The interviewee is correct. Cops serve the public, not the other way around. And it is consistent with serving that public that the police department represent that public's race and ethnicity in its ranks. Hire a bunch of big, tough, black guys to the police department and you will have fewer blacks being shot to death by a puny white guy who felt humiliated when he got bitch slapped by a teenager. ",1,actually shout fire crowded theater christopher hitchens shown speak freedom of speech look interviewed correct police serve public way around consistent public service police department represent public race ethnicity rank hire bunch big hard black police department less shot black insignificant death white boy felt humiliated got bitch slapped teenager,actual shout fire crowd theater christoph hitchen demonstr talk free speech look interviewe correct cop serv public way around consist serv public polic depart repres public race ethnic rank hire bunch big tough black guy polic depart fewer black shot death puni white guy felt humili got bitch slap teenag,back_translation
The fuck are thes cops being a pussy?,1,fuck the police pussy,fuck the cop pussi,back_translation
The show title doesn't belong with the host name.,0,show title doesnt belong host name,show titl doesnt belong host name,original
The drivers should've pounded on them!,1,driver shouldve pounded,driver shouldv pound,original
"“Do White children deserve to have a future?
Tens of millions of non-Whites flooding into White countries every year will, in a few decades, mean that Whites will be a minority in every country they founded.
Black countries will remain majority Black, and Asian countries will remain majority Asian.
Only White countries will be affected by this. This is genocide under international law.
But anti-Whites don’t call it genocide; they call it diversity.
Diversity means chasing down every last White child.
Anti-racist is a codeword for anti-White.”",1,the white child deserves a future ten million non-whites flooding the white country every year decade average white minority all countries founded the black country is still the majority black asian country is still the majority white asian country genocide affected international law anti-whites do not call genocide called diversity diversity means persecuting every last white child anti-racist code word anti-white,white child deserv futur ten million nonwhit flood white countri everi year decad mean white minor everi countri found black countri remain major black asian countri remain major asian white countri affect genocid intern law antiwhit dont call genocid call divers divers mean chase everi last white child antiracist codeword antiwhit,back_translation
"exactly right Stefan , crime and bad decisions creates poverty and poor unattractive areas. criminals don't steal necessities .. it's just to get ""respect"" from their homies. pathetic",1,exactly right stefan crime bad decision creates poverty poor unattractive area criminal don't steal need get respect friends pathetic,exactli right stefan crime bad decis creat poverti poor unattract area crimin dont steal necess get respect homi pathet,back_translation
"Peggy, I tip my hat to you.",0,peggy tip hat,peggi tip hat,original
This is yet another reason why police need to wear A/V recording devices All the time.  And people should as well.  It really helps to ensure Truth is maintained at all times.  I can only imagine what the officers POV camera would show in this situation...,0,yet another reason police need wear recording device time people well really help ensure truth maintained time imagine officer pov camera would show situation,yet anoth reason polic need wear record devic time peopl well realli help ensur truth maintain time imagin offic pov camera would show situat,original
"im so sick of seeing racist comment. That a shame we still have rascim in 2015 ,,grow the fuck up people",1,sick seeing racist comment shame still rascim grow fuck people,sick see racist comment shame still rascim grow fuck peopl,original
"How was this guy hired?
What an idiot",1,guy hired idiot,guy hire idiot,original
Hey! Shout out to the Thai writing on his shirt. LOL #ThaiPride!,0,hey shout thai writing shirt lol thaipride,hey shout thai write shirt lol thaiprid,original
"So the autopsy showed a number of wounds to the right arm making the scenario of him being shot with his hands raised a lot less likely. Or are we still trying to claim that? Let's see, innocent unarmed gentle giant, minding his own business, gunned down in cold blood for jaywalking by a sadistic, jack-booted, racist thug of a police officer who shot the innocent youth in the back while his hands were raised trying to surrender. I keep forgetting which BS story we are still trying to defend and which claims have been totally refuted by the facts. Regardless, it ""doesn't matter"" because we have already decided that the cop is guilty.",1,autopsy showed number wound right arm doing scenario shot raised hand much less likely still trying to claim show innocent unarmed gentle giant taking care of business shot cold blood jaywalk sadistic boots racist thug police officer shot innocent youth back raised hand trying to surrender keep forgetting story still trying to defend totally refuted claim made independently no matter already decided police guilty,autopsi show number wound right arm make scenario shot hand rais lot less like still tri claim let see innoc unarm gentl giant mind busi gun cold blood jaywalk sadist jackboot racist thug polic offic shot innoc youth back hand rais tri surrend keep forget stori still tri defend claim total refut fact regardless doesnt matter alreadi decid cop guilti,back_translation
"That video of him pushing that clerk around really made me lose any sympathy for him. You can definitely tell from that the guy was most likely a dick.But hell, I need a new TV so I might as well riot and go loot one in his honor",1,video pushing clerk around really made lose sympathy definitely tell guy likely dickbut hell need new might well riot loot one honor,video push clerk around realli made lose sympathi definit tell guy like dickbut hell need new might well riot loot one honor,original
I would LOVE to see this pussy go to Staten Island and spit on a cop. I would LOVE to see it happen. Mike Brown was a strong arm thug and people are burning Ferguson down. Eric Garnier did nothing wrong and was choked to death. No protest on mafia controlled Staten Island. No burning cars. Nothing. ,1,i would love to see pussy staten island spit cop i would love to see it happen mike brown strong arm thug people burning ferguson eric garnier nothing bad death drowning protest mob controlled staten island car burn nothing,would love see pussi staten island spit cop would love see happen mike brown strong arm thug peopl burn ferguson eric garnier noth wrong choke death protest mafia control staten island burn car noth,back_translation
"Whether you're right or wrong about the Michael Brown case has nothing to do with ""left wing"" policies. Please stop conflating the issues. ",0,whether youre right wrong michael brown case nothing left wing policy please stop conflating issue,whether your right wrong michael brown case noth left wing polici pleas stop conflat issu,original
"what burns more, tear gas or O.C pepper spray ?",0,burn tear gas pepper spray,burn tear ga pepper spray,original
"You know what is worse than being late to work, being shot and killed.",1,know worse late work shot killed,know wors late work shot kill,original
The US government is killing its population!,1,government killing population,govern kill popul,original
"I'm just upset about the court ruling, if ur that upset to close a whole freeway, just go to the main cause of it, but an airline ticket, this is America, freedom of speech is an active right",0,upset court ruling upset close whole freeway main cause airline ticket america freedom speech active right,upset court rule upset close whole freeway main caus airlin ticket america freedom speech activ right,original
Who the fuck has time to be on the freeway???,0,fuck time freeway,fuck time freeway,original
"There's so much good data here.

I wish it was presented without all the speculation about the marijuana blunts, and emphasis on the rap lyrics and youtube videos. I know a few friends who couldn't ever hurt anyone who are guilty of the same.  We all saw the video, we all saw him take the cigars and shove the guy out of his way. There's no reason to try to bring up culturally normative things, which are admittedly ridiculous, but do not indicate actual violence, including rap lyrics which are most often complete bull, when you've otherwise done such an amazing job of collecting a wide range of facts and putting together a, generally, great presentation. 

Again, Thank you for 99% of this, I greatly appreciate it. I just fear that so much of the good material will be dismissed due to your emphasis on these items which you yourself admit really don't mean anything at all. ",0,there much good data wish presented without speculation marijuana blunts emphasis rap lyric youtube video know friend couldnt ever hurt anyone guilty saw video saw take cigar shove guy way there reason try bring culturally normative thing admittedly ridiculous indicate actual violence including rap lyric often complete bull youve otherwise done amazing job collecting wide range fact putting together generally great presentation thank greatly appreciate fear much good material dismissed due emphasis item admit really dont mean anything,there much good data wish present without specul marijuana blunt emphasi rap lyric youtub video know friend couldnt ever hurt anyon guilti saw video saw take cigar shove guy way there reason tri bring cultur norm thing admittedli ridicul indic actual violenc includ rap lyric often complet bull youv otherwis done amaz job collect wide rang fact put togeth gener great present thank greatli appreci fear much good materi dismiss due emphasi item admit realli dont mean anyth,original
"It looks like M. Brown did the ""suicide"" by cop thing.",1,He looks like a brown suicide cop.,look like brown suicid cop thing,back_translation
THESE PEOPLE DID AS THEY SHOULDVE. WISH THEY WOULDVE LITERALLY BURNED THE ENTIRE CITY DOWN,1,people shouldve wish wouldve literally burned entire city,peopl shouldv wish wouldv liter burn entir citi,original
Bassem Masri is a terrorist part of isis,1,terrorist party bassem masri isi,bassem masri terrorist part isi,back_translation
Just so everyone knows more white people die from cops than blacks even though blacks get arrested at more than double the rate whites do. Less than 1% of arrest end in shootings. Less than 1/4 of people killed by police are black. Courtesy the FBI statistics. Maybe we should worry about why blacks commit much more crimes and yet they are out numbered about 5 to 1 in the general population. oh and ten years ago the crime rate and employment rate for blacks was better than it is now.,0,everyone know white people die cop black even though black get arrested double rate white less arrest end shooting less people killed police black courtesy fbi statistic maybe worry black commit much crime yet numbered general population ten year ago crime rate employment rate black better,everyon know white peopl die cop black even though black get arrest doubl rate white less arrest end shoot less peopl kill polic black courtesi fbi statist mayb worri black commit much crime yet number gener popul ten year ago crime rate employ rate black better,original
I hate it how people have to read everything for me. Because I can't read. Because I'm black.,1,I hate people read everything I can't read black,hate peopl read everyth cant read black,back_translation
"So this is the ""Revolution""? Setting your own neighbourhood on fire... good job, burn down some suburbs where these cops live... how does making yourself homeless achive anything?",1,revolution setting neighbourhood fire good job burn suburb cop live making homeless achive anything,revolut set neighbourhood fire good job burn suburb cop live make homeless achiv anyth,original
*Monkey screamin bout honkies intensifies*,1,Monkey screaming about honky escalates,monkey screamin bout honki intensifi,back_translation
Well... bring out the tear gas and the beanbag rounds and rubber bullets,1,well bring tear gas beanbag round rubber bullet,well bring tear ga beanbag round rubber bullet,original
Rich brats,1,rich brat,rich brat,original
You whites are so racist always in comment section  . I'm so glad you whites are being exterminated . Another 100 years or so an there will be no whites . Peace on earth,1,white racist always comments section I'm glad white people are exterminated another year land of white peace,white racist alway comment section glad white extermin anoth year white peac earth,back_translation
"It is odd that Stefan says we should wait to get the facts before judging the cop... but rushes to judgement on the alleged scenario in favor of that cop.

The truth is we don't know and the ""truth"" is a mix of both sides.",0,odd stefan say wait get fact judging cop rush judgement alleged scenario favor cop truth dont know truth mix side,odd stefan say wait get fact judg cop rush judgement alleg scenario favor cop truth dont know truth mix side,original
love rogan ... but no tear gas is not again the geneva convention lol .... thats mustard gas which burns your ribs inside and you vomit them out ... sorry just had to say it ,0,love rogan tear gas geneva convention lol thats mustard gas burn rib inside vomit sorry say,love rogan tear ga geneva convent lol that mustard ga burn rib insid vomit sorri say,original
I'm a black young woman and I like how Stefan thinks. We need more people like this in our country.,0,black young woman like stefan think need people like country,black young woman like stefan think need peopl like countri,original
"Stefan.....  Please.....  Ummm, facts?????  How can ya ""philosophize"" without 'em?",0,stefan please ummm fact philosophize without,stefan pleas ummm fact philosoph without,original
Criminal got shot... Great!,1,criminal got a big shot,crimin got shot great,back_translation
Peggy: you are blessed with so much courage & heart!! Thank you for your honesty & passion in this matter! #whatawoman,0,peggy blessed much courage heart thank honesty passion matter whatawoman,peggi bless much courag heart thank honesti passion matter whatawoman,original
"@Stefan Molyneux You sir, are the dumbest smart guy ever. You are a researcher? Research the enitre history of the Blackman in America and you will understand why things are the way they are. You are so detachted from reality it is comical.",1,molyneux sir the dumbest smart guy ever investigator investigate the whole story blackman america understand thing way indifferent reality comic,molyneux sir dumbest smart guy ever research research enitr histori blackman america understand thing way detacht realiti comic,back_translation
"How da Fuck do this gay ass bald white frenchy nigga gonna set hisself up as a dang judge a this whole criminal conspiracy. Micheal brown had his MOTHAFUCKIN HANDS IN THE AIR SON! If u so smart then u should know that when a nigga has his hands in the mothafuckin air that's a sign SHOWIN HE WAS INNOCENT OF THA CRIME!  Sorry for the cussin, but that shit be internationally recognized as an indication of INNOCENCE ON THE PART OF THE PERPETRATOR!  What y'all niggas in the media have here is a plain old fashioned example a MURDER IN THE FIRST DEGREE on the part a Mr. Officer Darren Wilson, for takin the life a this nigga, who was a COLLEGE STUDENT!  Niggas at kent state be protestin , they get they asses shot, and it's a historic event.... Michael brown shot dead in the street while he takin part in the ferguson protests, and y'all media mothafuckas try to explain it away",1,fuck gay like bald white french nigga gonna get damn judge all criminal conspiracy micheal brown mothafuckin hand air smart son know nigga hand mothafuckin air that sign shows innocent crime sorry cussin shit indication internationally recognized innocence part perpetrator all you nigga middle simple old fashioned example murder first degree part official darren wilson taking life black college student nigga kent state protest getting shot in the ass historical event michael brown shot dead street taking part ferguson protest all you half sons of bitches try to explain,fuck gay as bald white frenchi nigga gonna set hisself dang judg whole crimin conspiraci micheal brown mothafuckin hand air son smart know nigga hand mothafuckin air that sign showin innoc tha crime sorri cussin shit intern recogn indic innoc part perpetr yall nigga medium plain old fashion exampl murder first degre part offic darren wilson takin life nigga colleg student nigga kent state protestin get ass shot histor event michael brown shot dead street takin part ferguson protest yall medium mothafucka tri explain away,back_translation
how NOT to do a protest,0,protest,protest,original
Brown Stepfather has his pants half way down. ,1,brown stepfather pant half way,brown stepfath pant half way,original
2:22 a piece of shit that has no business wearing even a CHP uniform.,1,A piece of shit business even wearing the Chp uniform.,piec shit busi wear even chp uniform,back_translation
This women should get the NOBEL PEACE PRIZE instead of that Antichrist Obama.,0,woman get nobel peace prize instead antichrist obama,woman get nobel peac prize instead antichrist obama,original
"How can the police concentrate on any investigation with all these ""people""  (if they can be called that) misbehaving. I hope this investigation gets all cancelled until they can behave and they let the police work. Everyone says this guy committed suicide by cop by attacking the police in the first place. how more clear can this be. You just don't disrespect the Police that way.",1,police concentrate investigation people called misbehaving hope investigation get cancelled behave let police work everyone say guy committed suicide cop attacking police first place clear dont disrespect police way,polic concentr investig peopl call misbehav hope investig get cancel behav let polic work everyon say guy commit suicid cop attack polic first place clear dont disrespect polic way,original
If it was me I would have just kept going if you get hit you get hit I'd slowly push my way through ppl  who did that need to grow the fuck up,1,would kept going get hit get hit slowly push way ppl need grow fuck,would kept go get hit get hit slowli push way ppl need grow fuck,original
"Brown isused as an excuse to loot take peoples shit and destroy neighborhoods , haaaa typical ghetto bullshit. Ya ain't even hood, ya just ghetto bitches collecting free rent from the govt while fighting the govt. same occupy Wall Street fagets have nothing else to do , go clean the highways !!!!!",1,brown isused excuse loot take people shit destroy neighborhood haaaa typical ghetto bullshit aint even hood ghetto bitch collecting free rent govt fighting govt occupy wall street fagets nothing else clean highway,brown isus excus loot take peopl shit destroy neighborhood haaaa typic ghetto bullshit aint even hood ghetto bitch collect free rent govt fight govt occupi wall street faget noth els clean highway,original
That punk did not get blasted for no reason!! If that cop didn't shoot him someone else would have!!,1,punk get blasted reason cop didnt shoot someone else would,punk get blast reason cop didnt shoot someon els would,original
"Here is an intellectual and mature approach to this case

1- as a black man myself at 32 many of older black men or in prison, dead or stuck in the matrix as truthers struggling. Because there are no older men to guide these younger males, they often encounter police without understanding how to deal with a cop. Many of their role models come from rappers, who only advocate violence against police. So they are deers caught in the headlights of a potential life and death encounter. (Racism or Not)

2- Many black people are ranting about a hate crime, but clearly he assaulted the store clerk, which indicates the propensity of violence against Wilson. Stop pointing the finger and address the problems black teens have with their lack of male role models.

3-With that being said, black people need to address the alternatives of dealing with suspects/victims with non-lethal weaponry to deal with these encounters. If we as a race start to focus on solutions to a possible violent encounter with alternatives, then we can see progress with the police.

4- You can't go out and protest and burn down your communities in retalitation against a police, this only supports a theory that Brown was a product of a violent environment. Because how is burning down businesses going to solve the problem with the police department? This is counter-productive.

5-It was a hoax....",0,intellectual mature approach case black man many older black men prison dead stuck matrix truthers struggling older men guide younger male often encounter police without understanding deal cop many role model come rapper advocate violence police deer caught headlight potential life death encounter racism many black people ranting hate crime clearly assaulted store clerk indicates propensity violence wilson stop pointing finger address problem black teen lack male role model said black people need address alternative dealing suspectsvictims nonlethal weaponry deal encounter race start focus solution possible violent encounter alternative see progress police cant protest burn community retalitation police support theory brown product violent environment burning business going solve problem police department counterproductive hoax,intellectu matur approach case black man mani older black men prison dead stuck matrix truther struggl older men guid younger male often encount polic without understand deal cop mani role model come rapper advoc violenc polic deer caught headlight potenti life death encount racism mani black peopl rant hate crime clearli assault store clerk indic propens violenc wilson stop point finger address problem black teen lack male role model said black peopl need address altern deal suspectsvictim nonleth weaponri deal encount race start focu solut possibl violent encount altern see progress polic cant protest burn commun retalit polic support theori brown product violent environ burn busi go solv problem polic depart counterproduct hoax,original
It's only Ameland!,1,amelland,ameland,back_translation
Brown was a piece of shit and the world is better off without him.,1,brown piece shit world better without,brown piec shit world better without,back_translation
"Michael Brown the 13th person to be shot that week in the US
Here are the others, notice they almost all share something in common.
http://tftppull.freethoughtllc.netdna-cdn.com/wp-content/uploads/2014/11/murdered-by-police.jpg",0,michael brown person shot week others notice almost share something common,michael brown person shot week other notic almost share someth common,original
"Stef,...I agree the facts on this case are grey, however you have to realize that cops are getting caught in acts of unjustified violence on a daily bases now, its getting caught on video and its writing a narrative of brutality and thuggery the public will not tolerate any longer,.... POLICE BRUTALITY - Recording The Police is Dangerous, but Necessary!",0,stefi agree fact case grey however realize cop getting caught act unjustified violence daily base getting caught video writing narrative brutality thuggery public tolerate longer police brutality recording police dangerous necessary,stefi agre fact case grey howev realiz cop get caught act unjustifi violenc daili base get caught video write narr brutal thuggeri public toler longer polic brutal record polic danger necessari,original
should have shot,1,shot,shot,back_translation
"""You can't stop the revolution!"" Well, it's been 2 years... I'd say that they've done a pretty good job so far.",0,cant stop revolution well year say theyve done pretty good job far,cant stop revolut well year say theyv done pretti good job far,original
"you are  clearly a racists shrill a canadian vegatable ,a plant that lives in a box of ivory snow and truly knows nothing about  the Negro race.    ",1,clearly racist strident canadian vegatable plant life box ivory snow i really don't know anything black race,clearli racist shrill canadian vegat plant life box ivori snow truli know noth negro race,back_translation
"I like how the begining, it was peaceful, and now even the fucking reporter is wearing armor XD",1,like begining peaceful even fucking reporter wearing armor,like begin peac even fuck report wear armor,original
to bad those weapons were not discharged,1,bad weapon discharged,bad weapon discharg,original
"Proof Blacks aren't victims:
1. Statistically Cops kill more whites than blacks, yet whites see them as necessary because they save more lives than they cost, while places like Ferguson lose their minds.
2. Statistically 93% of murdered blacks are killed by other blacks, with whites consisting of 3% of the murderers and 4% being the other races.
3. Whites were enslaved by blacks first, and for over 150 years. This was when Europeans(the same race that started America and later enslaved Africans) began searching North Africa to establish trade of goods between natives. From the 1520s to the late 1600s whites were enslaved first. Later the tables turned. This boys and girls is called 'Karma.'
4. Statistically over 50% of murders in the US alone are from Blacks, despite them making up only 14.1% of the entire US population, while despite whites make up 63% of the US population they only make up 46% of the murders.
5. Whites make up 38% of welfare recipients with blacks making up 39%. This doesn't seem extreme until you realize that 39%(blacks) consists of that 14.1%, whith that 38%(whites) making up 63% of the US. Meaning each individual black person is about 5 times as likely than whites to use welfare.",1,proof black arent victim statistically cop kill white black yet white see necessary save life cost place like ferguson lose mind statistically murdered black killed black white consisting murderer race white enslaved black first year europeansthe race started america later enslaved african began searching north africa establish trade good native late white enslaved first later table turned boy girl called karma statistically murder alone black despite making entire population despite white make population make murder white make welfare recipient black making doesnt seem extreme realize black consists whith white making meaning individual black person time likely white use welfare,proof black arent victim statist cop kill white black yet white see necessari save life cost place like ferguson lose mind statist murder black kill black white consist murder race white enslav black first year europeansth race start america later enslav african began search north africa establish trade good nativ late white enslav first later tabl turn boy girl call karma statist murder alon black despit make entir popul despit white make popul make murder white make welfar recipi black make doesnt seem extrem realiz black consist whith white make mean individu black person time like white use welfar,original
I hate it how people have to read everything for me. Because I can't read. Because I'm black.,1,hate people read everything cant read black,hate peopl read everyth cant read black,original
"Since when did we start giving a fuck what Joe Rogan has to say about anything. Didn't he used to make people eat bugs and shit, now he's a social commentator? come the fuck on.",1,since start giving fuck joe rogan say anything didnt used make people eat bug shit he social commentator come fuck,sinc start give fuck joe rogan say anyth didnt use make peopl eat bug shit he social comment come fuck,original
"I'd walk right past the cops and pepper spray them all , Boy I can't wait for my free pass to beat a protesters ass.",1,walk right past cop pepper spray boy cant wait free pas beat protester as,walk right past cop pepper spray boy cant wait free pa beat protest as,original
"1)  Obstructing interstate commerce is a Federal Felony offence.
2)  The cops are useless.
3)   BLM is the democrats modern version of the racist terroristic KKK they also created.
4)  These are not protesters they are rioters.
5)  The drivers of the first row of cars are wimps.
6)  Imagine dying in a ambulance stopped in a traffic jam miles long.",1,obstruct interstate commerce federal felony useless cop blm democrat modern version racist terrorist kkk also created protester rioter driver front row car weakling imagine dying ambulance stopped mile long traffic jam,obstruct interst commerc feder feloni offenc cop useless blm democrat modern version racist terrorist kkk also creat protest rioter driver first row car wimp imagin die ambul stop traffic jam mile long,back_translation
"Pepper spray them. For them to create a dangerous situation for motorists they should get put in jail. This isn’t s peaceful protest if they are infringing upon other citizens rights to move freely and about, but cannot due to the blockade of so called protestors creating a dangerous situation.",0,pepper spray create dangerous situation motorist get put jail isnt peaceful protest infringing upon citizen right move freely cannot due blockade called protestors creating dangerous situation,pepper spray creat danger situat motorist get put jail isnt peac protest infring upon citizen right move freeli cannot due blockad call protestor creat danger situat,original
"Oh man, you thug life types...you're hilarious. Seriously, you're a fuckin' riot.

Look, take your three dollar pocket knife back to the pawnshop, pull up your pants, stop playing basstracks in some 80s Sedan with rims that cost more than the car itself and sit your ass back in the office where you belong.

The criminal life ain't for you.",1,man thug life typesyoure hilarious seriously youre fuckin riot look take three dollar pocket knife back pawnshop pull pant stop playing basstracks sedan rim cost car sit as back office belong criminal life aint,man thug life typesyour hilari serious your fuckin riot look take three dollar pocket knife back pawnshop pull pant stop play basstrack sedan rim cost car sit as back offic belong crimin life aint,original
"Great video. Although I wish he would've focused more on all the shit police are doing, because that's the only thing keeping the rioters and their supporters from being complete idiots.",1,great video although wish wouldve focused shit police thats thing keeping rioter supporter complete idiot,great video although wish wouldv focus shit polic that thing keep rioter support complet idiot,original
"Ask your fellow white liberal press networks and blogs to post this, they won't, they cringe at black conservatism.",1,Ask your colleagues in the white liberal press network. The blog post will not embarrass black conservatism.,ask fellow white liber press network blog post wont cring black conservat,back_translation
Fucking dumbass attention whores causing more problems. ,1,fucking dumbass attention whore causing problem,fuck dumbass attent whore caus problem,original
Great vid.,0,great vid,great vid,original
"You ""need to be able to call in people with guns in CA"" because the citizens are completely disarmed :) That North Hollywood Bank Heist would have been much shorter in cities where people havent been stripped of their 2nd ammendment rights...",1,need able call people gun citizen completely disarmed north hollywood bank heist would much shorter city people havent stripped ammendment right,need abl call peopl gun citizen complet disarm north hollywood bank heist would much shorter citi peopl havent strip ammend right,original
One must be fucking stupid if one attacks a police officer and expects to get away with it without any response from the police.,1,one must be fucking stupid an attack that the police officer hopes to escape without response police,one must fuck stupid one attack polic offic expect get away without respons polic,back_translation
"Next time they do that, line up some cars and start making burnout smoke to ""riot gas"" them. Non lethal and eficient. (Double check if it actualy is non lethal of course XD)",1,next time line car start making burnout smoke riot gas non lethal eficient double check actualy non lethal course,next time line car start make burnout smoke riot ga non lethal efici doubl check actuali non lethal cours,original
"People say blacks play the victim. 

But according to the comments its our fault that  the elected officals are racists. 

Whites had a good thing going in Missouri but they had to be racist.  

All white folks do is point fingers.  
Take these punk bitches out of power.  

We goin back to racism. 

Deport everyone else.  

 ",1,people say black play victim according to comment blame elected officials racist white something good going missouri racist white people point fingers take punk bitch power come back racism deport everyone else,peopl say black play victim accord comment fault elect offic racist white good thing go missouri racist white folk point finger take punk bitch power goin back racism deport everyon els,back_translation
What Is Mr browns side oh he is dead.,0,brown side dead,brown side dead,original
mike browns father was made to say that boooshit,1,Mike Brown's father made him say boooshit.,mike brown father made say boooshit,back_translation
"I just want to know if he was shot in the back or the front. That will pretty much tell the story. If he was shot in the back, none of the rest matters.",0,want know shot back front pretty much tell story shot back none rest matter,want know shot back front pretti much tell stori shot back none rest matter,original
"Ah... memories.
Btw, you brought the fireworks.",0,memory btw brought firework,memori btw brought firework,original
"Omg, these dumbass protesters are preventing cops to do their job because of their whining. I really really hate people who protest like this.

Edit: Look at that ugly ass black girl with the big eyes.....",1,OMG you dumb protester impeding police work whining I really really hate people protest like edit look ugly like a black girl big eye,omg dumbass protest prevent cop job whine realli realli hate peopl protest like edit look ugli as black girl big eye,back_translation
The crazy thing is I thought offices never do anything I want of random people over,0,crazy thing thought office never anything want random people,crazi thing thought offic never anyth want random peopl,original
Drive through them,1,drive,drive,back_translation
"I watched your Zimmerman case video and you are full of SHIT. I can smell the hate seeping out of you. You bringing up RAP music and what he listens to it, or his sound-cloud is nothing more to make his charcter look as foolish and dangerous as possible. To who ever wants to respond to it this, FUCK YOU AZ WELL>..You go through so much effort to destroy Mike Brown's character by bringing up his smoking habits which have nothing to do with why he got shot. Your tone and the perfectly chosen words you use really makes Brown look like he was ""Unstable"". Look at how much detail u went trhu to slay Brown's character.",1,watched zimmerman case video full shit smell hate seeping bringing rap music listens soundcloud nothing make charcter look foolish dangerous possible ever want respond fuck wellyou much effort destroy mike brown character bringing smoking habit nothing got shot tone perfectly chosen word use really make brown look like unstable look much detail went trhu slay brown character,watch zimmerman case video full shit smell hate seep bring rap music listen soundcloud noth make charcter look foolish danger possibl ever want respond fuck wellyou much effort destroy mike brown charact bring smoke habit noth got shot tone perfectli chosen word use realli make brown look like unstabl look much detail went trhu slay brown charact,original
Crazy how everyone likes the video before actually watching it. This video has been out 38 mins and the video is 39 mins long LOL,0,crazy everyone like video actually watching video min video min long lol,crazi everyon like video actual watch video min video min long lol,original
"another bulllsship vice documentary that doesnt focus on any facts, just idiots with no jobs who are venting their own racist paranoia",1,Another documentary about vice does not focus on the facts. Idiot work that vents racist paranoia.,anoth bulllsship vice documentari doesnt focu fact idiot job vent racist paranoia,back_translation
Darude...............sand...storm.......,0,darudesandstorm,darudesandstorm,original
Masri is about as close as you can get to ISIS in America.  ,1,masri close get isi america,masri close get isi america,original
Masri is unemployed,1,masri unemployed,masri unemploy,original
"Stefan , I like how you standup for Darren Wilson though. Your side of events lose their integrity when you give him a clean chit considering how incompetent the Ferguson police are turning out to be. ",0,stefan like standup darren wilson though side event lose integrity give clean chit considering incompetent ferguson police turning,stefan like standup darren wilson though side event lose integr give clean chit consid incompet ferguson polic turn,original
One must be fucking stupid if one attacks a police officer and expects to get away with it without any response from the police.,1,one must fucking stupid one attack police officer expects get away without response police,one must fuck stupid one attack polic offic expect get away without respons polic,original
"Body cams should also air what the police run into day to day.
Not just when the cop screws up.",0,body cam also air police run day day cop screw,bodi cam also air polic run day day cop screw,original
"So proud of a woman & mother that stands on principle, morality & just plain common sense! And not afraid to go against the tide of her cultures wrong path! Kudos to you Peggy & also to the mother of the 2 kids in Hattiesburg, Ms. That killed 2 police officers... Then stands up and takes responsibility, as we all should. You two are wonderful role models and my latest heroines!",0,proud woman mother stand principle morality plain common sense afraid tide culture wrong path kudos peggy also mother kid hattiesburg killed police officer stand take responsibility two wonderful role model latest heroine,proud woman mother stand principl moral plain common sens afraid tide cultur wrong path kudo peggi also mother kid hattiesburg kill polic offic stand take respons two wonder role model latest heroin,original
"If that cop shot a white guy, there would not be any riots. But since he shot a black guy, everyone seems to think it was because he was black. Look at the evidence not skin color. Everyone always throws out the race card over crap like this.",0,cop shot white guy would riot since shot black guy everyone seems think black look evidence skin color everyone always throw race card crap like,cop shot white guy would riot sinc shot black guy everyon seem think black look evid skin color everyon alway throw race card crap like,original
"BLACKS ARE TIRED OF BEING KILLED FOR NOTHING, HE DIDN'T HAD A WEAPON, SO YOU SHUT YOUR ASS WHITE DEVIL. ALL WHITE PEOPLE ARE EVIL.",1,tired black killed nothing didn't close the gun like white devil evil white people,black tire kill noth didnt weapon shut as white devil white peopl evil,back_translation
rip crown vic most durable car ever :(,0,rip crown vic durable car ever,rip crown vic durabl car ever,original
Niggas love being the victim in any situation that's why I separate my from them and other black people need to do the same,1,nigga love victim situation thats separate black people need,nigga love victim situat that separ black peopl need,original
"I find it amusing how all of these protesters claim they're fighting against racism but yet they are blind to their own racism. There have been several reports of black people attacking white people. Just a couple of days ago, it was reported that a white man was beaten to death with a hammer by black teens in St. Louis. Yeah clearly no racial intent there. Fucking hypocrites. ",1,find amusing protester claim theyre fighting racism yet blind racism several report black people attacking white people couple day ago reported white man beaten death hammer black teen louis yeah clearly racial intent fucking hypocrite,find amus protest claim theyr fight racism yet blind racism sever report black peopl attack white peopl coupl day ago report white man beaten death hammer black teen loui yeah clearli racial intent fuck hypocrit,original
"Blacks are able to do this because it was White people in rush hour traffic coming home from a job! They bring their lazy asses out from watching TV and getting high to fuck with the very people providing their welfare. Yea, these White people are the same who sit on juries that rule on po-lice brutality and shootings. Piss them off. I'm SO sure you're getting them to see your side of the story!",1,capable blacks white people rush hour traffic come home work bring ass lazy looking get high fuck people providing welfare yes white people sit jury rule police brutality shoot piss sure you're getting see side story,black abl white peopl rush hour traffic come home job bring lazi ass watch get high fuck peopl provid welfar yea white peopl sit juri rule polic brutal shoot piss sure your get see side stori,back_translation
*Yes lets destroy someone else's property and ruin their day because we are mad at someone else. Take that Police!*     cunts.,1,"Yeah, let's destroy someone else's property, ruin the day, make someone else angry, take the police's pussy",ye let destroy someon els properti ruin day mad someon els take polic cunt,back_translation
"USA land of the free baby. HAHAHAHA! All you people not living in USA, should be thankful everyday. This is the worse country on earth.",1,usa land free baby hahahaha people living usa thankful everyday worse country earth,usa land free babi hahahaha peopl live usa thank everyday wors countri earth,original
"Bassem Masri is a criminal, a thug and a psychopath. He has no credibility, and no humanity. He needs to be locked in a jail cell. Time for the rubber-room and straight-jacket for Bassem. Get his intellectually dishonest butt out of the community. ",1,bassem masri criminal thug psychopath credibility humanity needs locked up jail cell time rubber room straitjacket bassem get intellectually dishonest butt community,bassem masri crimin thug psychopath credibl human need lock jail cell time rubberroom straightjacket bassem get intellectu dishonest butt commun,back_translation
Good commentary.  Perceptive and fair.,0,good commentary perceptive fair,good commentari percept fair,original
"There one was a thug named Brown,
Who rushed at a cop with a frown.
Six bullets later, he met his creator.
And then his homies burn down the town.",1,one thug named brown rushed cop frown six bullet later met creator homies burn town,one thug name brown rush cop frown six bullet later met creator homi burn town,original
Another great video and thanks for not putting one out right away but thinking it thru as usual. It is sad that the Young Turks and other channels just went all cliche on everything without thinking which made them look like a bunch of hypocrites.,0,another great video thanks putting one right away thinking thru usual sad young turk channel went cliche everything without thinking made look like bunch hypocrite,anoth great video thank put one right away think thru usual sad young turk channel went clich everyth without think made look like bunch hypocrit,original
"There one was a thug named Brown,
Who rushed at a cop with a frown.
Six bullets later, he met his creator.
And then his homies burn down the town.",1,a thug named brown rushed to police frown six bullets then met the creator friends burned down the city,one thug name brown rush cop frown six bullet later met creator homi burn town,back_translation
A Supra needs to let off if that happens,0,supra need let happens,supra need let happen,original
Man this guy has nothing but a bunch of waffling nonsense coming out of his mouth can you answer the question or what,1,man boy nothing heap talk nonsense come mouth answer question,man guy noth bunch waffl nonsens come mouth answer question,back_translation
Stupid American,1,stupid american,stupid american,back_translation
Blacks get my prejudice easily,1,black get prejudice easily,black get prejudic easili,original
As a Black man I have to say this is needed just as the Black Lives Matter message is needed.. its not either or...its both and.,0,black man say needed black life matter message needed either orits,black man say need black life matter messag need either orit,original
Why not spread the word about the 20 year unarmed white guy shot by a black cop?,0,spread word year unarmed white guy shot black cop,spread word year unarm white guy shot black cop,original
United Shits Of America is collapsing. this is good,1,America shit America collapsing good,unit shit america collaps good,back_translation
"There are a very large number of people who do not like police officers. They are called Criminals and its the reason we have police officers. The fact that Criminals do not like police officers is a testament to the good work that police officers do in protecting the public. When our children or our family are in danger, we do not hessitate to call for help, and we call the Police. Its about time people stopped complaining and started to give the Police some respect for the hard work and dedication that often requires them to put their lives on the line, to serve the public.",0,large number people like police officer called criminal reason police officer fact criminal like police officer testament good work police officer protecting public child family danger hessitate call help call police time people stopped complaining started give police respect hard work dedication often requires put life line serve public,larg number peopl like polic offic call crimin reason polic offic fact crimin like polic offic testament good work polic offic protect public child famili danger hessit call help call polic time peopl stop complain start give polic respect hard work dedic often requir put life line serv public,original
Hope those fuckers get slammed with major fines. Fucking idiots.,1,"I hope the son of a bitch gets hit, major, okay, you fucking idiot.",hope fucker get slam major fine fuck idiot,back_translation
Criminal got shot... Great!,1,criminal got shot great,crimin got shot great,original
I don't care about Mike brown or any other bullshit. But it's clearly understood that this youtube guy is a racist and very dumb. His points do hold a little water but he's full of hate and lies100%,1,dont care mike brown bullshit clearly understood youtube guy racist dumb point hold little water he full hate lie,dont care mike brown bullshit clearli understood youtub guy racist dumb point hold littl water he full hate lie,original
here people his facebook is https://www.facebook.com/bassem.masri.520 he has ties with isis and other terrorist groups he is a muslim extremist ,1,people facebook tie isi terrorist group muslim extremist,peopl facebook tie isi terrorist group muslim extremist,original
Tear gas against the Geneva Convention???? HAHAHAHAHAHAHAH.,1,Geneva Convention on tear gas hahahahahahaha,tear ga geneva convent hahahahahahahah,back_translation
What a fucking douche bag,1,damn idiot,fuck douch bag,back_translation
the people in ferguson have to loot! the oly thing the goverment cares about is the economy! fuck it up n they will make an effort to stop crooked cops!,1,people ferguson loot oly thing goverment care economy fuck make effort stop crooked cop,peopl ferguson loot oli thing gover care economi fuck make effort stop crook cop,original
CNN is such Bullcrap!,1,cnn bullcrap,cnn bullcrap,original
"It is always easier to second guess someone. Cops do get a lot of training, but at the end of the day they are still just humans. So are Navy seals and any other you can think of. Humans make mistakes. Unless you make robot cops, you will continue to have mistakes being made. WE also have media that  plays a big part in this. The issue is that A WHITE co killed a Black man. IF it was a BLACK cop that killed a Black man, this would not even make it in the news probably. WE need to just get a long and stop making everything a race issue. Good citizens are not having these issues with cops. his young man was not a saint and not a ""gentle giant"" as some have said. HE robbed  a store and probably things did happen as the cop explained. Only God and the people involved know exactly what happened.",0,always easier second guess someone cop get lot training end day still human navy seal think human make mistake unless make robot cop continue mistake made also medium play big part issue white killed black man black cop killed black man would even make news probably need get long stop making everything race issue good citizen issue cop young man saint gentle giant said robbed store probably thing happen cop explained god people involved know exactly happened,alway easier second guess someon cop get lot train end day still human navi seal think human make mistak unless make robot cop continu mistak made also medium play big part issu white kill black man black cop kill black man would even make news probabl need get long stop make everyth race issu good citizen issu cop young man saint gentl giant said rob store probabl thing happen cop explain god peopl involv know exactli happen,original
"Those guns use rubber bullets, stupid Russian news channel",1,gun use rubber bullet stupid russian news channel,gun use rubber bullet stupid russian news channel,original
The grand jury amd processor have too much power in the justice system amd connections with other police departments that's what I'm sayin honestly,0,grand jury amd processor much power justice system amd connection police department thats sayin honestly,grand juri amd processor much power justic system amd connect polic depart that sayin honestli,original
I'm not informed 100% about what exactly is going on but that was fucked up! I'm trying to find reliable resources to understand this. I can't believe that it is 2014 and thing like this is still happening. ,0,informed exactly going fucked trying find reliable resource understand cant believe thing like still happening,inform exactli go fuck tri find reliabl resourc understand cant believ thing like still happen,original
My mother told me the same thing.  God Bless this woman.,0,mother told thing god bless woman,mother told thing god bless woman,original
"Just accelerate, if you go fast enough, no one will be able to film your plates in time",1,speed up fast enough a capable film plate time,acceler fast enough one abl film plate time,back_translation
This interviewer is right. This guy should show some respect to the paramilitary police that are killing and getting away with it. Ha!,1,interviewer man correct show respect police paramilitary kill escape,interview right guy show respect paramilitari polic kill get away,back_translation
If I ever get in a situation where I can run these assholes over...*I WILL*,1,Have you ever had a situation go crazy?,ever get situat run asshol overi,back_translation
The only time I'd want to see a sniper in the bushes start picking them off one by one,1,time i want to see sniper bush start picking one,time want see sniper bush start pick one one,back_translation
Peggy is my hero..,0,peggy hero,peggi hero,original
Signs saying black lives matter and they are blocking black and white people. wtf?,1,poster saying black lives matter blocking black whites wtf,sign say black life matter block black white peopl wtf,back_translation
http://www. youtube. com/watch?v=6yfbbt6DvHg You did research and you didn't come across the information of white construction workers who witnessed Mike Brown shot with his hands up? ,0,youtube comwatchvyfbbtdvhg research didnt come across information white construction worker witnessed mike brown shot hand,youtub comwatchvyfbbtdvhg research didnt come across inform white construct worker wit mike brown shot hand,original
"You forgot to add to your ""timeline"" that the suspect also assaulted the owner of the store and threatens him!",0,forgot add timeline suspect also assaulted owner store threatens,forgot add timelin suspect also assault owner store threaten,original
"Dude someone, please tell this dude that listen to violent music like gangsta rap or deathmetal, doesn't mean they like fighting or killing, lol.",0,dude someone please tell dude listen violent music like gangsta rap deathmetal doesnt mean like fighting killing lol,dude someon pleas tell dude listen violent music like gangsta rap deathmet doesnt mean like fight kill lol,original
"update,
I apologize this was a fair report",0,update apologize fair report,updat apolog fair report,original
"As a black person all I have to say is THANK YOU FOR SPEAKING THE TRUTH. Too many blacks out there causing trouble, dressing like idiots and bring trouble to themselves, killing eachother, causing crimes then they complain the police are after them when they are up to no good. I'm just glad my parents grew me up properly. I stayed away from the garbage.",1,black person say thank speaking truth many black causing trouble dressing like idiot bring trouble killing eachother causing crime complain police good glad parent grew properly stayed away garbage,black person say thank speak truth mani black caus troubl dress like idiot bring troubl kill eachoth caus crime complain polic good glad parent grew properli stay away garbag,original
If only more black people were like her...,0,black people like,black peopl like,original
"How da Fuck do this gay ass bald white frenchy nigga gonna set hisself up as a dang judge a this whole criminal conspiracy. Micheal brown had his MOTHAFUCKIN HANDS IN THE AIR SON! If u so smart then u should know that when a nigga has his hands in the mothafuckin air that's a sign SHOWIN HE WAS INNOCENT OF THA CRIME!  Sorry for the cussin, but that shit be internationally recognized as an indication of INNOCENCE ON THE PART OF THE PERPETRATOR!  What y'all niggas in the media have here is a plain old fashioned example a MURDER IN THE FIRST DEGREE on the part a Mr. Officer Darren Wilson, for takin the life a this nigga, who was a COLLEGE STUDENT!  Niggas at kent state be protestin , they get they asses shot, and it's a historic event.... Michael brown shot dead in the street while he takin part in the ferguson protests, and y'all media mothafuckas try to explain it away",1,fuck gay as bald white frenchy nigga gonna set hisself dang judge whole criminal conspiracy micheal brown mothafuckin hand air son smart know nigga hand mothafuckin air thats sign showin innocent tha crime sorry cussin shit internationally recognized indication innocence part perpetrator yall nigga medium plain old fashioned example murder first degree part officer darren wilson takin life nigga college student nigga kent state protestin get ass shot historic event michael brown shot dead street takin part ferguson protest yall medium mothafuckas try explain away,fuck gay as bald white frenchi nigga gonna set hisself dang judg whole crimin conspiraci micheal brown mothafuckin hand air son smart know nigga hand mothafuckin air that sign showin innoc tha crime sorri cussin shit intern recogn indic innoc part perpetr yall nigga medium plain old fashion exampl murder first degre part offic darren wilson takin life nigga colleg student nigga kent state protestin get ass shot histor event michael brown shot dead street takin part ferguson protest yall medium mothafucka tri explain away,original
"Here in Finland with a population of over 5 million and a police force of about 7800, police use their weapons about 40 times a year. The use of weapons includes pointing the weapon at someone. 

There are around 10-15 shots fired every year by the police and most of these are warning shots.There's approximately 1-2 shots fired at people per year by the police in all of Finland. 

Many of these shots are shot at extremities and the deaths are quite rare, but there has been a case where a man was coming towards two police officers with a machete and was shot at first once in the leg. When he still was gripping the machete and waved it around from the ground the other officer fired once more, penetrating both legs. The man later died in the the hospital and the second police officer was found guilty of manslaughter and use of excessive force. 

And this is in a country that has 3rd most guns in civilian hands in the world and is at 10th position in deaths caused by firearms. 

But unlike in America, our police enjoys a high amount of public trust, placing at 5th most trustworthy profession, behind firemen and doctors. 

Maybe there could be something gained if american cops took some pointers from other countries police procedures instead of playing cowboys.

EDIT: Finnish police wear a blue overall that is resistant to knife cuts when on duty and put on cut-resistant gloves when on a call. This gives them more ways to deal with threats.

http://kuvat.uusisuomi.fi/sites/default/files/imagecache/artikkelikuva_std/kuvat/vicdan0002.jpg﻿

I is a copy of a text that i wrote on another TYT video, because the issue is the same.",0,finland population million police force police use weapon time year use weapon includes pointing weapon someone around shot fired every year police warning shotstheres approximately shot fired people per year police finland many shot shot extremity death quite rare case man coming towards two police officer machete shot first leg still gripping machete waved around ground officer fired penetrating leg man later died hospital second police officer found guilty manslaughter use excessive force country gun civilian hand world position death caused firearm unlike america police enjoys high amount public trust placing trustworthy profession behind fireman doctor maybe could something gained american cop took pointer country police procedure instead playing cowboy edit finnish police wear blue overall resistant knife cut duty put cutresistant glove call give way deal threat copy text wrote another tyt video issue,finland popul million polic forc polic use weapon time year use weapon includ point weapon someon around shot fire everi year polic warn shotsther approxim shot fire peopl per year polic finland mani shot shot extrem death quit rare case man come toward two polic offic machet shot first leg still grip machet wave around ground offic fire penetr leg man later die hospit second polic offic found guilti manslaught use excess forc countri gun civilian hand world posit death caus firearm unlik america polic enjoy high amount public trust place trustworthi profess behind fireman doctor mayb could someth gain american cop took pointer countri polic procedur instead play cowboy edit finnish polic wear blue overal resist knife cut duti put cutresist glove call give way deal threat copi text wrote anoth tyt video issu,original
The world is changing im mad at the police too but id be dam if isis gonna come in here thats when its time to kill these faucks,1,"The world is changing the prey of the mad police. If he's coming, it's time to kill the faucks.",world chang mad polic dam isi gonna come that time kill fauck,back_translation
Darren Wilson should have HAD to stand trial and PROVE he acted in self defense to a Jury in an OPEN Court of LAW just as George Zimmerman HAD to and did and Michael Dunn HAD to and couldn't.   A grand jury that operates in 'secret' cannot be trusted just as no government can be trusted that operates in secret.  ,0,darren wilson stand trial prove acted self defense jury open court law george zimmerman michael dunn couldnt grand jury operates secret cannot trusted government trusted operates secret,darren wilson stand trial prove act self defens juri open court law georg zimmerman michael dunn couldnt grand juri oper secret cannot trust govern trust oper secret,original
This man has an intelligence the average black man can't comprehend.  Its like a dog trying to figure out how man makes a house.,1,man intelligence average black man cannot understand like dog trying figure man make house,man intellig averag black man cant comprehend like dog tri figur man make hous,back_translation
"Did the Store owner ever get PAID for the cigars this ""fn innocent"" my ass   kid STOLE???",1,store owner ever get paid cigar innocent as kid stole,store owner ever get paid cigar innoc as kid stole,original
no dumber people on earth then americans,1,dumber people earth american,dumber peopl earth american,original
he can go back where he's from period big mouth MORON,1,when period was a mouthy idiot,back he period big mouth moron,back_translation
This Brave woman brought tears to my eyes,0,brave woman brought tear eye,brave woman brought tear eye,original
7:28 Lost my shit to that GUY. lmao,0,lost shit guy lmao,lost shit guy lmao,original
Blacks get my prejudice easily,1,Black people are easily prejudiced.,black get prejudic easili,back_translation
You all are some dumb as people,1,dumb people,dumb peopl,original
"God, the narrator has such an annoying lisp. ",0,god narrator annoying lisp,god narrat annoy lisp,original
The protesters look like kids (16-22?)   I wonder if anyone got their license plate numbers?  Pretty wild that a bunch of kids could do that much damage?  Our infrastructure is pathetically weak.,0,protester look like kid wonder anyone got license plate number pretty wild bunch kid could much damage infrastructure pathetically weak,protest look like kid wonder anyon got licens plate number pretti wild bunch kid could much damag infrastructur pathet weak,original
i like how blacks can be all racist against white ppl without consequences ... keep it up nice new world we live in keep it up,1,like black racist white ppl without consequence keep nice new world live keep,like black racist white ppl without consequ keep nice new world live keep,original
sure some of the people protesting are actually protesting for what they believe in but then you have those people that are taking advantage of a sad situation just to cause so much chaos and damage to a hurting community,0,sure people protesting actually protesting believe people taking advantage sad situation cause much chaos damage hurting community,sure peopl protest actual protest believ peopl take advantag sad situat caus much chao damag hurt commun,original
"You know its crazy.... I actually came across your video about bitcoin while trying to learn more about it and knew you looked familiar.... I took the time to look at some of Mike Browns personal profiles myself specifically his soundcloud. While I do think he is guilty of representing himself in the wrong light and maybe of stealing he still didn't deserve to die. The fact that WHITE people like yourself continued to insinuate it is ridiculous and shows your clear lack of empathy and sympathy. It seems you all are more like the ""animals"" you think we are..... And its especially offensive looking back at these videos 3 years later when hip/hop rnb (OUR BLACK CULTURE) is the biggest thing and media and you still dont understand our perspectives. To say Trayvon Martin was making lean in on of your other videos shows how ignorant you truly are as well. Sprite or Fanta or a CARBONATED DRINK is used when making lean....Not tea....",1,be crazy actually found the video bitcoin trying to learn knew seemed familiar took the time look mike brown personal profile specifically soundcloud thinks guilty representing wrong light maybe steal still didn't deserve to die done white people like it continuous insinuate ridiculous show clear lack empathy sympathy seems animalistic think especially offensive look back video year later hiphop rnb black culture greatest medium still don't understand perspective say trayvon martin doing lean video show ignorant really good elf fanta carbonated drink used making tea leannot,know crazi actual came across video bitcoin tri learn knew look familiar took time look mike brown person profil specif soundcloud think guilti repres wrong light mayb steal still didnt deserv die fact white peopl like continu insinu ridicul show clear lack empathi sympathi seem like anim think especi offens look back video year later hiphop rnb black cultur biggest thing medium still dont understand perspect say trayvon martin make lean video show ignor truli well sprite fanta carbon drink use make leannot tea,back_translation
Respect!,0,respect,respect,original
"Hey Rogan tell them "" good cops ""  to put them bad ones in jail",0,hey rogan tell good cop put bad one jail,hey rogan tell good cop put bad one jail,original
Well... bring out the tear gas and the beanbag rounds and rubber bullets,1,"Well, we'll bring a beanbag of tear gas and a round rubber bullet.",well bring tear ga beanbag round rubber bullet,back_translation
"Anyone else pissed off about how it ended?
Just let them walk off, no big deal. All the crap that they just pulled and no one got pepper sprayed",1,any other angry person ended up let walk big thing shit took one out they pepper sprayed him,anyon els piss end let walk big deal crap pull one got pepper spray,back_translation
 Michael Smerconish + Hack. ,0,michael smerconish hack,michael smerconish hack,original
One mustang needed in this situation lol💀💀,1,Necessary situation for a Mustang hahaha.,one mustang need situat lol,back_translation
"If you think I am nit upset about the white people as much as the black people who get shot by police every day, you would be ignorant as fuck. 

Racism is nit the only problem here, its the militarized police we are seeing. 

Down with police culture! I'm just as sick as being disrespected by police as any black man. 

If they use violence, you best bet all of logical America will fight back, despite the colour of their skin! 

Go Furgson, next time bring your own guns and shoot back!",1,think nit upset white people much black people get shot police every day would ignorant fuck racism nit problem militarized police seeing police culture sick disrespected police black man use violence best bet logical america fight back despite colour skin furgson next time bring gun shoot back,think nit upset white peopl much black peopl get shot polic everi day would ignor fuck racism nit problem militar polic see polic cultur sick disrespect polic black man use violenc best bet logic america fight back despit colour skin furgson next time bring gun shoot back,original
" I dont understand why the black community wants to rally behind a wanna be thug. When the video of the guy robbing the store came out, I would have thought most of the protesters would have gone home. Michael Brown was a turd. This crowd is full of racist, who hate the white community.",1,dont understand black community want rally behind wanna thug video guy robbing store came would thought protester would gone home michael brown turd crowd full racist hate white community,dont understand black commun want ralli behind wanna thug video guy rob store came would thought protest would gone home michael brown turd crowd full racist hate white commun,original
There should be a law where you won't be prosecuted if you run over people blocking the streets. They sure know how to go about winning people for their cause by doing this! Lol,1,law wont prosecuted run people blocking street sure know winning people cause lol,law wont prosecut run peopl block street sure know win peopl caus lol,original
Should of ran everyone of them over.,1,everyone ran,ran everyon,back_translation
I love her. Every thug deserves a slug,1,"Love, every bully deserves a slug.",love everi thug deserv slug,back_translation
I want to toss one of those gernades lol not at anyone of course but at a range that would be the fucking shit,1,"I want to shoot a bunch hahaha anyone, the course rank would be shit",want toss one gernad lol anyon cours rang would fuck shit,back_translation
"I saw an article about many more cases that went pretty much the same as this one, but why is this particular one making such a big scene.",0,saw article many case went pretty much one particular one making big scene,saw articl mani case went pretti much one particular one make big scene,original
"@Stefan Molyneux You sir, are the dumbest smart guy ever. You are a researcher? Research the enitre history of the Blackman in America and you will understand why things are the way they are. You are so detachted from reality it is comical.",1,molyneux sir dumbest smart guy ever researcher research enitre history blackman america understand thing way detachted reality comical,molyneux sir dumbest smart guy ever research research enitr histori blackman america understand thing way detacht realiti comic,original
You people are sick! This man is speaking the truth and y'all are just mad. Trying to justify why a young boy who did nothing was shot and killed smh. Y'all are the devil and a disease to this earth! I'll be glad when the sun burns all your asses into extinction and we can have our planet back! Half animal half devil cave beasts!!! ,1,people sick man speaking truth all of you angry trying to justify young nothing shot dead smh all of you devil disease earth sick happy sun burn ass extinction planet back half animal half devil cave beast,peopl sick man speak truth yall mad tri justifi young boy noth shot kill smh yall devil diseas earth ill glad sun burn ass extinct planet back half anim half devil cave beast,back_translation
"My God! Look at This Raw Footage:

SHOCKING. Ferguson Riots. Watch and See What This Guy Did Do. My God! [HD]",0,god look raw footage shocking ferguson riot watch see guy god,god look raw footag shock ferguson riot watch see guy god,original
Can’t believe these people really believe there leading some kind of revolution,0,cant believe people really believe leading kind revolution,cant believ peopl realli believ lead kind revolut,original
"
Dont you reckon them 'black lives matter' banners being held by white cunts is  kinda patronizing and ironically racist. could they have not come up with somethin better.. or is it just what white folks do to give them selves pride. 'ooo look at me im being nice for the black people' why does it always have to be about race actually the whole world is pussyfootin around for fear of being racist. its fuckin daft man.",1,dont reckon black life matter banner held white cunt kinda patronizing ironically racist could come somethin better white folk give self pride ooo look nice black people always race actually whole world pussyfootin around fear racist fuckin daft man,dont reckon black life matter banner held white cunt kinda patron iron racist could come somethin better white folk give self pride ooo look nice black peopl alway race actual whole world pussyfootin around fear racist fuckin daft man,original
"Check out this you tube post. ""Black man goes on an epic rant against Ferguson rioters.""

Although his message is delivered with childish, cartoon-ish emotions.... He is one of the very few African American's who gets it.",1,check tube post black man go epic rant ferguson rioter although message delivered childish cartoonish emotion one african american get,check tube post black man go epic rant ferguson rioter although messag deliv childish cartoonish emot one african american get,original
"Michael Brown was not positively identified as the assailant in the store in the supposed robbery, Darren Wilson was not aware of any robbery at the time of the encounter..... clearly your a racist, I will be unsubscribing....",0,michael brown positively identified assailant store supposed robbery darren wilson aware robbery time encounter clearly racist unsubscribing,michael brown posit identifi assail store suppos robberi darren wilson awar robberi time encount clearli racist unsubscrib,original
This made me mad why didn’t you just point guns at them,0,made mad didnt point gun,made mad didnt point gun,original
"News fucktards...........puppet players,,,,,all they are paid liars ",1,"news, fuckers, puppets, all paid liars",news fucktardspuppet playersal paid liar,back_translation
"I find it insane that black people always play the racist card over every single little issue between a coincidental white-black situation, when in most cases race has nothing to do with it.

Also, they say they want justice. . than why go around destroying private property and looting shops, how in their right mind would ask for justice and rob and destroy peoples lively hood at the same time.

It's as though these black communities think it is perfectly acceptable for a black person to kill a white cop but when the cop follows procedures and defends him self from a potential fatal attack they get angry . . yeah the black guy might not have had a firearm but could easily have had a knife or something. . why do they value other black people more than a white law enforcement officer. . life is equal and as such they should understand that the officer defended him self from an attack. . and yes it was an attack.    ",1,find crazy blacks always play racist cards every little problem matching whiteblack situation case career nothing also says want justice around destruction of private property loot buy right mind would ask for justice steal destroy people animated hood time though black community thinks perfectly acceptable black person kill police white police follow procedure defend himself potential fatal attack get angry yes black guy could gun easily could stab something courage black people white law enforcement officer equal life understand officer defended self attack yes attack,find insan black peopl alway play racist card everi singl littl issu coincident whiteblack situat case race noth also say want justic around destroy privat properti loot shop right mind would ask justic rob destroy peopl live hood time though black commun think perfectli accept black person kill white cop cop follow procedur defend self potenti fatal attack get angri yeah black guy might firearm could easili knife someth valu black peopl white law enforc offic life equal understand offic defend self attack ye attack,back_translation
Dirtbags all of them. Including CNN,1,dirtbags including cnn,dirtbag includ cnn,original
"heard a Billionaire funded these organised riots ,what a fucken suck joke",1,I heard an organized riot financed by a billionaire.,heard billionair fund organis riot fucken suck joke,back_translation
"This case has overshadowed the cops that murdered a kid with a fake sword in Saratoga Springs, Utah. I am just as much outraged by the Mike brown case. The murder that happened in Utah was just about the same deal. Cops are provided with non lethal weapons. The shooting in Utah unwarranted because he ran, don't know why he ran but if you lunged at the police with the fake sword you should have taken that opportunity for immediate action right then. He ran and was shot 6 times in the back. We know a large group of cops are corrupt and these murderers are nothing new. Though I have ran from the police many times when I was in my teens, cops just pursue and find him hiding some where. Not just put 6 bullets in the back ending a life. They said in some paper, Saratoga Springs has about 5% of black population.. I have been through there and I would say they were off by about 5%. ",0,case overshadowed cop murdered kid fake sword saratoga spring utah much outraged mike brown case murder happened utah deal cop provided non lethal weapon shooting utah unwarranted ran dont know ran lunged police fake sword taken opportunity immediate action right ran shot time back know large group cop corrupt murderer nothing new though ran police many time teen cop pursue find hiding put bullet back ending life said paper saratoga spring black population would say,case overshadow cop murder kid fake sword saratoga spring utah much outrag mike brown case murder happen utah deal cop provid non lethal weapon shoot utah unwarr ran dont know ran lung polic fake sword taken opportun immedi action right ran shot time back know larg group cop corrupt murder noth new though ran polic mani time teen cop pursu find hide put bullet back end life said paper saratoga spring black popul would say,original
You tellin me if he did in fact steal swisher sweets is the value of his life...Just admit you all are racist quit being a bunch of FAGGOTT bitches ,1,revealing fact steal swisher sweet value life alone admit racist leave group faggot bitch,tellin fact steal swisher sweet valu lifejust admit racist quit bunch faggott bitch,back_translation
"I will tell you what is even more taboo to talk about, something the News Media won't touch with a ten foot pole...*""""Black on White Crime""""*
Blacks sexually assaulted over 30,000 white women in 2005 but fewer than 10 black women were sexually assaulted by white men. Yes, I used 2005 because the BOJ does not make these stats available online anymore stating that ""These statistic may be inflammatory to certain ethnic groups' and this is only the tip of the iceberg.",0,tell even taboo talk something news medium wont touch ten foot poleblack white crime black sexually assaulted white woman fewer black woman sexually assaulted white men yes used boj make stats available online anymore stating statistic may inflammatory certain ethnic group tip iceberg,tell even taboo talk someth news medium wont touch ten foot poleblack white crime black sexual assault white woman fewer black woman sexual assault white men ye use boj make stat avail onlin anymor state statist may inflammatori certain ethnic group tip iceberg,original
"Oh man, you thug life types...you're hilarious. Seriously, you're a fuckin' riot.

Look, take your three dollar pocket knife back to the pawnshop, pull up your pants, stop playing basstracks in some 80s Sedan with rims that cost more than the car itself and sit your ass back in the office where you belong.

The criminal life ain't for you.",1,man types of thug life hilarious seriously you're a fucking troublemaker look take a three dollar pocket knife back pawn shop pull your pants stop touching low cost tracks off the edge of the sedan car sit down as administrative office belongs to the criminal life it's not,man thug life typesyour hilari serious your fuckin riot look take three dollar pocket knife back pawnshop pull pant stop play basstrack sedan rim cost car sit as back offic belong crimin life aint,back_translation
"Stefan,
Excellent!You obviously have a better understanding of the events surrounding this unfortunate event than our president.I call it unfortunate because Officer Wilson life has been destroyed for doing his job. My fear is that police will hesitate when finding themselves in this rapidly growing situation. Thank you for your in-depth and honest dissertation.

Tom Kelver seek help go back to school and get off the drugs.
                                     ",1,"stefan excellent, you obviously better understand the event surrounding the unfortunate event presidenti calls the unfortunate officer wilson destroyed life job fear police hesitate find fast growing situation thank in depth honest dissertation tom kelver seek help go back to school get drugs",stefan excellenty obvious better understand event surround unfortun event presidenti call unfortun offic wilson life destroy job fear polic hesit find rapidli grow situat thank indepth honest dissert tom kelver seek help back school get drug,back_translation
"Those guns use rubber bullets, stupid Russian news channel",1,use of rubber bullet weapons stupid russian news channel,gun use rubber bullet stupid russian news channel,back_translation
THESE FUCKING COMMIES didn't even know what happened,1,fucking commie didnt even know happened,fuck commi didnt even know happen,original
"Before integration black people had their own schools , business and  banks !!!!!!  After integration they lost every thing !!!!!!",1,integration black people school business bank integration lost every thing,integr black peopl school busi bank integr lost everi thing,original
What does this video have to do with what actually happen? You are simply trying to smear this young man’s image. So what he wanted to be a rapper. So what he stole some cigars? Nothing you have side in this video deserves a death sentence. Also now that they have released new video of Officer Wilson showing that he had no injuries. It shows that Officer Wilson is not being truthful about the incident. Perhaps you need to wait until all the details are out before you post a bias video. If you’re going to post a video make sure that it is accurate. Not to mention that you had more than just his friend the criminal who stated that Brown was giving up. You had both black and white witnesses who had nothing to do with the incident who stated that he had his hands up and was surrendering when Wilson shot him.,0,video actually happen simply trying smear young man image wanted rapper stole cigar nothing side video deserves death sentence also released new video officer wilson showing injury show officer wilson truthful incident perhaps need wait detail post bias video youre going post video make sure accurate mention friend criminal stated brown giving black white witness nothing incident stated hand surrendering wilson shot,video actual happen simpli tri smear young man imag want rapper stole cigar noth side video deserv death sentenc also releas new video offic wilson show injuri show offic wilson truth incid perhap need wait detail post bia video your go post video make sure accur mention friend crimin state brown give black white wit noth incid state hand surrend wilson shot,original
He looks ready to cut heads off he must be a isis sympathizer and I'm going to say maybe 5% care about the issue at hand and other 95% just want to go loot stores and fuck shit up...,1,look ready cut head must isi sympathizer going say maybe care issue hand want loot store fuck shit,look readi cut head must isi sympath go say mayb care issu hand want loot store fuck shit,original
"I was for Michael Brown, but after much research, I see (My opinion) that if a man is dangerous enough that he can rob a store without a weapon, he is dangerous and is a criminal anything but a ""gentle giant"" and proof shows Brown attacked Wilson who was a peace officer. From the beginning this was not a race issue, our government through media has created a race issue out of it. This is more of an attack on our Constitutional rights than it is anything.",0,michael brown much research see opinion man dangerous enough rob store without weapon dangerous criminal anything gentle giant proof show brown attacked wilson peace officer beginning race issue government medium created race issue attack constitutional right anything,michael brown much research see opinion man danger enough rob store without weapon danger crimin anyth gentl giant proof show brown attack wilson peac offic begin race issu govern medium creat race issu attack constitut right anyth,original
If they were doing that to me they would be eating all the coal I could roll,1,would eating coal could roll,would eat coal could roll,original
This moron is talking about being peaceful?  Their burning the nation's flag idiot.  Even though that's what you are suppose to do when it's old so they have no knowledge.  They are babies making noise. ,1,moron talking peaceful burning nation flag idiot even though thats suppose old knowledge baby making noise,moron talk peac burn nation flag idiot even though that suppos old knowledg babi make nois,original
I think that this indecent is unessacerry for the event of one person being shot. Mr. Brown stole something so it wasn't intirely the police officers fault.,0,think indecent unessacerry event one person shot brown stole something wasnt intirely police officer fault,think indec unessacerri event one person shot brown stole someth wasnt intir polic offic fault,original
"The only real question that needs to be asked is this. ""Why would Mike Brown rush a cop who has already drawn his weapon and has already shot at him?"" The way you answer will show your true colors. To think that a Black male would disregard his own life, to kill a cop and escalate his punishment from probation (for petty theft) to the Death Penalty (for killing a cop) is utterly absurd. If you truly believe that someone who was going to start college the next week would do that, then I am sorry but you are a racist.",0,real question need asked would mike brown rush cop already drawn weapon already shot way answer show true color think black male would disregard life kill cop escalate punishment probation petty theft death penalty killing cop utterly absurd truly believe someone going start college next week would sorry racist,real question need ask would mike brown rush cop alreadi drawn weapon alreadi shot way answer show true color think black male would disregard life kill cop escal punish probat petti theft death penalti kill cop utterli absurd truli believ someon go start colleg next week would sorri racist,original
Bassem has the right to express himself....we have freedom of expression.....We all have that right....Its an amendment of the Constitution.....I dont think CNN is that competent after all.,0,bassem right express himselfwe freedom expressionwe rightits amendment constitutioni dont think cnn competent,bassem right express himselfw freedom expressionw rightit amend constitutioni dont think cnn compet,original
"Only 1 out of 11,000 cases presented to a grand jury doesn't return an indictment. Apparently, the militarized police state gunning down an unarmed teen is that 1 time. Unevolved racists used to hide behind white hoods, now they hide behind computer screens & police badges. ",1,case presented grand jury does not return indictment apparently militarized police state shooting unarmed teenager unevolved time racist used hide behind white hood hide behind computer screen police badge,case present grand juri doesnt return indict appar militar polic state gun unarm teen time unevolv racist use hide behind white hood hide behind comput screen polic badg,back_translation
Dont call peacefully protest.. When you burn down a car lol,0,dont call peacefully protest burn car lol,dont call peac protest burn car lol,original
Islamic Terrorist insighting hatred and violence under the disguise of an african citizen its time that american citizens realise their true enemy is islam and not black or white people,1,islamic terrorist insighting hatred violence disguise african citizen time american citizen realise true enemy islam black white people,islam terrorist insight hatr violenc disguis african citizen time american citizen realis true enemi islam black white peopl,original
no dumber people on earth then americans,1,dumbest people American land,dumber peopl earth american,back_translation
#blacklivesdontmatter,1,black lives don't matter,blacklivesdontmatt,back_translation
I'm with this dude fuck the punk police ,1,dude fuck punk police,dude fuck punk polic,original
everyone share this......this women is awesome,0,everyone share thisthis woman awesome,everyon share thisthi woman awesom,original
"Bullshit Stef. Police officers have pepper spray, stun guns, and a number of non-lethal methods at their immediate disposal. The real question, should these versions of the events hold true, is why was the gun the first option the officer went for? ",1,shit stef police officer pepper spray stun gun number non-lethal method immediate elimination question real version event hold real gun first choice officer was,bullshit stef polic offic pepper spray stun gun number nonleth method immedi dispos real question version event hold true gun first option offic went,back_translation
He had to take a break because Bassem was making too much sense for him to debate further. ,0,take break bassem making much sense debate,take break bassem make much sens debat,original
These comments are fucking ridiculous seeing this video over a year after. We all know “hands up don’t shoot” is bullshit. Still a tragedy but let’s not keep exploiting this mans death. No good has come from this in anyway shape or form.,1,comment fucking ridiculous watching video year know hand don't shoot shit still tragedy let keep exploding man death well come anyway way way,comment fuck ridicul see video year know hand dont shoot bullshit still tragedi let keep exploit man death good come anyway shape form,back_translation
" Thank you, Stefan.  Humorous, tragic  and enlightening.  From California.",0,thank stefan humorous tragic enlightening california,thank stefan humor tragic enlighten california,original
THE BEST AND MOST HONEST BLACK PEOPLE I'VE EVER KNOW,0,best honest black people ive ever know,best honest black peopl ive ever know,original
"police shot 1 black guy , & then the blacks riot ,!! when a black shoot a black , what happens ?? ,,,,,,,,,,,,,, ?",0,police shot black guy black riot black shoot black happens,polic shot black guy black riot black shoot black happen,original
Link between poor little tryvon martin and little mr brown? Yeah they were both thug's that tired to beat the white person into the ground and got shot for their effords...end of story,1,link poor little tryvon martin little brown yes bully tired hit white person ground shot effort send story,link poor littl tryvon martin littl brown yeah thug tire beat white person ground got shot effordsend stori,back_translation
She is right Blacks are in the shitter because of themselves not the white man.,1,right black shitter white man,right black shitter white man,original
Ana is fuxking hot,1,ana fuxking hot,ana fuxk hot,original
cop dont even do anything wtf.protesters i want to break there face in. losers nolifes,1,cop dont even anything wtfprotesters want break face loser nolifes,cop dont even anyth wtfprotest want break face loser nolif,original
" Kajieme Powell Shooting Video Disturbs For So Many Reasons

that is the link to the video i mentoned",0,kajieme powell shooting video disturbs many reason link video mentoned,kajiem powel shoot video disturb mani reason link video menton,original
the real criminals are on wall street those guys steal more money then any inmate in every Penitentiary every dreamed of stealing,1,real Wall Street criminal steals money inmate every penitentiary every dream robbery,real crimin wall street guy steal money inmat everi penitentiari everi dream steal,back_translation
Joe rogan is an idiot.,1,joe rogan idiot,joe rogan idiot,back_translation
Never argue with an idiot ,1,never argue idiot,never argu idiot,back_translation
"Remember that time every other race rioted because someone of their race got shot by a white cop after attacking the officer or waving a gun around?
Remember the huge riot last year when a 13 month old was shot in the head by 2 black kids?

Oh.",1,remember time every race rioted someone race got shot white cop attacking officer waving gun around remember huge riot last year month old shot head black kid,rememb time everi race riot someon race got shot white cop attack offic wave gun around rememb huge riot last year month old shot head black kid,original
Wrong Mother Fucker. No shoot to apprehend,1,wrong mother fucker shoot apprehend,wrong mother fucker shoot apprehend,original
CNN youse guys going too far I'll tell you what you doing so that bad is going to happen very bad it's all going to benefit you I don't care how much money you have Ellen and better for you to be like all the rest was be careful what you put out there you put Russia in between this be careful we have kids,0,cnn youse guy going far ill tell bad going happen bad going benefit dont care much money ellen better like rest careful put put russia careful kid,cnn yous guy go far ill tell bad go happen bad go benefit dont care much money ellen better like rest care put put russia care kid,original
Arrest all of them,0,arrest,arrest,original
Mrs. Hubbard . . . you get it .. Jamyla Bolden died so needlessly ..,0,mr hubbard get jamyla bolden died needlessly,mr hubbard get jamyla bolden die needlessli,original
Bill Cosby caused them,0,bill cosby caused,bill cosbi caus,original
so he deserved to be killed because he smoke weed...like fighting...throw the gang signs and allegedly stole cigars?,0,deserved killed smoke weedlike fightingthrow gang sign allegedly stole cigar,deserv kill smoke weedlik fightingthrow gang sign allegedli stole cigar,original
"This was about race as much as this news article that got NO National Media attention, just last week.
http://www.wnd.com/2014/08/black-cop-kills-white-man-media-hide-race/",0,race much news article got national medium attention last week,race much news articl got nation medium attent last week,original
"Michael Brown would not have been going to college if he had lived. He would have been in the county jail awaiting trial for robbery, assault on a police officer and maybe even attempted murder",1,michael brown would going college lived would county jail awaiting trial robbery assault police officer maybe even attempted murder,michael brown would go colleg live would counti jail await trial robberi assault polic offic mayb even attempt murder,original
"One feral hoodlum put down, the rest of us no longer need to fear his thuggish behavior. Upset about that? Blame his parents- they failed to raise him right and provide proper supervision. Or, he was just defective from the start. Either way sounds like a case of quality control to me. Thank you Officer Wilson for doing your job.",1,a wild bully rest longer need fear behavior annoying bully blame parent failed correct raise provide adequate supervision faulty start either way sounds like case quality control thanks officer wilson job,one feral hoodlum put rest longer need fear thuggish behavior upset blame parent fail rais right provid proper supervis defect start either way sound like case qualiti control thank offic wilson job,back_translation
*Yes lets destroy someone else's property and ruin their day because we are mad at someone else. Take that Police!*     cunts.,1,yes let destroy someone elses property ruin day mad someone else take police cunt,ye let destroy someon els properti ruin day mad someon els take polic cunt,original
"Ferguson just like any American city is not a prison. If those or any other residents feel that are mistreated, discriminated against, or subjected to illegall search and seizure then my advice is move! Our country is vast and I am confident they can find somewhere in our great nation where they can find a place to be happy and successful. ",0,ferguson like american city prison resident feel mistreated discriminated subjected illegall search seizure advice move country vast confident find somewhere great nation find place happy successful,ferguson like american citi prison resid feel mistreat discrimin subject illegal search seizur advic move countri vast confid find somewher great nation find place happi success,original
"I am not black...many years ago I was almost shot by the police...I was driving with friends, partying, even doing some illegal drug use in the car...didn't even notice the cop car behind me....when the lights went on we all freaked....we pulled over and panicked ... the cops had bright lights on us...we were trying desperately to hide the drugs....I could hear the cops telling me to get out of the car but I kept trying to hide the drugs....of course from what they saw I was going into the center console, maybe to get a gun?...I was told LOUDLY...stop what you are doing put your hands where we can see them and get out of the car.  I can tell you I froze and did exactly what they told me to do.....IF I DID NOT LISTEN I would have been shot...most likely in the head....I don't understand why anyone wouldn't just do what a cop tells them to do...if they say ""put your hands up""  PUT YOUR HANDS UP!!!!  If they tell you to step back ""STEP BACK""!!!!!  If you defy the person with the gun and threaten them YOU WILL BE SHOT!  Color has nothing to do with it.",0,blackmany year ago almost shot policei driving friend partying even illegal drug use cardidnt even notice cop car behind mewhen light went freakedwe pulled panicked cop bright light uswe trying desperately hide drugsi could hear cop telling get car kept trying hide drugsof course saw going center console maybe get guni told loudlystop put hand see get car tell froze exactly told doif listen would shotmost likely headi dont understand anyone wouldnt cop tell doif say put hand put hand tell step back step back defy person gun threaten shot color nothing,blackmani year ago almost shot policei drive friend parti even illeg drug use cardidnt even notic cop car behind mewhen light went freakedw pull panick cop bright light usw tri desper hide drugsi could hear cop tell get car kept tri hide drugsof cours saw go center consol mayb get guni told loudlystop put hand see get car tell froze exactli told doif listen would shotmost like headi dont understand anyon wouldnt cop tell doif say put hand put hand tell step back step back defi person gun threaten shot color noth,original
I can't for the life of me understand why people think that Mike Brown was a martyr for some cause. The man was a criminal. Are all black people criminals? Absolutely not. Are there white criminals? Hispanic criminals? You betcha. If the situation was EXACTLY the same but the races were reversed there would not be an issue at all.,1,cant life understand people think mike brown martyr cause man criminal black people criminal absolutely white criminal hispanic criminal betcha situation exactly race reversed would issue,cant life understand peopl think mike brown martyr caus man crimin black peopl crimin absolut white crimin hispan crimin betcha situat exactli race revers would issu,original
Ayy CNN are lookin like pussies ,1,ayy cnn lookin like pussy,ayi cnn lookin like pussi,original
Ana is fuxking hot,1,fucking hot anna,ana fuxk hot,back_translation
"If the majority of the people in Ferguson are African American than why are their elected officials not African American? The mayor, city council, and police chief are all elected officials.  Are the people in the community not stepping up to fill those roles?",0,majority people ferguson african american elected official african american mayor city council police chief elected official people community stepping fill role,major peopl ferguson african american elect offici african american mayor citi council polic chief elect offici peopl commun step fill role,original
People ask for peace but then riot then bring violence.,0,people ask peace riot bring violence,peopl ask peac riot bring violenc,original
"CNN is propaganda for the most part, and people let them hear it in Ferguson too.",0,cnn propaganda part people let hear ferguson,cnn propaganda part peopl let hear ferguson,original
Great interviews,0,great interview,great interview,original
Cuumm dowww heeeeerrrr lol it's come down here. ,0,cuumm dowww heeeeerrrr lol come,cuumm dowww heeeeerrrr lol come,original
all you white immigrants need to go back to Europe and tbh native Americans we're here before the European settlers came over on there boats,1,white immigrant need back europe tbh native american european settler came boat,white immigr need back europ tbh nativ american european settler came boat,original
y'all racists as fuck. god please bless america,1,"All you fucking racists, God please bless America.",yall racist fuck god pleas bless america,back_translation
Too much logic and intelligence.  She must be mixed race with some intelligent white DNA in her.,1,a lot of logical intelligence must be intelligent mestiza white dna,much logic intellig must mix race intellig white dna,back_translation
"I do believe that the correct word is caucasian not ""white"". Let's be correct in every regard. Great report though. I love the videos.",0,believe correct word caucasian white let correct every regard great report though love video,believ correct word caucasian white let correct everi regard great report though love video,original
"They are protecting and serving us, from people like Michael Brown. The guy deserved to be killed, cry more about it...",1,protecting serving people like michael brown guy deserved killed cry,protect serv peopl like michael brown guy deserv kill cri,original
"So every time or don't agree with the police I'm going to go and burn down everything that has no relation to what I don't agree with and call it protesting. These people are so fucking stupid, it's as if we're de-evolving  ",1,every time dont agree police going burn everything relation dont agree call protesting people fucking stupid deevolving,everi time dont agre polic go burn everyth relat dont agre call protest peopl fuck stupid deevolv,original
Let's get this straight and present the facts as the mass media should have from the beginning. 18 yr old (by all legal aspects an adult) robs a convince store. The criminal later flees the seen and is aprehended by the police. Resists arrest and altercation occurs between the two. The police (as in every case similar to this uses force). Criminal is killed. The killing goes to court. A randomly selected jury views all the evidence and hears out all witnesses which pertain to the case.  Radom jury reaches unanimous verdict of not guilty. Im sorry protestors I can't here over all this DEMOCRACY!,1,let get straight present fact mass medium beginning old legal aspect adult robs convince store criminal later flees seen aprehended police resists arrest altercation occurs two police every case similar us force criminal killed killing go court randomly selected jury view evidence hears witness pertain case radom jury reach unanimous verdict guilty sorry protestors cant democracy,let get straight present fact mass medium begin old legal aspect adult rob convinc store crimin later flee seen aprehend polic resist arrest alterc occur two polic everi case similar us forc crimin kill kill go court randomli select juri view evid hear wit pertain case radom juri reach unanim verdict guilti sorri protestor cant democraci,original
"How can the police concentrate on any investigation with all these ""people""  (if they can be called that) misbehaving. I hope this investigation gets all cancelled until they can behave and they let the police work. Everyone says this guy committed suicide by cop by attacking the police in the first place. how more clear can this be. You just don't disrespect the Police that way.",1,the police concentrate the investigation people called for bad behavior I hope the investigation is canceled behave let the police work everyone says the guy committed suicide police attacking the police first place clear don't disrespect the police,polic concentr investig peopl call misbehav hope investig get cancel behav let polic work everyon say guy commit suicid cop attack polic first place clear dont disrespect polic way,back_translation
Wow!!!,0,wow,wow,original
Anybody got a cigar?,0,anybody got cigar,anybodi got cigar,original
Signs saying black lives matter and they are blocking black and white people. wtf?,1,sign saying black life matter blocking black white people wtf,sign say black life matter block black white peopl wtf,original
Okay but what in the literal fuck do Skittles and tea have to do with lean?,1,okay literal fuck skittle tea lean,okay liter fuck skittl tea lean,original
"“Do White children deserve to have a future?
Tens of millions of non-Whites flooding into White countries every year will, in a few decades, mean that Whites will be a minority in every country they founded.
Black countries will remain majority Black, and Asian countries will remain majority Asian.
Only White countries will be affected by this. This is genocide under international law.
But anti-Whites don’t call it genocide; they call it diversity.
Diversity means chasing down every last White child.
Anti-racist is a codeword for anti-White.”",1,white child deserve future ten million nonwhites flooding white country every year decade mean white minority every country founded black country remain majority black asian country remain majority asian white country affected genocide international law antiwhites dont call genocide call diversity diversity mean chasing every last white child antiracist codeword antiwhite,white child deserv futur ten million nonwhit flood white countri everi year decad mean white minor everi countri found black countri remain major black asian countri remain major asian white countri affect genocid intern law antiwhit dont call genocid call divers divers mean chase everi last white child antiracist codeword antiwhit,original
Buy ak47 shoot all USA copa,1,buy shoot usa copa,buy shoot usa copa,original
@23:00 hear what the guy is saying.. That a policemen stated that in his 31 years of service 8 officers have died by their own weapon and one was shoot execution style or whatever. So why the fuck does Officer Wilson let this 300 pound guy run 150ft--he's too big to run that fast I can assume? Shouldn't it take about 30-40 ft to tell Brown to freeze or he'll shoot? Bs all the way if you tell me.,1,hear guy saying policeman stated year service officer died weapon one shoot execution style whatever fuck officer wilson let pound guy run fthes big run fast assume shouldnt take tell brown freeze hell shoot way tell,hear guy say policeman state year servic offic die weapon one shoot execut style whatev fuck offic wilson let pound guy run fthe big run fast assum shouldnt take tell brown freez hell shoot way tell,original
"If you act like a gentleman, you'll be treated like a gentleman.
................someone did not act like a gentleman.  ",0,act like gentleman youll treated like gentleman someone act like gentleman,act like gentleman youll treat like gentleman someon act like gentleman,original
pepper spray the cunts. They will run.,1,pepper spray cunt run,pepper spray cunt run,original
hahahahaha molyneux reciting rap lyrics too intense,0,hahahahaha molyneux reciting rap lyric intense,hahahahaha molyneux recit rap lyric intens,original
This guy is a moron.,1,guy moron,guy moron,original
"I love this lady!!!

We need more strong women like Peggy Hubbard!!",0,love lady need strong woman like peggy hubbard,love ladi need strong woman like peggi hubbard,original
didnt he attack a police officer? and steal from a store? what did you expect? ,0,didnt attack police officer steal store expect,didnt attack polic offic steal store expect,original
What j=kind of bandana was that guy wearing? It was light up,0,jkind bandana guy wearing light,jkind bandana guy wear light,original
"""I don't want my sons death to be in vain."" ""LET'S BURN THIS BITCH DOWN!"" Stupid fucks destroying livelihoods. Peaceful protests my fucking ass.",1,dont want son death vain let burn bitch stupid fuck destroying livelihood peaceful protest fucking as,dont want son death vain let burn bitch stupid fuck destroy livelihood peac protest fuck as,original
this comment has nothing to do with the topic of this video...but will someone please set Stefan's rapping to an actual beat. It would be epic.,0,comment nothing topic videobut someone please set stefans rapping actual beat would epic,comment noth topic videobut someon pleas set stefan rap actual beat would epic,original
Masri is about as close as you can get to ISIS in America.  ,1,masri close get isi america,masri close get isi america,back_translation
Very weak display from law enforcement.,1,weak display law enforcement,weak display law enforc,back_translation
"https://youtu.be/qLpGdYVx-DM
Really black people are the most violent?",0,really black people violent,realli black peopl violent,original
Ram those pricks.,1,mutton prick,ram prick,back_translation
since we now know that he never held his hands up.  Anyone who raises his hand up to show he is against the police of Ferguson is a racist scumbag.  Watch tv and count them.  There are a lot of racist scumbags out there.,1,since know never held hand anyone raise hand show police ferguson racist scumbag watch count lot racist scumbags,sinc know never held hand anyon rais hand show polic ferguson racist scumbag watch count lot racist scumbag,original
"What about the construction workers working in the area, who saw the incident and stated that Brown had his hands raised and was surrendering?  I find it interesting that your witness accounts were limited solely to those 2 accounts that support the minority viewpoint.  Additionally, where was the innocent until proven guilty mindset when OJ Simpson was charged with Nicole's murder? Explain the shots to Brown's back?  You conveniently omit this information.  All witnesses state that Brown's was surrendering except the 2 you mentioned.  I have not seen a single picture of the injuries sustained by the police officer who Brown allegedly beat.  Do you actually believe that if such pictures existed that they would not be all over the media by now?  I am not saying that the officer's actions were motivated by racism.  I am saying that the officer probably has psychopathic tendencies.  It seems that there are more of these types being hired to police the streets of the USA.  

Great presentation, but highly hypocritical..    ",1,construction worker work area saw incident declared brown hand raised surrender find interesting witness account limited only account support minority point of view furthermore innocent proven guilty mentality simpson accused nicoles murder explain shot brown back conveniently omit information state witness brown surrender except mentioned seen single image injury sustained police officer brown supposedly hit actually believe image existed mean said officer action motivated racism said officer probably psychopathic tendency seems type police hired street united states great presentation highly hypocritical,construct worker work area saw incid state brown hand rais surrend find interest wit account limit sole account support minor viewpoint addit innoc proven guilti mindset simpson charg nicol murder explain shot brown back conveni omit inform wit state brown surrend except mention seen singl pictur injuri sustain polic offic brown allegedli beat actual believ pictur exist would medium say offic action motiv racism say offic probabl psychopath tendenc seem type hire polic street usa great present highli hypocrit,back_translation
FACTS prove he was a THUG.,1,done bully test,fact prove thug,back_translation
"Well, we all know the truth today and yet we still hear the ""hands up, don't shoot"" BULLSHIT lie (see Beyonce). . .Yet we still see this moniker being used as a reason (lie) to shoot at Cops and outright assassinate them.",1,well know truth today yet still hear hand dont shoot bullshit lie see beyonce yet still see moniker used reason lie shoot cop outright assassinate,well know truth today yet still hear hand dont shoot bullshit lie see beyonc yet still see monik use reason lie shoot cop outright assassin,original
awesome job from our law enforcement now send off to disrupt & tear down all the Islamic extremist radicals in America thanks....,1,awesome job law enforcement send disrupt tear islamic extremist radical america thanks,awesom job law enforc send disrupt tear islam extremist radic america thank,original
"Black cop kills white kid...Black kid kills white cop.  Does anyone riot, protest and engage national news?  No.  Race isn't mentioned in either of these circumstances.  So think about it, then ask yourself this question (and answer honestly): Who are the REAL racists in this country? ",1,black cop kills white kidblack kid kills white cop anyone in riot gear protest get involved national news race neither circumstance is mentioned think ask question answer honestly real racist country,black cop kill white kidblack kid kill white cop anyon riot protest engag nation news race isnt mention either circumst think ask question answer honestli real racist countri,back_translation
Stefan - a fan of Rep. M. Rivers,0,stefan fan rep river,stefan fan rep river,original
Its all a hoax ,0,hoax,hoax,original
"Police brutality affects everyone.  It's not just a black issue, and when they made it a ""black"" issue that's when people who aren't black tend to stop listening.  End racial profiling as if police don't fuck with everyone?  Police don't care WHAT color you are, if you aren't  a policeman they will fuck with you.  If you look on youtube you will notice the brutality doesn't discriminate.  

So stop it with this racial bullshit, because if you want cops to finally be held accountable for their powertripping actions, you need to realize that playing the whole ""because I'm black, and only black, and black"" card, makes people who aren't black feel less sympathetic because every race here has had issues with them.",1,police brutality affect everyone black issue made black issue thats people arent black tend stop listening end racial profiling police dont fuck everyone police dont care color arent policeman fuck look youtube notice brutality doesnt discriminate stop racial bullshit want cop finally held accountable powertripping action need realize playing whole black black black card make people arent black feel less sympathetic every race issue,polic brutal affect everyon black issu made black issu that peopl arent black tend stop listen end racial profil polic dont fuck everyon polic dont care color arent policeman fuck look youtub notic brutal doesnt discrimin stop racial bullshit want cop final held account powertrip action need realiz play whole black black black card make peopl arent black feel less sympathet everi race issu,original
Stuff like this is one of the reasons why people associate violence and danger with black people.,1,things like one of the reasons people associate violence with the danger of black people,stuff like one reason peopl associ violenc danger black peopl,back_translation
just run there stupid ass over. there stupid enough to stand in the middle of a freeway,1,run stupid as stupid enough stand middle freeway,run stupid as stupid enough stand middl freeway,original
"Ah, beautiful.",1,beautiful,beauti,original
I wonder what the police expect will happen when they continually abuse and kill people  ? Do they honestly expect the public  to do nothing about it ? To just lay back and take it and let the cops just turn into one massive street gang who are allowed to kill without consequence? Even a rat when it's cornered will defend itself ..,1,"I wonder the police expect abuse to continually happen, kill people, honestly expect the public not to be left behind, let the police become a massive street gang, they are allowed to kill without consequences, even a cornered rat, defend.",wonder polic expect happen continu abus kill peopl honestli expect public noth lay back take let cop turn one massiv street gang allow kill without consequ even rat corner defend,back_translation
Let's get this straight and present the facts as the mass media should have from the beginning. 18 yr old (by all legal aspects an adult) robs a convince store. The criminal later flees the seen and is aprehended by the police. Resists arrest and altercation occurs between the two. The police (as in every case similar to this uses force). Criminal is killed. The killing goes to court. A randomly selected jury views all the evidence and hears out all witnesses which pertain to the case.  Radom jury reaches unanimous verdict of not guilty. Im sorry protestors I can't here over all this DEMOCRACY!,1,let him straighten present fact half massive beginning old appearance legal adult steal convince shop criminal then flee seen apprehended police resist arrest altercation occurs two police each case similar us force criminal murdered kill go to court randomly selected jury see evidence listen witness belongs case radom jury reach unanimous verdict guilty sorry protesters can't democracy,let get straight present fact mass medium begin old legal aspect adult rob convinc store crimin later flee seen aprehend polic resist arrest alterc occur two polic everi case similar us forc crimin kill kill go court randomli select juri view evid hear wit pertain case radom juri reach unanim verdict guilti sorri protestor cant democraci,back_translation
"Lets Steal from a convenience store then lets go and punch a cop in the face and get shot 6 times, then lets get all the black people and white apologists to run around the street setting buildings on fire, fucking dirty gutter rats all living on welfare and causing violence , just look where the rest of black people live... on the dirties Ebola plague ridden continent, lucky white countries can come over and cure their dumb asses.",1,let steal convenience store let punch cop face get shot time let get black people white apologist run around street setting building fire fucking dirty gutter rat living welfare causing violence look rest black people live dirties ebola plague ridden continent lucky white country come cure dumb ass,let steal conveni store let punch cop face get shot time let get black peopl white apologist run around street set build fire fuck dirti gutter rat live welfar caus violenc look rest black peopl live dirti ebola plagu ridden contin lucki white countri come cure dumb ass,original
"Shoot to apprehend? Easier said than done.. When the evidence was presented, Michael brown was still attackin darren after he was shot twice.... People have this misconception, like in the movies, that one gun shot anywhere to the body, will disable an attacker. This is a false belief.. There are cases of people still attacking or running after they've been shot 2-3 times. For god sake, 50 cent was shot 9 times and he's alive... When you're being attacked by a 6 ft 3 200 somthing pound person, and you're on your back, it's hard to say I""m just goin to shoot to apprehend. Had michael brown copnducted himself like a gentleman, this wouldn't have happened. He was an aggresive piece of shit, and this muslim shit head isn't any better. He's filled with rage and doesn't have the answer for anything. Progression comes from tolerance not violence.",1,shoot apprehend easier said done evidence presented michael brown still attackin darren shot twice people misconception like movie one gun shot anywhere body disable attacker false belief case people still attacking running theyve shot time god sake cent shot time he alive youre attacked somthing pound person youre back hard say goin shoot apprehend michael brown copnducted like gentleman wouldnt happened aggresive piece shit muslim shit head isnt better he filled rage doesnt answer anything progression come tolerance violence,shoot apprehend easier said done evid present michael brown still attackin darren shot twice peopl misconcept like movi one gun shot anywher bodi disabl attack fals belief case peopl still attack run theyv shot time god sake cent shot time he aliv your attack somth pound person your back hard say goin shoot apprehend michael brown copnduct like gentleman wouldnt happen aggres piec shit muslim shit head isnt better he fill rage doesnt answer anyth progress come toler violenc,original
don't get why the cops are armed for civil war ... machine guns against unarmed  civilians throwing bricks... fuck the united states. the people of america must free themselves from oppression !! ,1,don't get armed police civil war machine gun unarmed civilian throwing brick fuck people of the united states america must liberate oppression,dont get cop arm civil war machin gun unarm civilian throw brick fuck unit state peopl america must free oppress,back_translation
CNN mother fuckers....fuck you peace of shit!,1,cnn mother fuckersfuck peace shit,cnn mother fuckersfuck peac shit,original
@23:00 hear what the guy is saying.. That a policemen stated that in his 31 years of service 8 officers have died by their own weapon and one was shoot execution style or whatever. So why the fuck does Officer Wilson let this 300 pound guy run 150ft--he's too big to run that fast I can assume? Shouldn't it take about 30-40 ft to tell Brown to freeze or he'll shoot? Bs all the way if you tell me.,1,listen to guy say police stated year of service officer died gun shot execution style whatever fuck officer wilson let guy run pound fthes big run fast assume shouldn't take say brown freeze hell shoot way say,hear guy say policeman state year servic offic die weapon one shoot execut style whatev fuck offic wilson let pound guy run fthe big run fast assum shouldnt take tell brown freez hell shoot way tell,back_translation
"All these people with cell phones in the crowd recording the encounter, claiming they saw it all, but nobody - the media, independent researcher or witnesses have video footage of the encounter between Brown and the officer before he was shot.",0,people cell phone crowd recording encounter claiming saw nobody medium independent researcher witness video footage encounter brown officer shot,peopl cell phone crowd record encount claim saw nobodi medium independ research wit video footag encount brown offic shot,original
Let it not be news,0,let news,let news,original
good quality !,0,good quality,good qualiti,original
they must be mad cause there quiet a few that have lost thier belts.,0,must mad cause quiet lost thier belt,must mad caus quiet lost thier belt,original
That punk did not get blasted for no reason!! If that cop didn't shoot him someone else would have!!,1,Punk is criticized for the reason the police officer didn't shoot someone else.,punk get blast reason cop didnt shoot someon els would,back_translation
Crimes committed during a Riot should become a Federal Offence.  The Federal Government has the ability to build unlimited prisons.,0,crime committed riot become federal offence federal government ability build unlimited prison,crime commit riot becom feder offenc feder govern abil build unlimit prison,original
The quote from the mother... Wow that hit hard. Very accurate.,0,quote mother wow hit hard accurate,quot mother wow hit hard accur,original
Iz didn't do nuffinz!,0,didnt nuffinz,didnt nuffinz,original
If you act like animals you get treated like animals,1,act like animal get treated like animal,act like anim get treat like anim,original
yeah what she said save us some tax dollars so we can buy parts for are harleys and ARs LOLOL,0,yeah said save tax dollar buy part harleys ar lolol,yeah said save tax dollar buy part harley ar lolol,original
"If people would obey the law, like normal human beings. This would never happen. <- WINNER",0,people would obey law like normal human being would never happen winner,peopl would obey law like normal human be would never happen winner,original
The chief is not black you are lying ,0,chief black lying,chief black lie,original
"""back to Africa"" still a thing?  cause they seem like they really don't like it here...and its not working out...maybe they can turn their continent around",1,back africa still thing cause seem like really dont like hereand working outmaybe turn continent around,back africa still thing caus seem like realli dont like hereand work outmayb turn contin around,original
"There's a lot more drivers there, they should have banded together and collectively beat the living shit out of every one of those little pricks.",1,there lot driver banded together collectively beat living shit every one little prick,there lot driver band togeth collect beat live shit everi one littl prick,original
Somebody pick up a gun and kill a cop already LA style ,1,somebody pick gun kill cop already style,somebodi pick gun kill cop alreadi style,original
"What an ignorant coward, full of emotion, estrogen and apathy. And where the hell did you come from? Fuckin racially ambiguous blackwashed loudmouth. They really chose a pathetic man to interview. ",1,ignorant coward full emotion estrogen apathy hell come fucking racially ambiguous blacked loudmouth really chose man pathetic interview,ignor coward full emot estrogen apathi hell come fuckin racial ambigu blackwash loudmouth realli chose pathet man interview,back_translation
"It looks like M. Brown did the ""suicide"" by cop thing.",1,look like brown suicide cop thing,look like brown suicid cop thing,original
California is so stupid ! Just arrest all them and charge them ! Drivers need to get too work To feed their Families,1,california stupid arrest charge driver need get work feed family,california stupid arrest charg driver need get work feed famili,original
"hit the nail on the head !! black lives matter, guess not when they keep killing each other over stupid shit . like gang loyalty and selling drugs instead of getting an education so you are able to get out of the getto your in . i take my hat off to those parents who raise there chlidren to have values and pride in who they are,cause those are the ones who will make a difference . not the drug dealing gang bangers . the only difference there going to makeis one less for the holiday dinners",0,hit nail head black life matter guess keep killing stupid shit like gang loyalty selling drug instead getting education able get getto take hat parent raise chlidren value pride arecause one make difference drug dealing gang banger difference going makeis one less holiday dinner,hit nail head black life matter guess keep kill stupid shit like gang loyalti sell drug instead get educ abl get getto take hat parent rais chlidren valu pride arecaus one make differ drug deal gang banger differ go makei one less holiday dinner,original
Lol! Look what it got them!,0,lol look got,lol look got,original
"Bullshit, the best places to live in America, are completely liberal, and the worst places to live in America, are overwhelmingly republican. And that is a fact jack.",1,shit the best place lives america completely liberal the worst place lives america overwhelmingly republican fact jack,bullshit best place live america complet liber worst place live america overwhelmingli republican fact jack,back_translation
"I loved your Trayvon Martin video and I love this one too. I wish you could deliver cable news, maybe then people would get the truth.",0,loved trayvon martin video love one wish could deliver cable news maybe people would get truth,love trayvon martin video love one wish could deliv cabl news mayb peopl would get truth,original
why is Black lives matter out there ? take your Black asses Home ... has Nothin to do with your Black asses !,1,black lives matter bring black ass home nothing black ass,black life matter take black ass home nothin black ass,back_translation
THE ONLY JUSTICE WE WILL GET IS IN THE STREET. AN EYE FOR AN EYE. YOU KILL US WE KILL YOU,1,justice get street eye eye kill kill,justic get street eye eye kill kill,original
"Black lives matter 
White lives matter 
All lives matter",0,black life matter white life matter life matter,black life matter white life matter life matter,original
"Did he say that the sound of him spitting is an ""Arab expression""?",0,say sound spitting arab expression,say sound spit arab express,original
What are they proving by blocking the   road,0,proving blocking road,prove block road,original
Arabs Hate black people. This ISIS sympathizer just wants to call it his community. Nonsense.,1,"Arabs hate black people, Isi sympathizer wants to call the community senseless.",arab hate black peopl isi sympath want call commun nonsens,back_translation
"Whites should move-out of Ferguson, let's see how nice it becomes after that! East St. Louis, Detroit, Baltimore same thing happened and now look at those cities!!",1,white moveout ferguson let see nice becomes east louis detroit baltimore thing happened look city,white moveout ferguson let see nice becom east loui detroit baltimor thing happen look citi,original
This was truly a tragedy..not only the death of the kid but they way that the city reacted!  This is not the way to get justice.  It only makes matters worse.  This is the Malcolm X way of handling things not the Dr. King way.,0,truly tragedynot death kid way city reacted way get justice make matter worse malcolm way handling thing king way,truli tragedynot death kid way citi react way get justic make matter wors malcolm way handl thing king way,original
"and the heading reads, When the protesters take it too far",0,heading read protester take far,head read protest take far,original
Great points.  Thank you for trying to calmly dissect this.  Praying the truth comes out and that we all can handle the truth. ,0,great point thank trying calmly dissect praying truth come handle truth,great point thank tri calmli dissect pray truth come handl truth,original
So I guess he gets away with it since he had a label or title of police but if he had a title or label of low life or thug or addict I guess he's behind bars then smh,0,guess get away since label title police title label low life thug addict guess he behind bar smh,guess get away sinc label titl polic titl label low life thug addict guess he behind bar smh,original
"Wait, so who was rioting again? The people standing boredly on the sidewalk, or the guys with guns in the middle of traffic?",0,wait rioting people standing boredly sidewalk guy gun middle traffic,wait riot peopl stand boredli sidewalk guy gun middl traffic,original
GOD bless the Police.,0,god bless police,god bless polic,original
"This delusional moron's anger is ONLY justified if Mike was, indeed, unjustly killed. If, on the other hand, Mike was a malicious person, and the shooting was justified, then all the rioting is not justified. NO ONE can know what happened there that day, so any riots are taking place on the basis of assumptions. ",1,delusional moron anger justified mike indeed unjustly killed hand mike malicious person shooting justified rioting justified one know happened day riot taking place basis assumption,delusion moron anger justifi mike inde unjustli kill hand mike malici person shoot justifi riot justifi one know happen day riot take place basi assumpt,original
"Must be nice looting, protesting, rioting, and burning stuff down in the middle of the night when you don't have to get up to go to work the next day",1,It must be nice to loot protest riots burn things in the middle of the night not getting a job the next day,must nice loot protest riot burn stuff middl night dont get work next day,back_translation
Dude commits 3 felonies including assaulting a police officer before he is shot and killed. Are you serious? This is a race riot to distract from the fact that a cop was doing his job. case closed. justice served on the street that day.,0,dude commits felony including assaulting police officer shot killed serious race riot distract fact cop job case closed justice served street day,dude commit feloni includ assault polic offic shot kill seriou race riot distract fact cop job case close justic serv street day,original
CHRISTIANS ROCK!,0,christian rock,christian rock,original
The US government is killing its population!,1,government killing population,govern kill popul,back_translation
Kill all protesters,1,kill protester,kill protest,original
I wish the car flipped over and crushed the rioters,1,wish car flipped crushed troublemaker,wish car flip crush rioter,back_translation
mike browns father was made to say that boooshit,1,mike brown father made say boooshit,mike brown father made say boooshit,original
I can't wait until Jesus comes back so he could take care of all this b s I'm getting so sick and tired of all these racist white people and racist black people damn can we all just get along as a black man I love all white people and black people we have to do away with all this hate in are hearts and try loving each other because all that hate is gonna take us to hell we need to come together because we are all gods children not kkk or black power its just us ,0,cant wait jesus come back could take care getting sick tired racist white people racist black people damn get along black man love white people black people away hate heart try loving hate gonna take hell need come together god child kkk black power,cant wait jesu come back could take care get sick tire racist white peopl racist black peopl damn get along black man love white peopl black peopl away hate heart tri love hate gonna take hell need come togeth god child kkk black power,original
Drive through them,1,drive,drive,original
"Our shit serving media concocts a story, white cop kills an innocent black teenager, which is bullshit, to get the ""black community"" up in arms, they burn shit down..more stories for these useless talking heads to get in front of a camera with. At least once a week i see a black on white crime reported on the news..no national attention , no federal involvement...wtf? Black men need to stand up and be fathers and stop looking for excuses.. fuck yall.. all yall.",1,shit serving medium concocts story white cop kill innocent black teenager bullshit get black community arm burn shit downmore story useless talking head get front camera least week see black white crime reported newsno national attention federal involvementwtf black men need stand father stop looking excuse fuck yall yall,shit serv medium concoct stori white cop kill innoc black teenag bullshit get black commun arm burn shit downmor stori useless talk head get front camera least week see black white crime report newsno nation attent feder involvementwtf black men need stand father stop look excus fuck yall yall,original
why is Black lives matter out there ? take your Black asses Home ... has Nothin to do with your Black asses !,1,black life matter take black ass home nothin black ass,black life matter take black ass home nothin black ass,original
love the rap section!,0,love rap section,love rap section,original
"I believe in those photos the gentle giant and his accomplice are giving gang signs, no? Even if Brown did raise his hands in surrender, maybe he realized he'd blown it, could get in trouble, and by then Officer Wilson's adrenaline was running high and reacted. Officers don't hesitate or they'd lose their lives. Lord knows there's no such thing as a thug that goes to college? Look at all those angelic professional athletes that keep getting arrested. What crap we're being fed. I'm disgusted.",1,believe photo gentle giant accomplice giving gang sign even brown raise hand give up maybe realized he was broke might be in trouble officer wilson adrenaline rushing high officer reacted don't doubt they would lose their lives sir know there is thing bully go to college look angelic professional athlete keep getting arrested fed shit disgusted,believ photo gentl giant accomplic give gang sign even brown rais hand surrend mayb realiz hed blown could get troubl offic wilson adrenalin run high react offic dont hesit theyd lose life lord know there thing thug go colleg look angel profession athlet keep get arrest crap fed disgust,back_translation
death ti the white devil,1,death white devil,death white devil,back_translation
Non lethal weapon's do not control crowds lol. I love Rogan but this discussion was stupid as fuck.,1,non lethal weapon control crowd lol love rogan discussion stupid fuck,non lethal weapon control crowd lol love rogan discuss stupid fuck,original
If they were doing that to me they would be eating all the coal I could roll,1,eat coal could roll,would eat coal could roll,back_translation
5:53 did you see that brick hit that white pig on his helmet. Lmao. Nice shot. Should of hit his face,1,see brick hit white pig helmet lmao nice shot hit face,see brick hit white pig helmet lmao nice shot hit face,back_translation
Brown was a piece of shit and the world is better off without him.,1,brown piece shit world better without,brown piec shit world better without,original
That was awesome,0,awesome,awesom,original
"I don't give a fuck what it is they're protesting about. DON'T BLOCK FUCKING TRAFFIC YOU CUNTS. Why piss on everyone else's day? Honestly such cunts. There should be a law where if you intentionally block traffic, drivers reserve the right to run you the fuck over. It's just quickening the Darwinism process anyway.",1,"I don't give a damn, they're protesting, don't block fucking traffic, cunt, piss on everyone else's day, honestly, cunt law, intentionally block traffic, driver reserves the right, run, fuck, speeding up the process of Darwinism anyway.",dont give fuck theyr protest dont block fuck traffic cunt piss everyon els day honestli cunt law intent block traffic driver reserv right run fuck quicken darwin process anyway,back_translation
If a black officer shot a white guy it would be fine by black people.  I'm not a racist. ,1,black officer shot white guy would fine black people racist,black offic shot white guy would fine black peopl racist,original
"Obviously rapping isn't in itself a crime, or on its face indicative of a poor character.  Aesop Rock raps, he doesn't rap about murdering people and beating the shit out of people for fun.  But if you do rap about that stuff, and only that stuff it speaks volumes about your character and how you want to be perceived by the world.  It's absolutely relevant",0,obviously rapping isnt crime face indicative poor character aesop rock rap doesnt rap murdering people beating shit people fun rap stuff stuff speaks volume character want perceived world absolutely relevant,obvious rap isnt crime face indic poor charact aesop rock rap doesnt rap murder peopl beat shit peopl fun rap stuff stuff speak volum charact want perceiv world absolut relev,original
Without that badge they a bitch and a half. So fuck the police!!,1,no badge bitch half fucked police,without badg bitch half fuck polic,back_translation
When I c the blk lives matter bullshit.....witch I call bullshit 5 black people were killed in a five period in Newark nj where were they....... I call Bullshitb,1,blk life matter bullshitwitch call bullshit black people killed five period newark call bullshitb,blk life matter bullshitwitch call bullshit black peopl kill five period newark call bullshitb,original
It's hilarious seeing these morons get hit by cars,1,hilarious to see a moron get run over,hilari see moron get hit car,back_translation
This Lady should be the first guest speaker at all of Al Sharpton’s rallies.  Seriously,0,lady first guest speaker sharptons rally seriously,ladi first guest speaker sharpton ralli serious,original
"Aiming guns at people for saying something you don't like, is extremely American. Thats all they do. America is a broken system.",0,aiming gun people saying something dont like extremely american thats america broken system,aim gun peopl say someth dont like extrem american that america broken system,original
"Worst TestTube video ever: some of the inequality is by choice: (""white flight""), and or via change in demographics, etc. But the remaining residents DO have a say: THEY VOTE and can put up their own nominees and go to city council meetings and put their grievances before the councilmen, etc. Besides, if this is the supposedly ""post-racial era"" in America, what does the race of leaders matter? Oh, BTW, the title asked what really caused the riots: seems from most accounts the answer is out-of-town LAWBREAKERS.",0,worst testtube video ever inequality choice white flight via change demographic etc remaining resident say vote put nominee city council meeting put grievance councilman etc besides supposedly postracial era america race leader matter btw title asked really caused riot seems account answer outoftown lawbreaker,worst testtub video ever inequ choic white flight via chang demograph etc remain resid say vote put nomine citi council meet put grievanc councilman etc besid supposedli postraci era america race leader matter btw titl ask realli caus riot seem account answer outoftown lawbreak,original
"So your friend gets killed which that means your burn down your local homes and items
Seems correct",1,friend killed means burning local element of the house seems right,friend get kill mean burn local home item seem correct,back_translation
Everyone wants to be the next MLK but the issue is that there aren't problems in the US anymore that require another MLK.,0,everyone want next mlk issue arent problem anymore require another mlk,everyon want next mlk issu arent problem anymor requir anoth mlk,original
Is it really that hard just to open fire,1,very hard open fire,realli hard open fire,back_translation
CNN mother fuckers....fuck you peace of shit!,1,cnn mother of a bitch shit peace shit,cnn mother fuckersfuck peac shit,back_translation
"Someone has to say this so I will.
With the way most black people behave no wonder Ferguson is such a shitty place.
Most black people in the US are so fucking lazy.
I am saying this because of countless examples from my life:
1. My grandmother got a black house nurse once and the bitch did nothing all day. When my grandmother complained to the agency they sent a different woman (wasn't black) that cleaned the entire house in 4 hours.
2. My mom works at a hospital as a nurse and all her black co workers constantly do nothing and are lazy.
Now once again. not all black people are like this (one of my best friends is black and I like him like a brother) but most of them are. The fucks expect to get everything they want only because their ancestors were once slaves. 
Well, Hitler killed most of my ancestors, do you see me with sagging pants and crying like a stupid bitch about it like those stupid black people?

The inequality of representation is probably because (again) black people are generally lazy or lack the skills required to hold such positions. 
The household income ties into my previous point (lazy/lacking skill = lower income jobs).
The dropout rate from school need to be taken against the black people at Ferguson, because, once again, how will you hold a high paying job if you didn't even graduate fucking high school?
The 80% worse healthcare is once again tied into the low income. More money = better doctors.
As for the inequality of enforcement, I have to give you that one that is completely unfair, however, when looking at black officers they frisk mostly black people as well, hmmmm..... interesting? maybe.",1,someone say how black people behave wonder ferguson shitty place black people fucking lazy saying countless example life grandma has black house nurse bitch nothing day grandma complained agency sent different woman was not black cleaned the whole house time mom work hospital nurse black worker constantly nothing lazy black people like a best friend black like brother fuck wait get everything want ancestor slave good hitler killed ancestor see sagging pants cry like stupid bitch like stupid blacks inequality representation probably black people generally lazy lack required skill hold position family income tie point previous lazy ability lack of income job dropout rate need taken black people ferguson has a high paying job didn't even graduate whore high school worst health care tied low income money best doctor inequality enforcement give one completely unfair yet looks like officer black pat down mostly black people good hmmmm interesting maybe,someon say way black peopl behav wonder ferguson shitti place black peopl fuck lazi say countless exampl life grandmoth got black hous nurs bitch noth day grandmoth complain agenc sent differ woman wasnt black clean entir hous hour mom work hospit nurs black worker constantli noth lazi black peopl like one best friend black like like brother fuck expect get everyth want ancestor slave well hitler kill ancestor see sag pant cri like stupid bitch like stupid black peopl inequ represent probabl black peopl gener lazi lack skill requir hold posit household incom tie previou point lazylack skill lower incom job dropout rate school need taken black peopl ferguson hold high pay job didnt even graduat fuck high school wors healthcar tie low incom money better doctor inequ enforc give one complet unfair howev look black offic frisk mostli black peopl well hmmmm interest mayb,back_translation
"So every time or don't agree with the police I'm going to go and burn down everything that has no relation to what I don't agree with and call it protesting. These people are so fucking stupid, it's as if we're de-evolving  ",1,every time I don't agree the police are going to burn down the whole relationship I don't agree call the people who protest fucking stupid returning,everi time dont agre polic go burn everyth relat dont agre call protest peopl fuck stupid deevolv,back_translation
"All I see here are a bunch of ignorant fucks that are trying their hardest to turn this into a racial thing, which it never was a racial thing from the start, it was self defense plane and simple.  You attack a cop your ass is going to get shot. ",1,see ignorant group fuck trying harder turn racial thing never racial thing start self-defense plane attack simple policeman like he's going to get shot,see bunch ignor fuck tri hardest turn racial thing never racial thing start self defens plane simpl attack cop as go get shot,back_translation
I would LOVE to see this pussy go to Staten Island and spit on a cop. I would LOVE to see it happen. Mike Brown was a strong arm thug and people are burning Ferguson down. Eric Garnier did nothing wrong and was choked to death. No protest on mafia controlled Staten Island. No burning cars. Nothing. ,1,would love see pussy staten island spit cop would love see happen mike brown strong arm thug people burning ferguson eric garnier nothing wrong choked death protest mafia controlled staten island burning car nothing,would love see pussi staten island spit cop would love see happen mike brown strong arm thug peopl burn ferguson eric garnier noth wrong choke death protest mafia control staten island burn car noth,original
peggy Hubbard for president,0,peggy hubbard president,peggi hubbard presid,original
"I wish so much that when these types of protesters come out they would all be arrested, fined, and taught the law...",0,wish much type protester come would arrested fined taught law,wish much type protest come would arrest fine taught law,original
Thanks Obama,1,thank you obama,thank obama,back_translation
"Thank you for yet another sobering analysis, Stefan. the amount of bias and deception from the left and the mainstream media has been insane. ",0,thank yet another sobering analysis stefan amount bias deception left mainstream medium insane,thank yet anoth sober analysi stefan amount bia decept left mainstream medium insan,original
LOOK DEEPER INTO WHY THIS HAPPENS ALL OVER. BLACK PEOPLE DID NOT PUT BLACK PEOPLE IN THIS SITUATION WE ARE ALL IN AS BLACK PEOPLE.  HOPE SHE LEARNS HER HISTORY!,0,look deeper happens black people put black people situation black people hope learns history,look deeper happen black peopl put black peopl situat black peopl hope learn histori,original
The reason why the Rams moved back to Los Angeles in 2016!,0,reason ram moved back los angeles,reason ram move back lo angel,original
"Remember,the looting(stealing) by the blacks is purely and only to gain free goods.All in the name of Mike Brown.Yea right.It's an excuse to steal-pure and simple.A good ,concise introspective Steffan.Some folks live off grievance.This follows perfectly after the white guilt segment.Keep em rollin.",1,rememberthe lootingstealing black purely gain free goodsall name mike brownyea rightits excuse stealpure simplea good concise introspective steffansome folk live grievancethis follows perfectly white guilt segmentkeep rollin,rememberth lootingst black pure gain free goodsal name mike brownyea rightit excus stealpur simplea good concis introspect steffansom folk live grievancethi follow perfectli white guilt segmentkeep rollin,original
These Californians deserve this backup since they elect people that allow this to happen without consequences. If they tried that where I lived they would be shot at and runned over.,1,"Californians deserve support as the people elected allow it to happen without consequences. They tried to live, they would shoot, they would run.",californian deserv backup sinc elect peopl allow happen without consequ tri live would shot run,back_translation
What's with all the dislikes? White people are that offended? You thought racism wasn't an issue anymore....think again,1,What do they dislike? The whites were offended. I thought racism was no longer a problem.,what dislik white peopl offend thought racism wasnt issu anymorethink,back_translation
If a black officer shot a white guy it would be fine by black people.  I'm not a racist. ,1,A black officer shot a white man and would fine black people for being racist.,black offic shot white guy would fine black peopl racist,back_translation
"What is the relevance of marijuana here?

The autopsy shows the entry wounds spread out over the body. In close range, the spread would be tight, most hitting the same region and most likely the chest area. But from long range, the spread would be dispersed as we see in the report and the wounds are on the underside of the arms, only exposed if the arms are raised or out in a ""gesture of peace"" IE ""my hands are empty and away from my body"" pose.
This plus there were no powder burns on the body.
He was far away.",0,relevance marijuana autopsy show entry wound spread body close range spread would tight hitting region likely chest area long range spread would dispersed see report wound underside arm exposed arm raised gesture peace hand empty away body pose plus powder burn body far away,relev marijuana autopsi show entri wound spread bodi close rang spread would tight hit region like chest area long rang spread would dispers see report wound undersid arm expos arm rais gestur peac hand empti away bodi pose plu powder burn bodi far away,original
Blue lives let’s matter send those BLM commies our of our streets,1,blue life let matter send blm commie street,blue life let matter send blm commi street,back_translation
"All of these people talking about this stupid subject. I don't care if your blue, or purple!! My cousin was killed by a drunk African driver and was left there to die. And were did that go, only on local news. And do you see me rioting outside. NO. I'm sorry to Michael's family I truly am. But everyone looses someone but when people get violent about it then what are people so post  to think about those people. ",0,people talking stupid subject dont care blue purple cousin killed drunk african driver left die local news see rioting outside sorry michael family truly everyone loos someone people get violent people post think people,peopl talk stupid subject dont care blue purpl cousin kill drunk african driver left die local news see riot outsid sorri michael famili truli everyon loo someon peopl get violent peopl post think peopl,original
This guy is a dumbass. He claims that policed hired thugs took his phone and shot off rounds without any evidence to back his claims.,1,Dumb Guy Claims Police Hired Thug Was Shot Over The Phone Without Evidence,guy dumbass claim polic hire thug took phone shot round without evid back claim,back_translation
"So your friend gets killed which that means your burn down your local homes and items
Seems correct",1,friend get killed mean burn local home item seems correct,friend get kill mean burn local home item seem correct,original
this fucking fuck can't even defend himself properly what a joke,1,fucking fuck cant even defend properly joke,fuck fuck cant even defend properli joke,original
“Black thugs” what’s your plan @seattlemqrksjoin3 tf,1,black thug whats plan,black thug what plan,original
"Muslims like to spit on white people.
Brought in by Muslims or nggrs I still wait for my  big plasma cheap  tv looted in some shop.",1,"Muslims like to spit, white people brought Muslim nggrs still waiting for a big looted and cheap plasma store.",muslim like spit white peopl brought muslim nggr still wait big plasma cheap loot shop,back_translation
Would’ve been satisfying if someone threw a Molotov in the middle of the group.,1,It would have been satisfying if someone threw Molotov cocktails at the middle group.,wouldv satisfi someon threw molotov middl group,back_translation
This is not your counties go back to he middle east that's your counties b,1,county back middle east that's the county,counti back middl east that counti,back_translation
"Yea! We should beat up all white people, rob black owned stores, and cause massive riots wasting money! I bet 90% of yall don't work, stop wasting people money and just off yourself....I hope every single person their got shot...that didn't happen though, sadly.",1,"Yeah, they beat up white people, they robbed a black owned store, they caused mass riots, they wasted money, I bet they don't work, stop wasting people's money, I hope every single person gets shot, sadly that didn't happen though.",yea beat white peopl rob black own store caus massiv riot wast money bet yall dont work stop wast peopl money yourselfi hope everi singl person got shotthat didnt happen though sadli,back_translation
"Stefan Molyneux : You did not give a rounded view at all. You simply wanted to use the same old tired ploy of discrediting Michael Brown. No sane person would believe that Officer Wilson is some perfect angelic white man ( no such person exists )we are not privy to any questionable characteristics of this cop and rest assure there are some it is human nature. In spite of Brown smoking weed or stealing blunts or even rapping about bitches , guns etc.. this does not justify someone unarmed being shot that many times. That is the  desensitized culture of hip hop which white people have also monetarily benefited from.",0,stefan molyneux give rounded view simply wanted use old tired ploy discrediting michael brown sane person would believe officer wilson perfect angelic white man person exists privy questionable characteristic cop rest assure human nature spite brown smoking weed stealing blunts even rapping bitch gun etc justify someone unarmed shot many time desensitized culture hip hop white people also monetarily benefited,stefan molyneux give round view simpli want use old tire ploy discredit michael brown sane person would believ offic wilson perfect angel white man person exist privi question characterist cop rest assur human natur spite brown smoke weed steal blunt even rap bitch gun etc justifi someon unarm shot mani time desensit cultur hip hop white peopl also monetarili benefit,original
MERICA !!!,0,merica,merica,original
"You honestly believe that Mike Brown was actually trying to take a cops gun while the cop was sitting in the car?  You would be stupid to think that a kid would charge at someone pointing a gun at them as if he was some beast and was high. 

 If he was so high how could Mike go to the store and do everything else so easily..epic fail sir.  Why not make the officer take a toxicology test.  The officer was obviously scared and was going to use his weapon per being intimidated by Mike's size. 

The officer didn't know that Mike had stolen anything and told the dispatcher that he knew nothing of a shooting in the area.

Get your facts straight please. ",1,"Honestly I think Mike Brown is actually trying to grab a police gun, a cop sitting in a car, I would think a kid would be stupid and charge at someone pointing a gun, beast very tall, very tall, could Mike store everything else easily. Epic fail, sir, have the officer take the toxicology test.",honestli believ mike brown actual tri take cop gun cop sit car would stupid think kid would charg someon point gun beast high high could mike store everyth els easilyep fail sir make offic take toxicolog test offic obvious scare go use weapon per intimid mike size offic didnt know mike stolen anyth told dispatch knew noth shoot area get fact straight pleas,back_translation
wow need to get your shit straight they never had there weapons pointed at any one in this vid they were at the ready position due to a riot and very under understandable course of action for any one who knows anything,0,wow need get shit straight never weapon pointed one vid ready position due riot understandable course action one know anything,wow need get shit straight never weapon point one vid readi posit due riot understand cours action one know anyth,original
Law enforcement is not trained to shoot to apprehend.  They are trained to shoot to kill.  And I thank Wilson for killing that punk bitch.,1,law enforcement shoot trained apprehend shoot trained kill thank wilson kill bitch punk,law enforc train shoot apprehend train shoot kill thank wilson kill punk bitch,back_translation
At .16  screw the price of crap that thinks he's cool to disrespect the AMERICAN FLAG.,1,screw price crap think he cool disrespect american flag,screw price crap think he cool disrespect american flag,original
I wish Joe would have gone all Fear Factor on her and had her eat a fresh steaming pile of shit so her mouth would have been full and we didn't have to hear this worthless cunt speak at all.,1,"I wish Joe was gone, fear factor ate a load of fresh steaming shit, mouth would be full, I didn't hear a useless cunt talk.",wish joe would gone fear factor eat fresh steam pile shit mouth would full didnt hear worthless cunt speak,back_translation
I've always been so good at being moderate and understanding but when I saw the woman in scrubs...screw the Black Lives Matters movement. I hope it dies.,1,"I have always been good, moderate, understanding, saw, woman, screw, black, life, matter, movement, hope, dy",ive alway good moder understand saw woman scrubsscrew black life matter movement hope dy,back_translation
We need to come togather,0,need come togather,need come togath,original
"That motherfucker was angry,and I understand why",1,motherfucker angryand understand,motherfuck angryand understand,original
criminal kids get shot by the police almost everyday. Plus Mike Brown has a bad criminal record and started the fight.,0,criminal kid get shot police almost everyday plus mike brown bad criminal record started fight,crimin kid get shot polic almost everyday plu mike brown bad crimin record start fight,original
She said I need new parts for my Harley lol,0,said need new part harley lol,said need new part harley lol,original
"This is a genuine failure of leadership by the President of the United States.  This nice town, Ferguson, should have been declared a state of emergency. It should have been put under martial law, federal troops should have stuffed the town, and non-residents should have been pushed out.  Everyone knew there was going to be another riot.  But...what did the President do?  He didn't want to offend the black community. He didn't want anyone else to get shot.  So he just let 'er burn baby burn.  Seems to me, that a real leader could have had it both ways.  Mr. President, sir, you have failed reprehensibly - and I do accuse you.﻿",1,genuine failure leadership president united state nice city ferguson declared state of emergency put martial law federal troops city stuffed non-resident pushed everyone knew there was going to be another riot but what the president didn't want to offend the black community didn't want anyone else to be shot let burn baby burn look like a real leader could way president sir failed reprehensible impeach,genuin failur leadership presid unit state nice town ferguson declar state emerg put martial law feder troop stuf town nonresid push everyon knew go anoth riot butwhat presid didnt want offend black commun didnt want anyon els get shot let burn babi burn seem real leader could way presid sir fail reprehens accus,back_translation
National Guard should be called out at the hint of a riot.  The National Guard really spooks the rioters.,0,national guard called hint riot national guard really spook rioter,nation guard call hint riot nation guard realli spook rioter,original
Do people not realize blocking roads and pissing people off do not get people onto your side,0,people realize blocking road pissing people get people onto side,peopl realiz block road piss peopl get peopl onto side,original
how fucking brain dead do you have to be to let the Nazi police scum bags just take you in,1,"Damn brain dead, let the Nazi police scum take",fuck brain dead let nazi polic scum bag take,back_translation
an officer pulls his weapon to create a buffer zone so things like Baltimore do not happen,0,officer pull weapon create buffer zone thing like baltimore happen,offic pull weapon creat buffer zone thing like baltimor happen,original
3:40 someone get her some milk,0,someone get milk,someon get milk,original
"I made a song addressing Ferguson and the issues today. Please listen and thank you

Tha Bigger Picture - SoundCloud
Listen to Tha Bigger Picture by Kool D #np on #SoundCloud
http://soundcloud.com/derek-savage-3/tha-bigger-picture",0,made song addressing ferguson issue today please listen thank tha bigger picture soundcloud listen tha bigger picture kool soundcloud,made song address ferguson issu today pleas listen thank tha bigger pictur soundcloud listen tha bigger pictur kool soundcloud,original
"Wow, an a-hole that makes a CNN interviewer seem reasonable and balanced....",1,"Wow, make the CNN interviewer seem reasonably balanced.",wow ahol make cnn interview seem reason balanc,back_translation
"I dont like generalizations, as she used it in her rant, BUT to her main point she is RIGHT. Chris rock said it best, there are Black people and there are niggaz. A nigga morns a killer that got gunned down in the street, a Black person mourns the loss of INNOCENT human life such as the little girl that got murdered. Based on comments here, the Black to nigga ratio is dropping.",1,dont like generalization used rant main point right chris rock said best black people niggaz nigga morn killer got gunned street black person mourns loss innocent human life little girl got murdered based comment black nigga ratio dropping,dont like gener use rant main point right chri rock said best black peopl niggaz nigga morn killer got gun street black person mourn loss innoc human life littl girl got murder base comment black nigga ratio drop,original
"the fate of another neglected child
would be interesting to know his family background... always keep in mind that children emulate social behaviour...",0,fate another neglected child would interesting know family background always keep mind child emulate social behaviour,fate anoth neglect child would interest know famili background alway keep mind child emul social behaviour,original
Staged event... fake riots..divid and conquer.....fake news....,0,staged event fake riotsdivid conquerfake news,stage event fake riotsdivid conquerfak news,original
"Stephan, Thank you for the video. It takes all the available information into account and provides a reasonable and rational breakdown.

Now, for your next video. Could you please call it
""The Truth About Police Brutality And The Militarization Of Police In The United States"".

Thank you,
Steve",0,stephan thank video take available information account provides reasonable rational breakdown next video could please call truth police brutality militarization police united state thank steve,stephan thank video take avail inform account provid reason ration breakdown next video could pleas call truth polic brutal militar polic unit state thank steve,original
"You perform a basic snatch and grab robbery at a local convenience store which turns into a strong arm robbery on an immigrant midget store clerk and in less than 30 minutes later you get lit up by a yahoo cop who told you to get the fuck out of the middle of the road and proceeded on until he recognized you as fitting the description of the assailant which just came over his radio; talk about Mutherfuckin Karma! Stealing shit does not warrant deadly force but Karma's a Bitch and who the fuck has the ability to control it or direct it's measures of decree? Ain't no Mutherfucker who puts on his pant's one leg at a time, that's for sure!",1,perform basic snatch grab robbery local convenience store turn strong arm robbery midget immigrant store clerk less minute later turn on yahoo police told him fuck the middle road proceeded recognized appropriate description aggressor came radio talk son of a bitch karma stealing shit order deadly force karma bitch fuck skill control direct measure decree no son of a bitch put on pants one leg time that's for sure,perform basic snatch grab robberi local conveni store turn strong arm robberi immigr midget store clerk less minut later get lit yahoo cop told get fuck middl road proceed recogn fit descript assail came radio talk mutherfuckin karma steal shit warrant deadli forc karma bitch fuck abil control direct measur decre aint mutherfuck put pant one leg time that sure,back_translation
One of the best breakdowns I have seen yet.   We all need to slow down and think before we act and do things.,0,one best breakdown seen yet need slow think act thing,one best breakdown seen yet need slow think act thing,original
9:41 Dems a big ass gun! 😂😭,1,dems big as gun,dem big as gun,original
"All this info being put out about Mike Brown-why is nobody bringing up the fact Off Darrin Wilson tested positive for (illegal,mood altering,non prescription) steroids in his post shooting toxicology test??  One also has to wonder if this info was given to the Grand Jury? Doubtful.",0,info put mike brownwhy nobody bringing fact darrin wilson tested positive illegalmood alteringnon prescription steroid post shooting toxicology test one also wonder info given grand jury doubtful,info put mike brownwhi nobodi bring fact darrin wilson test posit illegalmood alteringnon prescript steroid post shoot toxicolog test one also wonder info given grand juri doubt,original
we might as well get the next round of riots over w/ when the police officer is cleared of any wrong doing...,0,might well get next round riot police officer cleared wrong,might well get next round riot polic offic clear wrong,original
"If only people would just take a step back and not make this case about them, because it wasn't about anyone except the two people in that situation.  To lump yourself into this mess and take matters into your own hands makes these kinds of protests selfish and without rational thought and investigation.  The guy in this video is heavily emotional and hyped up and wants to be heard, and when he gets heard he just presses more and more.  He was never out to have a reasonable discussion.  Kudos to the Smerconish for keeping level the whole time and letting Masri make himself out to be a fool.  How dare he and those that tore that city down in protest make this about themselves and to dishonor the entire incident with their own hate.  By the way, since when did police brutality become an epidemic?  I wish everyone would just stop pretending like they were there and they knew EXACTLY what was going on, because there's no measurable amount of people that honestly witnessed this incident, so none of us have a clue on which way this whole issue should have swung.  The grand jury were the most informed, we have to trust the majority rule was the right course of action and let it be.  Also, thank you to the 99.999% of police officers in America that actually serve & protect, even if you're a bit of a jerk when you pull me over, I respect your job and know that someone has to do it and that many people are going to pout about being held accountable to their actions.  People hate police until they need an officer or two around in an emergency.",0,people would take step back make case wasnt anyone except two people situation lump mess take matter hand make kind protest selfish without rational thought investigation guy video heavily emotional hyped want heard get heard press never reasonable discussion kudos smerconish keeping level whole time letting masri make fool dare tore city protest make dishonor entire incident hate way since police brutality become epidemic wish everyone would stop pretending like knew exactly going there measurable amount people honestly witnessed incident none clue way whole issue swung grand jury informed trust majority rule right course action let also thank police officer america actually serve protect even youre bit jerk pull respect job know someone many people going pout held accountable action people hate police need officer two around emergency,peopl would take step back make case wasnt anyon except two peopl situat lump mess take matter hand make kind protest selfish without ration thought investig guy video heavili emot hype want heard get heard press never reason discuss kudo smerconish keep level whole time let masri make fool dare tore citi protest make dishonor entir incid hate way sinc polic brutal becom epidem wish everyon would stop pretend like knew exactli go there measur amount peopl honestli wit incid none clue way whole issu swung grand juri inform trust major rule right cours action let also thank polic offic america actual serv protect even your bit jerk pull respect job know someon mani peopl go pout held account action peopl hate polic need offic two around emerg,original
"He doesn't look like a ""gentle giant"" to me. (on the video of him robbing and stealing) 

He looks like just another disgusting, thieving, thug. ",1,doesnt look like gentle giant video robbing stealing look like another disgusting thieving thug,doesnt look like gentl giant video rob steal look like anoth disgust thiev thug,original
"God Bless this lady!   I wish there were more people like her with the same intelligence.   God Bless that little girl who lost her life to thugs, it's so sad.  And not a single one of those animals cares.
# Black lives Matter, MY ASS!    It is               # Innocent LIVES MATTER!",0,god bless lady wish people like intelligence god bless little girl lost life thug sad single one animal care black life matter as innocent life matter,god bless ladi wish peopl like intellig god bless littl girl lost life thug sad singl one anim care black life matter as innoc life matter,original
"okay blacklivesmovent thugs  stop with this carp u wanna stand up for a murder but yet a child died by gettin shoot in the cheast all becasue u all wanna act like the plant of the apes movie all because of this excuse me black are killing other blacks and u wanna come after cops and white ppl  and call us names , rastist names all because u  dont get it try lisening to the lawa obeying the the law and stop shooting  inncent ppl  for you own  benfits all of u guys killing other ppl need to be in  jail,",1,okay blacklivesmovent thug stop carp i want to endure the murder but the boy died getting shot chest because i want to act like plant ape movie excuse murder black black i want to come police white people call name name rastist don't try to listen to the law obey the law stop shooting innocent people benefits guy killing people needs jail,okay blacklivesmov thug stop carp wanna stand murder yet child die gettin shoot cheast becasu wanna act like plant ape movi excus black kill black wanna come cop white ppl call name rastist name dont get tri lisen lawa obey law stop shoot inncent ppl benfit guy kill ppl need jail,back_translation
I couldn't help laughing when you started reciting his rap lyrics. TOO GOOD!,0,couldnt help laughing started reciting rap lyric good,couldnt help laugh start recit rap lyric good,original
"Did the Store owner ever get PAID for the cigars this ""fn innocent"" my ass   kid STOLE???",1,Store owner was paid for an innocent cigarette when a child stole it,store owner ever get paid cigar innoc as kid stole,back_translation
Mr. Masri is 100% right couldn't say it any better myself.,0,masri right couldnt say better,masri right couldnt say better,original
Let's all just relax *slowly grabs 12 gauge*,0,let relax slowly grab gauge,let relax slowli grab gaug,original
"Glad these protestors affect so many people, gives the public more reasons to hate them",1,I am glad that the protesters affect many people and give public reason to hatred.,glad protestor affect mani peopl give public reason hate,back_translation
I hope to god you guys is still not falling for the same ol banana in the tailpipe bullshit news that they're giving you,1,"I hope God, the guy still falls, the banana exhaust, the shitty news they're breaking.",hope god guy still fall banana tailpip bullshit news theyr give,back_translation
"Just finished the video....
Now to gaze upon the racists and bigots in the comment section. It'll make me glad i'm a human being.",1,finished video gaze upon racist bigot comment section itll make glad human,finish video gaze upon racist bigot comment section itll make glad human,original
"wait if they are in an area that has a majority of African Americans, doesn't it make since that the majority of people pulled over and searched or arrested in that same area would be African American as well? ",0,wait area majority african american doesnt make since majority people pulled searched arrested area would african american well,wait area major african american doesnt make sinc major peopl pull search arrest area would african american well,original
"Man, that officer got so lucky with that video. His life is still ruined but if I were a juror I wouldn't convict him. I am black by the way.",0,man officer got lucky video life still ruined juror wouldnt convict black way,man offic got lucki video life still ruin juror wouldnt convict black way,original
WTF!! Isn't this the guy who got mugged for his iphone 6 in ferguson?? That video was hilarious!!,0,wtf isnt guy got mugged iphone ferguson video hilarious,wtf isnt guy got mug iphon ferguson video hilari,original
"I can't understand what the lady in 1:30 said... After going through some articles and videos about this shooting incident, I personally think this case is too exaggerated... The riot, looting, and other criminal activities they said ""caused"" by the grand jury decision are so fake. They did the crime because they saw opportunity of disintegration, then use the decision as their reason. ",0,cant understand lady said going article video shooting incident personally think case exaggerated riot looting criminal activity said caused grand jury decision fake crime saw opportunity disintegration use decision reason,cant understand ladi said go articl video shoot incid person think case exagger riot loot crimin activ said caus grand juri decis fake crime saw opportun disintegr use decis reason,original
Man this guy has nothing but a bunch of waffling nonsense coming out of his mouth can you answer the question or what,1,man guy nothing bunch waffling nonsense coming mouth answer question,man guy noth bunch waffl nonsens come mouth answer question,original
"they are weird white , under the pretext that the police officer is white must less risk than others , it would be a black police officer who would kill a white, it would have taken 20 years in prison.
not me , I may be white, but I am against this there is no white or black we are all equal",0,weird white pretext police officer white must less risk others would black police officer would kill white would taken year prison may white white black equal,weird white pretext polic offic white must less risk other would black polic offic would kill white would taken year prison may white white black equal,original
Bunch of pussies who have nothing better to do than to cry about problems that are only escalated because they do stupid shit like this,1,bunch pussy nothing better cry problem escalated stupid shit like,bunch pussi noth better cri problem escal stupid shit like,original
I'll be sure to avoid getting in this guy's taxi cab.,0,ill sure avoid getting guy taxi cab,ill sure avoid get guy taxi cab,original
Kid was a hopeless piece of shit .. look at him bully the store owner. His bad decisions got his dumb ass shot and killed,1,desperate kid piece of shit bully look store owner bad decision turned dumb when he was shot to death,kid hopeless piec shit look bulli store owner bad decis got dumb as shot kill,back_translation
I live in St. Louis and it's scary. ,0,live louis scary,live loui scari,original
I hate basterds like this but I would have been funny if they tried pushing more and it flipped back on top of a few of them. #Hacopcarcanstillfightback ,1,hate basterds like would funny tried pushing flipped back top hacopcarcanstillfightback,hate basterd like would funni tri push flip back top hacopcarcanstillfightback,original
Too bad that these were riot shotguns and not loaded with live rounds.,1,riot shotgun loaded with real bullet,bad riot shotgun load live round,back_translation
She spoke what on others want to say....,0,spoke others want say,spoke other want say,original
Michale brown got what he was asking for the black protestors are racist against whites that is what's happening ,1,michale brown got asking black protestors racist white whats happening,michal brown got ask black protestor racist white what happen,original
I think that all you guys are doing is profiting of all these standoff’s and not caring about one side or the other.,0,think guy profiting standoff caring one side,think guy profit standoff care one side,original
"""you know what I'm sayin""... wow",0,know sayin wow,know sayin wow,original
"You freakin' go, girl!!",0,freakin girl,freakin girl,original
"So ratchet!lol
",0,ratchetlol,ratchetlol,original
Blunt = addiction to tobacco . That is why the blunt  keeps calling you . This is another play of the race card .,0,blunt addiction tobacco blunt keep calling another play race card,blunt addict tobacco blunt keep call anoth play race card,original
I like how they say 'hurr' instead of 'here',0,like say hurr instead,like say hurr instead,original
lmao when he reads dudes raps is the best part,0,lmao read dude rap best part,lmao read dude rap best part,original
"Every time he interviewed a person I noticed they all ""ghetto"" and can clearly see their education is that of a preschooler. Who ever protested and did all that incredible stupid stuff, Dr Martin Luther King jr would have been disappointed in all of you and I respect him. All the ignorant black people like always ruining things and then they say they didn't do anything and they are always the victims. Wake up stupids you guys aren't the only ones. You're just making America look stupid. ",1,every time the person interviewed noticed the ghetto clearly saw education preschooler ever protested amazing and stupid things martin luther king would be disappointed respect ignorant black people they always like to ruin things they say he didn't do anything always wake up victim stupid guy you're not one you're making america look stupid,everi time interview person notic ghetto clearli see educ preschool ever protest incred stupid stuff martin luther king would disappoint respect ignor black peopl like alway ruin thing say didnt anyth alway victim wake stupid guy arent one your make america look stupid,back_translation
"I find it amusing how all of these protesters claim they're fighting against racism but yet they are blind to their own racism. There have been several reports of black people attacking white people. Just a couple of days ago, it was reported that a white man was beaten to death with a hammer by black teens in St. Louis. Yeah clearly no racial intent there. Fucking hypocrites. ",1,find funny protester claims they are fighting racism but blind racism several report black people attacking white people couple a day ago reported white man hit deadly hammer black teen louis yes clearly racial intent fucking hypocritical,find amus protest claim theyr fight racism yet blind racism sever report black peopl attack white peopl coupl day ago report white man beaten death hammer black teen loui yeah clearli racial intent fuck hypocrit,back_translation
good one Stefan,0,good one stefan,good one stefan,original
"Facts 
Michael Brown is 18. A legal adult 

He was robbing a store at the time. 

He assaulted someone in the store and assaulted a cop 

If you assault a cop, you are mostly likely go to get shot. 

How is this racist?? ",0,fact michael brown legal adult robbing store time assaulted someone store assaulted cop assault cop mostly likely get shot racist,fact michael brown legal adult rob store time assault someon store assault cop assault cop mostli like get shot racist,original
"Mansur Ball-Bey was not a thug.  He worked at FedEx and was not in the house being served by a Warrant.  He is not on any video brandishing a gun.  He was shot in the back which is illegal in the US for a Police officer to do. 

The St Louis PD isn't releasing data because they know they shot and killed him in error.   Ball-Bey has no criminal record.  

What Hubbard is doing is illegal.  She is going on national TV and slandering the Ball-Bey's son.  Frankly i'd sue her.",0,mansur ballbey thug worked fedex house served warrant video brandishing gun shot back illegal police officer louis isnt releasing data know shot killed error ballbey criminal record hubbard illegal going national slandering ballbeys son frankly sue,mansur ballbey thug work fedex hous serv warrant video brandish gun shot back illeg polic offic loui isnt releas data know shot kill error ballbey crimin record hubbard illeg go nation slander ballbey son frankli sue,original
"your an educated Dumb ASSSS!!!))) rap is rap its not real, its people like you I dispise",1,educated dumb assss rap rap real people like dispise,educ dumb assss rap rap real peopl like dispis,original
Michael Brown was a home angel but a street devil.  He was no altar boy.  His death was his own doing.,0,michael brown home angel street devil altar boy death,michael brown home angel street devil altar boy death,original
Bunch of pussies who have nothing better to do than to cry about problems that are only escalated because they do stupid shit like this,1,bunch pussy nothing better cry problem escalated stupid shit like,bunch pussi noth better cri problem escal stupid shit like,back_translation
I take it your against medical cannabis? and just because the guy liked a couple face book fighting pages doesn't mean he is necessarily aggressive,0,take medical cannabis guy liked couple face book fighting page doesnt mean necessarily aggressive,take medic cannabi guy like coupl face book fight page doesnt mean necessarili aggress,original
Apparently Stefan never read What's the Matter With Kansas,0,apparently stefan never read whats matter kansa,appar stefan never read what matter kansa,original
"Bassem Masri is an uneducated idiot. Just listen the words coming out of his mouth, he sounds like a stupid little kid. Sorry, but please grow the fuck up and learn the laws instead of repeating ""FREEDOM OF SPEECH"", ""I'M A CITIZEN"", ""GO AHEAD BRO, I'LL LISTEN TO YOU"".

Somebody shut this guy up.",1,bassem masri uneducated idiot listen word coming mouth sound like stupid little kid sorry please grow fuck learn law instead repeating freedom speech citizen ahead bro ill listen somebody shut guy,bassem masri uneduc idiot listen word come mouth sound like stupid littl kid sorri pleas grow fuck learn law instead repeat freedom speech citizen ahead bro ill listen somebodi shut guy,original
This man is a zionist jew look at ypu can see the jewnesss in his face  cnn only employ zionist sympathisers and neo-con racists and wolf blitzer is the emplpyeee ,1,man zionist jew look ypu see jewnesss face cnn employ zionist sympathiser neocon racist wolf blitzer emplpyeee,man zionist jew look ypu see jewnesss face cnn employ zionist sympathis neocon racist wolf blitzer emplpyee,original
Thank you,0,thank,thank,original
"The more those people fuck up America, the more American will fucking hate them. ",1,people fuck america american fucking hate,peopl fuck america american fuck hate,original
Funny to thing the government can be trusted to judge itself. Fucking disgusting. ,1,curious thing government trust judge fucking disgusting,funni thing govern trust judg fuck disgust,back_translation
"I just thought about how to deal with this situation as a driver. The only working thing I came up with was getting out of the car, getting other drivers of stoppes cars to come with me and clean the road. But that's self justice. Something we all support irrationally and are against rationally.",1,thought treatment situation driver working thing wine getting car getting driver stops car come clean road that is self-righteousness something support irrationally rationally,thought deal situat driver work thing came get car get driver stopp car come clean road that self justic someth support irrat ration,back_translation
"Next time they do that, line up some cars and start making burnout smoke to ""riot gas"" them. Non lethal and eficient. (Double check if it actualy is non lethal of course XD)",1,"Next time, the line car will start doing burnt smoke, riot gas, non-lethal, efficient, double check, actually, non-lethal course.",next time line car start make burnout smoke riot ga non lethal efici doubl check actuali non lethal cours,back_translation
"Muslims like to spit on white people.
Brought in by Muslims or nggrs I still wait for my  big plasma cheap  tv looted in some shop.",1,muslim like spit white people brought muslim nggrs still wait big plasma cheap looted shop,muslim like spit white peopl brought muslim nggr still wait big plasma cheap loot shop,original
"This guy an idiot, if that's the best you can do, you have lost already!!  WHAT A BOZO!!",1,guy idiot thats best lost already bozo,guy idiot that best lost alreadi bozo,original
"Useless cops, talk to the protesters instead of breaking heads.",1,useless cop talk protester instead breaking head,useless cop talk protest instead break head,original
"This video is liberal propaganda used to further divide people and fuel the chaos in Ferguson. Stay tuned for a trial with facts before deciding that ""evil white people"" are the source of all problems. And I mean straight up watch the trial, no fox news, CNN, or MSNBC. ",0,video liberal propaganda used divide people fuel chaos ferguson stay tuned trial fact deciding evil white people source problem mean straight watch trial fox news cnn msnbc,video liber propaganda use divid peopl fuel chao ferguson stay tune trial fact decid evil white peopl sourc problem mean straight watch trial fox news cnn msnbc,original
"It's amazing the ONLY info on the police officer is that he is given an award. He couldn't find nothing else. Plus there were 4 other witness that support the opposing view but he state what a friend of the officer Wilson wife says repeatedly as fact. The was nothing but a hit piece on Michael brown. How long does it take to tell the truth.  It's been 9 days and we still don't have a statement from the officer. But they were quick to release dirt on Micheal brown.  Are you smelling it yet???  Are they waiting too see if any video are out there that caught this incident???  It don't take 9 plus days to show his written report. UNLESS ITS FILLED WITH LIES!!!  Truth don't change and doesn't need preparation, you just simply tell it.",0,amazing info police officer given award couldnt find nothing else plus witness support opposing view state friend officer wilson wife say repeatedly fact nothing hit piece michael brown long take tell truth day still dont statement officer quick release dirt micheal brown smelling yet waiting see video caught incident dont take plus day show written report unless filled lie truth dont change doesnt need preparation simply tell,amaz info polic offic given award couldnt find noth els plu wit support oppos view state friend offic wilson wife say repeatedli fact noth hit piec michael brown long take tell truth day still dont statement offic quick releas dirt micheal brown smell yet wait see video caught incid dont take plu day show written report unless fill lie truth dont chang doesnt need prepar simpli tell,original
"He doesn't look like a ""gentle giant"" to me. (on the video of him robbing and stealing) 

He looks like just another disgusting, thieving, thug. ",1,It doesn't look like a gentle giant stealing video it looks like another disgusting thief thug,doesnt look like gentl giant video rob steal look like anoth disgust thiev thug,back_translation
"This is the typical mindset of white people ( not all white people but most). He deserved it . So I say to you, people like Sean Hannity are feuling the fires of prejudice and racism. Don't let these people influence you. They want a race war so they can start marshall law.",1,typical mentality white people white people deserved say people as they are hannity feuling fire prejudice racism don't let people influence want race war start marshall law,typic mindset white peopl white peopl deserv say peopl like sean hanniti feul fire prejudic racism dont let peopl influenc want race war start marshal law,back_translation
yall need to stop acting like mike brown is some innocent guy who never did nothing wrong ,0,yall need stop acting like mike brown innocent guy never nothing wrong,yall need stop act like mike brown innoc guy never noth wrong,original
"It obviously doesn't matter that he smoked Marijuana, but the family's autopsy says he was not shot in the back. This unbiased witness clearly states (3 times) MB was coming at the officer. No mention of hands up.
Witness to Michael Brown Shooting repeats himself 3 times: ""dude kept coming towards the police""",0,obviously doesnt matter smoked marijuana family autopsy say shot back unbiased witness clearly state time coming officer mention hand witness michael brown shooting repeat time dude kept coming towards police,obvious doesnt matter smoke marijuana famili autopsi say shot back unbias wit clearli state time come offic mention hand wit michael brown shoot repeat time dude kept come toward polic,original
What a stupid arab. Police shoot to apprehend? Lmao That's not how it works when they are being attacked!,1,stupid arab police shoot apprehend lmao thats work attacked,stupid arab polic shoot apprehend lmao that work attack,original
This video is so biased and full of shit.,1,partial full fucking video,video bias full shit,back_translation
this was great footage... I wish the news casters would have shut up the minute the police officer started talking and just let it play out...that would have been much more interesting then hearing them comment on it,0,great footage wish news caster would shut minute police officer started talking let play outthat would much interesting hearing comment,great footag wish news caster would shut minut polic offic start talk let play outthat would much interest hear comment,original
"So this bitch is talking about people like Dylan Roof, James Holmes, Jared Loughner, Jerad Miller, Tim McVeigh, Jared Loughner, Jim David Adkisson, Paul Hill, Scott Roeder, Frazier Glen Miller Jr. Elliot Rodger, Buford O' Furrow, John R Houser, etc,. then RIGHT?",1,bitch talking people like dylan roof james holmes jared loughner jerad miller tim mcveigh jared loughner jim david adkisson paul hill scott roeder frazier glen miller elliot rodger buford furrow john houser etc right,bitch talk peopl like dylan roof jame holm jare loughner jerad miller tim mcveigh jare loughner jim david adkisson paul hill scott roeder frazier glen miller elliot rodger buford furrow john houser etc right,original
run them over,1,run,run,original
"I feel sorry for what hapenned. But why thus think don't happen when a gang member kill another one??? Why you just go to the street when a cop kill a black male knowing that gang menbers they killing each other every day. I lost a family, a friend to that. And no one went to the streets and scream stop the killing but when is a police killing a black person whole world stop. Humans ",0,feel sorry hapenned thus think dont happen gang member kill another one street cop kill black male knowing gang menbers killing every day lost family friend one went street scream stop killing police killing black person whole world stop human,feel sorri hapen thu think dont happen gang member kill anoth one street cop kill black male know gang menber kill everi day lost famili friend one went street scream stop kill polic kill black person whole world stop human,original
techno party!!!,0,techno party,techno parti,original
I love this woman. THIS is a voice that matters. Fuck black lives matter.,1,love woman voice matter fuck black life matter,love woman voic matter fuck black life matter,original
"And in this section ladies and gentlemen, you will see black people misbehaving. I wonder what would happen if everyone rioted when court decisions do not go their way.",1,section lady gentleman see black people misbehaving wonder would happen everyone rioted court decision way,section ladi gentleman see black peopl misbehav wonder would happen everyon riot court decis way,original
"That Arab is rapping 3:14
Go ahead bro....LOL
So getto he is",1,arab rapping ahead brolol getto,arab rap ahead brolol getto,original
"STFU YOU MUSLIM PIECE OF SHIT!  the cops should have fired ten rounds into his ass.

or better still... lets cut his head off and pour pigs blood down his throat. I am willing to bet it was them dirty fckn Islamic bastards that set those fires and not even the blacks that did.",1,stfu muslim piece shit cop fired ten round as better still let cut head pour pig blood throat willing bet dirty fckn islamic bastard set fire even black,stfu muslim piec shit cop fire ten round as better still let cut head pour pig blood throat will bet dirti fckn islam bastard set fire even black,original
We need to get back to basics. When these savages riot or protest use the German Shepard's. then shoot these animals...,1,I need to recover basic wild riot protest use german shepherd shoot animal,need get back basic savag riot protest use german shepard shoot anim,back_translation
"""Dis be furgusun in de unitid stateth o' murka!"" - Retard starts violent protest and then tries to pawn off the 'police state' lie when the cops arrive.",1,dis furgusun unitid stateth murka retard start violent protest try pawn police state lie cop arrive,di furgusun unitid stateth murka retard start violent protest tri pawn polic state lie cop arriv,original
"Well, we all know the truth today and yet we still hear the ""hands up, don't shoot"" BULLSHIT lie (see Beyonce). . .Yet we still see this moniker being used as a reason (lie) to shoot at Cops and outright assassinate them.",1,"Well I know the truth today, but I still hear the hand, don't shoot lies, look at Beyoncé, but I still see the nickname used, reason, lie, shoot the policeman, murder directly.",well know truth today yet still hear hand dont shoot bullshit lie see beyonc yet still see monik use reason lie shoot cop outright assassin,back_translation
"Perhaps you should start teaching blacks that law and education is important, instead of treating them as special snowflakes?",1,perhaps start teaching black law education important instead treating special snowflake,perhap start teach black law educ import instead treat special snowflak,original
This guy doesn't know what happened he didn't have his hands up,0,guy doesnt know happened didnt hand,guy doesnt know happen didnt hand,original
Stupid niggers,1,stupid nigger,stupid nigger,original
"anyone know if they are irradiating commercial strawberry seeds, mine wont germinate ?",0,anyone know irradiating commercial strawberry seed mine wont germinate,anyon know irradi commerci strawberri seed mine wont germin,original
I hope to god you guys is still not falling for the same ol banana in the tailpipe bullshit news that they're giving you,1,hope god guy still falling banana tailpipe bullshit news theyre giving,hope god guy still fall banana tailpip bullshit news theyr give,original
As if the traffic on the 5 isn't bad enough.,0,traffic isnt bad enough,traffic isnt bad enough,original
"I see all these signs, ""black lives matter!"", ""no parent should have to bury their child!"",""justice!"". I bet you they'd know the last three black person shot by a white cop, but if you ask them to name one person in the last hundred who was killed by another black person, not a damn clue. where are the marches and protests over that? you are far more likely to murdered by another black person who isn't a cop. that is a fact. fuck you sharpton. you are no cornell west.",1,see sign black life matter parent bury childjustice bet theyd know last three black person shot white cop ask name one person last hundred killed another black person damn clue march protest far likely murdered another black person isnt cop fact fuck sharpton cornell west,see sign black life matter parent buri childjustic bet theyd know last three black person shot white cop ask name one person last hundr kill anoth black person damn clue march protest far like murder anoth black person isnt cop fact fuck sharpton cornel west,original
All you people justifying murder are evil.,1,people justifying evil murder,peopl justifi murder evil,back_translation
Dirty mongrels!!!,1,dirty mongrel,dirti mongrel,back_translation
This would all stop if the cost for it all came from the black community who created it. No responsibility no worry,0,would stop cost came black community created responsibility worry,would stop cost came black commun creat respons worri,original
"I have a magic hamster that has drank a lot of lean and has never heard of anyone using Skittles in lean, Jolly Ranchers are the ideal candy to use. Not that I or the magic hamster do not doubt someone using Skittles in lean I just want to point out that in Houston, where lean was quote/unquote ""created"", the magic hamster prefer to use Jolly Ranchers in their lean. ",0,magic hamster drank lot lean never heard anyone using skittle lean jolly rancher ideal candy use magic hamster doubt someone using skittle lean want point houston lean quoteunquote created magic hamster prefer use jolly rancher lean,magic hamster drank lot lean never heard anyon use skittl lean jolli rancher ideal candi use magic hamster doubt someon use skittl lean want point houston lean quoteunquot creat magic hamster prefer use jolli rancher lean,original
"
Michael Brown deserved to die, he was intoxicated, aggressive and attempted to reach for a cops gun.",1,michael brown deserved die intoxicated aggressive attempted reach cop gun,michael brown deserv die intox aggress attempt reach cop gun,original
"The legal system is inherently racist, same as this CNN reporter",1,legal system inherently racist cnn reporter,legal system inher racist cnn report,original
"man, it's stuff like this that really make me reconsider how the world would be if Hitler were alive? ",1,man stuff like really make reconsider world would hitler alive,man stuff like realli make reconsid world would hitler aliv,original
"Oh my God. I fucking love that Arab guy. Such wise words. He is seriously someone who has open eyes to the world. He sees things for how they are, which is so rare in our world today. A big fucking amen to that guy... Wake the fuck up America",1,god fucking love arab boy wise word seriously someone eye open world see thing weird world today big fucking amen boy wake up fuck america,god fuck love arab guy wise word serious someon open eye world see thing rare world today big fuck amen guy wake fuck america,back_translation
Teen faces life in prison for pot brownies. 90 year old man gets arrested for feeding the poor. Police officer is set free with no charges whatsoever for killing a teenager. Don't you people see how wrong this is? ,0,teen face life prison pot brownie year old man get arrested feeding poor police officer set free charge whatsoever killing teenager dont people see wrong,teen face life prison pot browni year old man get arrest feed poor polic offic set free charg whatsoev kill teenag dont peopl see wrong,original
In the point they almost set a person on fire,0,point almost set person fire,point almost set person fire,original
“Black thugs” what’s your plan @seattlemqrksjoin3 tf,1,black thug what's the plan,black thug what plan,back_translation
"Stefan,
Excellent!You obviously have a better understanding of the events surrounding this unfortunate event than our president.I call it unfortunate because Officer Wilson life has been destroyed for doing his job. My fear is that police will hesitate when finding themselves in this rapidly growing situation. Thank you for your in-depth and honest dissertation.

Tom Kelver seek help go back to school and get off the drugs.
                                     ",1,stefan excellentyou obviously better understanding event surrounding unfortunate event presidenti call unfortunate officer wilson life destroyed job fear police hesitate finding rapidly growing situation thank indepth honest dissertation tom kelver seek help back school get drug,stefan excellenty obvious better understand event surround unfortun event presidenti call unfortun offic wilson life destroy job fear polic hesit find rapidli grow situat thank indepth honest dissert tom kelver seek help back school get drug,original
"If you watch the video that Stef mentions at 21:15 you'll know the truth. 
ALL THE FUCKING EVIDENCE YOU NEED STARTS AT 6:03 THAT'S WHAT HAPPENED. 
The whole thing started in the car, the kid ran, the cop ran after him, and then the kid turned around, charged at the cop, the cop freaks the fuck out, and starts shooting, but the kid comes coming at the cop, and then eventually got hit in the head. The end. ",1,watch video stef mention youll know truth fucking evidence need start thats happened whole thing started car kid ran cop ran kid turned around charged cop cop freak fuck start shooting kid come coming cop eventually got hit head end,watch video stef mention youll know truth fuck evid need start that happen whole thing start car kid ran cop ran kid turn around charg cop cop freak fuck start shoot kid come come cop eventu got hit head end,original
"The trés totes hilars re this vid is that a grip of these ""revolutionaries"" are regular posters on Afro-Punk, which only has about seventeen massive corporate sponsors.  ""The revolution which will start now, is sponsored by the following multi-national corporations..."" ha ha ha.  Virtue signaling satire practically writes itself! :)",0,trs tote hilars vid grip revolutionary regular poster afropunk seventeen massive corporate sponsor revolution start sponsored following multinational corporation virtue signaling satire practically writes,tr tote hilar vid grip revolutionari regular poster afropunk seventeen massiv corpor sponsor revolut start sponsor follow multin corpor virtu signal satir practic write,original
I would really love to see a car with a snow plow and just drive straight through the protester,1,I would really love to see a snowplow car driving a straight protester,would realli love see car snow plow drive straight protest,back_translation
"Hey, last week in Kansas City, Mo. a Black man snuck into a retirement housing, broke into a house Beating 80 year old couple to death then went outside attempted to hot wire  antique car. Three neighbors  came out of their town-houses Mr. Howell (afro american) took his 12 gauge shot gun EXECUTED them by Blowing their heads off. He was only one armned a known felon, who had gotten out of a previous murder charge because they could not find the young girls body.Now, that is O.K. because they were ol d white people/caucasians.....Where is Al Sharpeton & Jesse Jackson NOW!",1,hey last week kansa city black man snuck retirement housing broke house beating year old couple death went outside attempted hot wire antique car three neighbor came townhouses howell afro american took gauge shot gun executed blowing head one armned known felon gotten previous murder charge could find young girl bodynow white peoplecaucasianswhere sharpeton jesse jackson,hey last week kansa citi black man snuck retir hous broke hous beat year old coupl death went outsid attempt hot wire antiqu car three neighbor came townhous howel afro american took gaug shot gun execut blow head one armn known felon gotten previou murder charg could find young girl bodynow white peoplecaucasianswher sharpeton jess jackson,original
finally a black person with a unbiased opinion. An incredibly high percentage of black lives are lost among themselves and only an extremely small fraction from police.  Black people need to take responsibility for their violence.,1,finally black person unbiased opinion incredibly high percentage black life lost among extremely small fraction police black people need take responsibility violence,final black person unbias opinion incred high percentag black life lost among extrem small fraction polic black peopl need take respons violenc,original
Wow...........,0,wow,wow,original
There should be a law where you won't be prosecuted if you run over people blocking the streets. They sure know how to go about winning people for their cause by doing this! Lol,1,"the law will not be prosecuted, it will execute the people who block the street, surely you know that the winning people cause lol",law wont prosecut run peopl block street sure know win peopl caus lol,back_translation
"A good job of of determining what occurred before Brown was killed. However, why it occurred is not a simple matter of racism, police abuse or anything mentioned. Question everything. Until we pull back the curtain to see the wizard is an illusion and we are all one and all life is energy and sacred... and turn off the TV. Peace, love and appreciation.",0,good job determining occurred brown killed however occurred simple matter racism police abuse anything mentioned question everything pull back curtain see wizard illusion one life energy sacred turn peace love appreciation,good job determin occur brown kill howev occur simpl matter racism polic abus anyth mention question everyth pull back curtain see wizard illus one life energi sacr turn peac love appreci,original
"This dude sure seems to know a good bit about smoking weeds.  Hmmm.
According this clown because this black man was somewhat on the gang side which is factual based on the photo's, that it was justified to MURDER AN UNARMED HUMAN BEING !  Its not ok you MF-er ",1,dude sure seems know good bit smoking weed hmmm according clown black man somewhat gang side factual based photo justified murder unarmed human mfer,dude sure seem know good bit smoke weed hmmm accord clown black man somewhat gang side factual base photo justifi murder unarm human mfer,original
Lmfao why is this dude taking like that??? -_\ I hear him talking but I don't know what he's saying!  Smh,0,lmfao dude taking like hear talking dont know he saying smh,lmfao dude take like hear talk dont know he say smh,original
"Us police use ""peaceful ways"" That's why he needs a bulletproof vest and helmet.",0,police use peaceful way thats need bulletproof vest helmet,polic use peac way that need bulletproof vest helmet,original
"A true dictatorship ! Let's wait and check which of the coutries will start sanctioning on U.S government? I guess none of countries, because USA is a corrupted all of countries in the world except Russia and China.",1,true dictatorship let wait check coutries start sanctioning government guess none country usa corrupted country world except russia china,true dictatorship let wait check coutri start sanction govern guess none countri usa corrupt countri world except russia china,original
"I can't believe you are reciting the music he listened to. What does that have to do with a cop using excessive force. When cops can become judge, jury and executioner we as a society are screwed. The issue is cops that do not get trained on escalation of force and do not use or have non lethal means to apprehend civilian suspects.",0,cant believe reciting music listened cop using excessive force cop become judge jury executioner society screwed issue cop get trained escalation force use non lethal mean apprehend civilian suspect,cant believ recit music listen cop use excess forc cop becom judg juri execution societi screw issu cop get train escal forc use non lethal mean apprehend civilian suspect,original
"The 1,879 people the disliked this video are the problem. This man said nothing wrong. And until they change, which will not happen, it will not change. The good thing is you are still very out numbered.",0,people disliked video problem man said nothing wrong change happen change good thing still numbered,peopl dislik video problem man said noth wrong chang happen chang good thing still number,original
"Cops make money arresting people. There they are! Easy money. No tazing, no macing, no hurting just grab and cuff!  Huge safety violation right there.",0,cop make money arresting people easy money tazing macing hurting grab cuff huge safety violation right,cop make money arrest peopl easi money taze mace hurt grab cuff huge safeti violat right,original
"Protest was converted into riot because majority of people wanted it. Don't be fooled by politicians,  they play serious games with common man. Take care everyone and save humanity. Peace!",0,protest converted riot majority people wanted dont fooled politician play serious game common man take care everyone save humanity peace,protest convert riot major peopl want dont fool politician play seriou game common man take care everyon save human peac,original
"Thus, with a collapse of the USA, only two possibilities can be considered, whereby, with the one, it boils down to a dictatorship with evil reprisals, while the other possibility may be a new reconstruction, if people who are fundamentally conscious of their responsibilities attain government and really do everything to bring about an effective and valuable new start. But whether this will actually occur, is currently extremely questionable, because presently, in a totalitarian manner, everything is directed towards interests which are economic, military, political and cultural – as well as towards that which is strict fundamentalist religious-sectarian – and based on enormous lies and devious, misanthropic, criminal and felonious machinations in every imaginable regard. This also means that the population of the USA is spied upon by the secret services and even severely within the neighbourhoods, and so forth, and, in every possible manner being restricted in its freedom, and this is in addition to the violence, as it emerges in some form or other, both openly and covertly.﻿",0,thus collapse usa two possibility considered whereby one boil dictatorship evil reprisal possibility may new reconstruction people fundamentally conscious responsibility attain government really everything bring effective valuable new start whether actually occur currently extremely questionable presently totalitarian manner everything directed towards interest economic military political cultural well towards strict fundamentalist religioussectarian based enormous lie devious misanthropic criminal felonious machination every imaginable regard also mean population usa spied upon secret service even severely within neighbourhood forth every possible manner restricted freedom addition violence emerges form openly covertly,thu collaps usa two possibl consid wherebi one boil dictatorship evil repris possibl may new reconstruct peopl fundament consciou respons attain govern realli everyth bring effect valuabl new start whether actual occur current extrem question present totalitarian manner everyth direct toward interest econom militari polit cultur well toward strict fundamentalist religioussectarian base enorm lie deviou misanthrop crimin feloni machin everi imagin regard also mean popul usa spi upon secret servic even sever within neighbourhood forth everi possibl manner restrict freedom addit violenc emerg form openli covertli,original
cop dont even do anything wtf.protesters i want to break there face in. losers nolifes,1,police don't even do anything wtfprotesters want to break the face loser nolifes,cop dont even anyth wtfprotest want break face loser nolif,back_translation
Smirconnish is the most even-handed guy in the world.  This guy Masri is an idiot.,1,smirconnish impartial boy world boy masri idiot,smirconnish evenhand guy world guy masri idiot,back_translation
At no time was it reported that Mr. Brown approached the officer. It was the officer that engaged the young men. Mr. Brown ran away from the officer who was reported to have fired on him while he was in flight.. It is inconsistent that he would have turned and confront the cop who had already  hit him with one bullet. You might not like black folks but you should not listen to spin in this video. You have given no weight to the eye witness reports. This video is to discredit the dead young man.,0,time reported brown approached officer officer engaged young men brown ran away officer reported fired flight inconsistent would turned confront cop already hit one bullet might like black folk listen spin video given weight eye witness report video discredit dead young man,time report brown approach offic offic engag young men brown ran away offic report fire flight inconsist would turn confront cop alreadi hit one bullet might like black folk listen spin video given weight eye wit report video discredit dead young man,original
FAKE!!...CNN IS BS,1,fakecnn,fakecnn,back_translation
The cops need to look at the video and start arresting these people. ,0,cop need look video start arresting people,cop need look video start arrest peopl,original
#alllivesmatter,0,alllivesmatter,alllivesmatt,original
"Black and white crimes seems to be big topic in us after Ferguson case. I just came here to brag about Finnish cops that used firearm 6 times last year, 2 time towards human, 2 times to warn 2 times to kill wounded animal. 5 million ppl here and 0,5 gun per capita.",0,black white crime seems big topic ferguson case came brag finnish cop used firearm time last year time towards human time warn time kill wounded animal million ppl gun per caput,black white crime seem big topic ferguson case came brag finnish cop use firearm time last year time toward human time warn time kill wound anim million ppl gun per caput,original
White Supremacy at its best !,1,white supremacy best,white supremaci best,back_translation
where's a taser gun when you need it???,0,wheres taser gun need,where taser gun need,original
Here I was thinking I was getting a bunch of facts. Lean is not made with skittles and iced tea. Wilson did not know about the robbery. This video is a bunch of poppy cock! Thank you for wasting my time.,1,thinking get heap done lean done bolo iced tea wilson know robbery video bunch poppy dick thank you waste time,think get bunch fact lean made skittl ice tea wilson know robberi video bunch poppi cock thank wast time,back_translation
95% of the policing problem being protested here is caused by black criminals.  Let's not forget to blame and address the elephant in the room.,1,policing problem protested caused black criminal let forget blame address elephant room,polic problem protest caus black crimin let forget blame address eleph room,original
"The city is full of really, really, really dumb people.  Can't try to reason with them.",1,city ​​full really very very stupid people can't try to reason,citi full realli realli realli dumb peopl cant tri reason,back_translation
"So this bitch is talking about people like Dylan Roof, James Holmes, Jared Loughner, Jerad Miller, Tim McVeigh, Jared Loughner, Jim David Adkisson, Paul Hill, Scott Roeder, Frazier Glen Miller Jr. Elliot Rodger, Buford O' Furrow, John R Houser, etc,. then RIGHT?",1,bitch talking people like dylan roof james holmes jared loughner jerad miller tim mcveigh jared loughner jim david adkisson paul hill scott roder frazier glen miller elliot rodger buford groove john houser etc true,bitch talk peopl like dylan roof jame holm jare loughner jerad miller tim mcveigh jare loughner jim david adkisson paul hill scott roeder frazier glen miller elliot rodger buford furrow john houser etc right,back_translation
mIcheal brown asked for it and got it! If you think he was shot because he was black then YOUR the racist!,0,micheal brown asked got think shot black racist,micheal brown ask got think shot black racist,original
"and what do the people see here,i can't even understand what they are saying,is this black America. is this good for the world to see,how do the people respect a race like this, when they see so much bad",1,"People see here, I can't even understand saying America is black, good world, look how people respect race, like they see a lot of bad things.",peopl see herei cant even understand sayingi black america good world seehow peopl respect race like see much bad,back_translation
How did they get the Time off from work?  JK,0,get time work,get time work,original
"Bullshit Stef. Police officers have pepper spray, stun guns, and a number of non-lethal methods at their immediate disposal. The real question, should these versions of the events hold true, is why was the gun the first option the officer went for? ",1,bullshit stef police officer pepper spray stun gun number nonlethal method immediate disposal real question version event hold true gun first option officer went,bullshit stef polic offic pepper spray stun gun number nonleth method immedi dispos real question version event hold true gun first option offic went,original
Stupid niggers,1,stupid black,stupid nigger,back_translation
How do these childish cops sleep at night ?,0,childish cop sleep night,childish cop sleep night,original
"Thank you for the truth, and speaking for the innocent.",0,thank truth speaking innocent,thank truth speak innoc,original
I don’t care what they are protesting about. One of them should have run there punk ass’s over. I hope they all get run TF over,1,"I don't mind protesting, punk ass, I hope to run.",dont care protest one run punk ass hope get run,back_translation
"Fucking idiots, get outta the way....some people gotta get to work!",1,fucking idiot get outta waysome people gotta get work,fuck idiot get outta waysom peopl gotta get work,original
Why didnt the police do their jobs and arrest these idiots for blocking a public road???  This is ridiculous and these people should have been arrested or ran over for being too stupid to not be on the freeway!,1,Wasn't it police to arrest an idiot blocking a public road? Ridiculous people arrested ran down a stupid highway.,didnt polic job arrest idiot block public road ridicul peopl arrest ran stupid freeway,back_translation
I'd just pop a couple of shots in the air and watch them scatter like roaches when a light turns on.,1,couple pop shot air clock disperse like cockroach light spin,pop coupl shot air watch scatter like roach light turn,back_translation
"11:21 LMAO ""I don't agree with the rioting and the violent protesting and all that GOOD STUFF""",0,lmao dont agree rioting violent protesting good stuff,lmao dont agre riot violent protest good stuff,original
Lord O'mighty  Ana is so incredibly Hot. Her Body is Perfect,0,lord omighty ana incredibly hot body perfect,lord omighti ana incred hot bodi perfect,original
It should be a law if there a protesters blocking the street you should be leagaly allowed to run them over,1,Law protester blocking the street with legal permission to run.,law protest block street leagali allow run,back_translation
"Give me the keys to a county Snowplow,,, I'll get that road open ASAP !",1,give key county snowplow ill get road open asap,give key counti snowplow ill get road open asap,original
"This gal calls it spot on! Way to go Ms.Peggy, way to go!",0,gal call spot way mspeggy way,gal call spot way mspeggi way,original
I might be wrong but when a majority of the black community don't vote wouldn't it make sense for there to be an inequality in the city government.,0,might wrong majority black community dont vote wouldnt make sense inequality city government,might wrong major black commun dont vote wouldnt make sens inequ citi govern,original
If MLK saw this he'd cry.,0,mlk saw hed cry,mlk saw hed cri,original
"Pathetic pseudo philosophy, you vile little man. ",1,pathetic pseudo philosophy vile little man,pathet pseudo philosophi vile littl man,original
Dirty mongrels!!!,1,dirty mongrel,dirti mongrel,original
Molyneux tête de noeud !,0,molyneux tte noeud,molyneux tte noeud,original
These Californians deserve this backup since they elect people that allow this to happen without consequences. If they tried that where I lived they would be shot at and runned over.,1,californian deserve backup since elect people allow happen without consequence tried lived would shot runned,californian deserv backup sinc elect peopl allow happen without consequ tri live would shot run,original
"basically she's doing more than talking. black lives do matter, but I guess when looting and rioting take place only for an asshole whose robbed and druged up the community . She hits on all points and was on CNN. She believes there is police brutality and Wants reforms, she knows theres racism, but she also knows nobody is going to take. a fucking second  look at black rights till black people take a stand against self destruction.",0,basically shes talking black life matter guess looting rioting take place asshole whose robbed druged community hit point cnn belief police brutality want reform know there racism also know nobody going take fucking second look black right till black people take stand self destruction,basic she talk black life matter guess loot riot take place asshol whose rob druge commun hit point cnn belief polic brutal want reform know there racism also know nobodi go take fuck second look black right till black peopl take stand self destruct,original
"I see all these signs, ""black lives matter!"", ""no parent should have to bury their child!"",""justice!"". I bet you they'd know the last three black person shot by a white cop, but if you ask them to name one person in the last hundred who was killed by another black person, not a damn clue. where are the marches and protests over that? you are far more likely to murdered by another black person who isn't a cop. that is a fact. fuck you sharpton. you are no cornell west.",1,see sign black life matters father bury justice child i bet you guys knew the last three black people shot white police ask name one person the last hundred killed another black person damn trail march protest most likely murdered another black person not a cop done fuck Sharpton Cornell West,see sign black life matter parent buri childjustic bet theyd know last three black person shot white cop ask name one person last hundr kill anoth black person damn clue march protest far like murder anoth black person isnt cop fact fuck sharpton cornel west,back_translation
Amen Amen sister you go you strong black woman i got your back,0,amen amen sister strong black woman got back,amen amen sister strong black woman got back,original
I can't tell if this is a racist cop or a dumb guy messing with cops. I hate that they make Michael brown seem like a holy man and he is not but that does not make it right to kill him. It's so confusing. ,0,cant tell racist cop dumb guy messing cop hate make michael brown seem like holy man make right kill confusing,cant tell racist cop dumb guy mess cop hate make michael brown seem like holi man make right kill confus,original
Gentle gentl giant,0,gentle gentl giant,gentl gentl giant,original
Link between poor little tryvon martin and little mr brown? Yeah they were both thug's that tired to beat the white person into the ground and got shot for their effords...end of story,1,link poor little tryvon martin little brown yeah thug tired beat white person ground got shot effordsend story,link poor littl tryvon martin littl brown yeah thug tire beat white person ground got shot effordsend stori,original
5:09 plain n simple truth,0,plain simple truth,plain simpl truth,original
finally a black person with a unbiased opinion. An incredibly high percentage of black lives are lost among themselves and only an extremely small fraction from police.  Black people need to take responsibility for their violence.,1,finally black person unbiased opinion incredibly high percentage of black lives lost among an extremely small fraction police blacks need to take responsibility violence,final black person unbias opinion incred high percentag black life lost among extrem small fraction polic black peopl need take respons violenc,back_translation
Buy ak47 shoot all USA copa,1,buy shoot usa cup,buy shoot usa copa,back_translation
"you obviously take whoever's word for whatever happened if you're taking an unpopular stance. you try so hard to justify any stance that is contrary to the norm, and although ive loved many of your videos i can no longer watch you take the word of the law enforcement one day and then distrust government the next day. you are insincere, stefan molyneux

-MW",0,obviously take whoevers word whatever happened youre taking unpopular stance try hard justify stance contrary norm although ive loved many video longer watch take word law enforcement one day distrust government next day insincere stefan molyneux,obvious take whoever word whatev happen your take unpopular stanc tri hard justifi stanc contrari norm although ive love mani video longer watch take word law enforc one day distrust govern next day insincer stefan molyneux,original
Peggy you should watch life leadership revolution videos. these people are very smart and very good mentors. really think if you did some research and training you would be a great leader. keep up the great work,0,peggy watch life leadership revolution video people smart good mentor really think research training would great leader keep great work,peggi watch life leadership revolut video peopl smart good mentor realli think research train would great leader keep great work,original
"The US Justice Department has audited the Ferguson Police Department and found 180 counts of excessive use of police force against African-Americans from 2009-2014.  In addition, they found 7 emails containing discriminatory language on Department computers.  The Federal government is pursuing a criminal case against the Ferguson Police Department.  I wonder if Bob McCulloch will try to defend this one.",0,justice department audited ferguson police department found count excessive use police force africanamericans addition found email containing discriminatory language department computer federal government pursuing criminal case ferguson police department wonder bob mcculloch try defend one,justic depart audit ferguson polic depart found count excess use polic forc africanamerican addit found email contain discriminatori languag depart comput feder govern pursu crimin case ferguson polic depart wonder bob mcculloch tri defend one,original
"wouldve just brought my AR-15 and that wouldve done the job
dont care if i went to jail those nogs would deserve it",1,I would have brought I would have done the job I don't care he went to jail nog he deserved,wouldv brought wouldv done job dont care went jail nog would deserv,back_translation
*Monkey screamin bout honkies intensifies*,1,monkey screamin bout honky intensifies,monkey screamin bout honki intensifi,original
Without that badge they a bitch and a half. So fuck the police!!,1,without badge bitch half fuck police,without badg bitch half fuck polic,original
"So sad, he looked like such a nice young man",0,sad looked like nice young man,sad look like nice young man,original
The drivers should have just ran them over and kept going!,1,driver ran kept going,driver ran kept go,original
we are living in are final days and it's only going to get worse,0,living final day going get worse,live final day go get wors,original
"Every time he interviewed a person I noticed they all ""ghetto"" and can clearly see their education is that of a preschooler. Who ever protested and did all that incredible stupid stuff, Dr Martin Luther King jr would have been disappointed in all of you and I respect him. All the ignorant black people like always ruining things and then they say they didn't do anything and they are always the victims. Wake up stupids you guys aren't the only ones. You're just making America look stupid. ",1,every time interviewed person noticed ghetto clearly see education preschooler ever protested incredible stupid stuff martin luther king would disappointed respect ignorant black people like always ruining thing say didnt anything always victim wake stupid guy arent one youre making america look stupid,everi time interview person notic ghetto clearli see educ preschool ever protest incred stupid stuff martin luther king would disappoint respect ignor black peopl like alway ruin thing say didnt anyth alway victim wake stupid guy arent one your make america look stupid,original
The only time I'd want to see a sniper in the bushes start picking them off one by one,1,time want see sniper bush start picking one one,time want see sniper bush start pick one one,original
I agree time for a race war.,1,agree time race war,agre time race war,back_translation
"White man can't finish his sentence
America needs to wake up!!the truth of murder is there!",1,white man cant finish sentence america need wake upthe truth murder,white man cant finish sentenc america need wake upth truth murder,original
"Molotov cocktail the local drink, and all she wants to do is dance, dance...",0,molotov cocktail local drink want dance dance,molotov cocktail local drink want danc danc,original
"The more those people fuck up America, the more American will fucking hate them. ",1,people fuck america american fucking hate,peopl fuck america american fuck hate,back_translation
10:11 what fucking evidence of by evidence you mean the fact that he was a suspect in an armed robbery and the autopsy reports that's evidence that shows the cop is innocent God damn ,1,damn evidence evidence bad act suspect armed robbery autopsy report that's evidence show police innocent damn,fuck evid evid mean fact suspect arm robberi autopsi report that evid show cop innoc god damn,back_translation
Awesome women.,0,awesome woman,awesom woman,original
Omg when he started rapping I lost it. Lmao,0,omg started rapping lost lmao,omg start rap lost lmao,original
"moral of the story, don't reach for a cops gun because you're probably gunna get shot, white or black",0,moral story dont reach cop gun youre probably gunna get shot white black,moral stori dont reach cop gun your probabl gunna get shot white black,original
"If no state, no cop; no cop, no shooting. So the state is the problem, right? Anarcho-capitalists like Steffan should agree with this nonsense.",0,state cop cop shooting state problem right anarchocapitalists like steffan agree nonsense,state cop cop shoot state problem right anarchocapitalist like steffan agre nonsens,original
"I guess You've never done anything wrong in your life. So according to your analysis, police has right to shoot him six time to make sure he dead. He is already dead. You are very proud of this officer. This tells me everything about you. I hope you have children.",0,guess youve never done anything wrong life according analysis police right shoot six time make sure dead already dead proud officer tell everything hope child,guess youv never done anyth wrong life accord analysi polic right shoot six time make sure dead alreadi dead proud offic tell everyth hope child,original
If this happen I would drive though them if I have to n if a cop does that Shit then they mess up letting them finish what they have to say like have need to get home or work u see how long that line of cars was. holding people up for there bullshit,1,happen would drive though cop shit mess letting finish say like need get home work see long line car holding people bullshit,happen would drive though cop shit mess let finish say like need get home work see long line car hold peopl bullshit,original
"Stop advertising swisher sweets lol , ur a racist point blank  .",1,stop advertising sweet swisher hahaha point blank racist,stop advertis swisher sweet lol racist point blank,back_translation
This is sad. Disgrace to all black people,1,sad misfortune black people,sad disgrac black peopl,back_translation
And if my kid did that I would beat the shit out of him.,1,kid would beat shit,kid would beat shit,original
"Congrats you got your ""Town in flames""
Now roll and live in that 3rd world hell hole
Also try to move out..
OH WAIT
You can't cause your town is now garbage in probably all business markets =p",0,congrats got town flame roll live world hell hole also try move wait cant cause town garbage probably business market,congrat got town flame roll live world hell hole also tri move wait cant caus town garbag probabl busi market,original
Why the hell are they even interviewing him? This guy's such an idiot.,1,hell even interviewing guy idiot,hell even interview guy idiot,original
Some people have seen Mississippi Burning way too many damn times.,0,people seen mississippi burning way many damn time,peopl seen mississippi burn way mani damn time,original
"OK DIPSHITS: I don't care if he's 7 feet tall and 600 pounds.  
1. Call for BACKUP   2. Use pepper spray  3. Use your baton   4. Use your taser  5. Wait for BACKUP  6. Use your GUN
HOW DOES THE SAYING GO A MONKEY WITH BLINDFOLDS AND IT'S HANDS TIED BEHIND IT'S BACK?
ANYWAYS: The preliminary autopsy showed that he was shot 4 times IN LESS LETHAL AREAS before he was EXECUTED WITH 2 GUNSHOT WOUNDS TO THE HEAD!!!!!!!!!",1,Assholes don't care about high foot pound call use backup use pepper spray use baton use taser wait backup use gun saying blindfolded monkey hand tied behind back anyway preliminary autopsy showed shooting time less lethal area executed gunshot wound head,dipshit dont care he foot tall pound call backup use pepper spray use baton use taser wait backup use gun say monkey blindfold hand tie behind back anyway preliminari autopsi show shot time less lethal area execut gunshot wound head,back_translation
Funny to thing the government can be trusted to judge itself. Fucking disgusting. ,1,funny thing government trusted judge fucking disgusting,funni thing govern trust judg fuck disgust,original
deadly force very fine line im not on either side but its brutal out there and theres no winning,0,deadly force fine line either side brutal there winning,deadli forc fine line either side brutal there win,original
She is right Blacks are in the shitter because of themselves not the white man.,1,right black fuck white man,right black shitter white man,back_translation
Racial profiling and police intimidation? He robbed a store and got killed as a result. Fucking excuses man. Black people shouldn't have to get arrested when they commit a strong arm robbery. When black people get violent they shouldn't have to fear getting put down like an animal. He actually said we shouldn't have to worry about warrants. lol. Fucking piece of human garbage.,1,racial profiling police intimidation robbery store they killed him result fucking excuse man blacks shouldn't be arrested commit strong arm robbery blacks get violent they shouldn't be afraid of being made like animals he actually said he shouldn't worry order hahaha fucking piece of human trash,racial profil polic intimid rob store got kill result fuck excus man black peopl shouldnt get arrest commit strong arm robberi black peopl get violent shouldnt fear get put like anim actual said shouldnt worri warrant lol fuck piec human garbag,back_translation
"Your time sequence of the events are all wrong, there was no 911 call made to report a robbery and officer darren Wilson was not dispatched to any crime scene, even the police chief said that publicly.",0,time sequence event wrong call made report robbery officer darren wilson dispatched crime scene even police chief said publicly,time sequenc event wrong call made report robberi offic darren wilson dispatch crime scene even polic chief said publicli,original
Lol. This is what happens when the greedy rich slime keep the masses uneducated & ignorant. Now deal with the stupid that you created. Trying to reason with the irrational is an exercise in futility. Get the popcorn ready bc it's about to boil over. If you fall for the talk you will fall just walking. ,1,hahaha happens greedy rich slime maintain dough uneducated ignorant stupid deal created try irrational reason exercise futility prepare popcorn boil talk about autumn fall walking,lol happen greedi rich slime keep mass uneduc ignor deal stupid creat tri reason irrat exercis futil get popcorn readi boil fall talk fall walk,back_translation
"Thank you Mrs. Hubbard. I am so happy that you said what needs saying. Blacks are allowing their neighborhoods to be destroyed by themselves. Black mother's stand up and be counted. Black fathers keep your ass home and help raise your children. Peggy, Chief & I have your back. Fair winds and following seas shipmate. Slap heard round the world needs to happen a whole lot more my sisters.",0,thank mr hubbard happy said need saying black allowing neighborhood destroyed black mother stand counted black father keep as home help raise child peggy chief back fair wind following sea shipmate slap heard round world need happen whole lot sister,thank mr hubbard happi said need say black allow neighborhood destroy black mother stand count black father keep as home help rais child peggi chief back fair wind follow sea shipmat slap heard round world need happen whole lot sister,original
The drivers should've pounded on them!,1,The driver should have hit,driver shouldv pound,back_translation
I've spread this video everywhere!!!! Awesome!,0,ive spread video everywhere awesome,ive spread video everywher awesom,original
Fuck CNN you corrupt demon worshiping fools,1,fuck cnn corrupt demon worshiper fool,fuck cnn corrupt demon worship fool,back_translation
"You call yourself an anarchist but defend a cop shooting an unarmed civilian. I'm highly disappointed. At the beginning of your video you referred to yourself as a ""square"" because you didn't know what a blunt is. It's much worse than that Stefan, you're incredibly out of touch as evidence by your complete ignorance towards black/hip hop culture and slang. If you were to start smoking blunts and listening to hip hop you would most likely gain a more enlightened understanding of what life is like in lower class America. ",0,call anarchist defend cop shooting unarmed civilian highly disappointed beginning video referred square didnt know blunt much worse stefan youre incredibly touch evidence complete ignorance towards blackhip hop culture slang start smoking blunts listening hip hop would likely gain enlightened understanding life like lower class america,call anarchist defend cop shoot unarm civilian highli disappoint begin video refer squar didnt know blunt much wors stefan your incred touch evid complet ignor toward blackhip hop cultur slang start smoke blunt listen hip hop would like gain enlighten understand life like lower class america,original
1 word: Provocateur........,0,word provocateur,word provocateur,original
"is this true, police originally said robbery had nothing to do with stop??  So why are you claiming he noticed the cigars?",0,true police originally said robbery nothing stop claiming noticed cigar,true polic origin said robberi noth stop claim notic cigar,original
"I agree with Joe that being a cop is an extremely difficult job that not many are qualified to handle. And yes there are lots of good cops out there. However, as intelligent and as unplugged out of the ""matrix"" as Joe always claim to be, he seems to be completely unaware or is ignoring the reality of this country's corrupt prison industrial complex and their ties to our failed judicial system, as well as the racial agenda behind police brutality...",1,okay joe police job extremely difficult many qualified drive yes much good cop however intelligent disconnected matrix joe always claims seems completely unaware ignoring reality country corrupt prison industrial complex tie failed judicial system ok racial agenda behind police brutality,agre joe cop extrem difficult job mani qualifi handl ye lot good cop howev intellig unplug matrix joe alway claim seem complet unawar ignor realiti countri corrupt prison industri complex tie fail judici system well racial agenda behind polic brutal,back_translation
oh brown was armed.....two very big muscular arms,0,brown armedtwo big muscular arm,brown armedtwo big muscular arm,original
That is the best opinion yet. I definitely would of used deadly force myself against someone charging at me after assaulting me prior to that. I carry a gun everywhere I go cause this world is getting crazy.  Thanks for that I'm sharing to everyone I know. ,0,best opinion yet definitely would used deadly force someone charging assaulting prior carry gun everywhere cause world getting crazy thanks sharing everyone know,best opinion yet definit would use deadli forc someon charg assault prior carri gun everywher caus world get crazi thank share everyon know,original
"Let us look at the facts

Moving away - shots fired - 5 or 6 witness
Arms up - shots fire - 4 witness
Dropping to his knees - shot fired - 3 witness
Audio Recording - 10-12 shots in two groups
Video Recording - spontaneous utterances of he had his hands up etc
Fighting with Officer - Officer by others
Fighting over Weapon in car - Officer by others
Weapon discharged in car - Officer by others
Damage to officers eye - Medical report not released
Officers statement - not released Police logs of incident ( radio report) - not released
I forgot an third review of the wounds that showed he was shot at least twice while ""down"".
 
Any witness yet that support the ""unofficial"" officers's version of the incident?",0,let look fact moving away shot fired witness arm shot fire witness dropping knee shot fired witness audio recording shot two group video recording spontaneous utterance hand etc fighting officer officer others fighting weapon car officer others weapon discharged car officer others damage officer eye medical report released officer statement released police log incident radio report released forgot third review wound showed shot least twice witness yet support unofficial officerss version incident,let look fact move away shot fire wit arm shot fire wit drop knee shot fire wit audio record shot two group video record spontan utter hand etc fight offic offic other fight weapon car offic other weapon discharg car offic other damag offic eye medic report releas offic statement releas polic log incid radio report releas forgot third review wound show shot least twice wit yet support unoffici officerss version incid,original
Guy @ 0:34 just got a hard on.....,0,guy got hard,guy got hard,original
"hmm , maybe theres more depth on the subject in the comment section.. nope just a bunch of degenerates.",1,hmm maybe there depth subject comment section nope bunch degenerate,hmm mayb there depth subject comment section nope bunch degener,original
"I watched your Zimmerman case video and you are full of SHIT. I can smell the hate seeping out of you. You bringing up RAP music and what he listens to it, or his sound-cloud is nothing more to make his charcter look as foolish and dangerous as possible. To who ever wants to respond to it this, FUCK YOU AZ WELL>..You go through so much effort to destroy Mike Brown's character by bringing up his smoking habits which have nothing to do with why he got shot. Your tone and the perfectly chosen words you use really makes Brown look like he was ""Unstable"". Look at how much detail u went trhu to slay Brown's character.",1,"i saw the video of the zimmerman case full of shit smells hate seeping in bring rap music listen to soundcloud nothing makes the character look dumb dangerous possible ever want to respond fuck good, a lot of effort destroys mike brown's character bring in the smoking habit nothing got shot perfectly chosen tone use of the word really makes brown look unstable look many details went through killing the brown character",watch zimmerman case video full shit smell hate seep bring rap music listen soundcloud noth make charcter look foolish danger possibl ever want respond fuck wellyou much effort destroy mike brown charact bring smoke habit noth got shot tone perfectli chosen word use realli make brown look like unstabl look much detail went trhu slay brown charact,back_translation
I would'nt waist my time trying to reason with this Police spitting Thug.  Trying to defend Criminal Brown is a losing matter.  The Grand Jury has made they're decision.   Live with it.,1,wouldn't waste time trying to reason cop spitting thug trying to defend brown criminal losing matter grand jury made their decision live,wouldnt waist time tri reason polic spit thug tri defend crimin brown lose matter grand juri made theyr decis live,back_translation
"hmm , maybe theres more depth on the subject in the comment section.. nope just a bunch of degenerates.",1,"Hmm, maybe there is depth in the comments section of the thread, no, degenerate bunch.",hmm mayb there depth subject comment section nope bunch degener,back_translation
this guy here he needs to grow up.,0,guy need grow,guy need grow,original
We all know with the chimpers there is no compassion in their mud pumping hearts. ,1,know chimpanzees compassion mud pumping heart,know chimper compass mud pump heart,back_translation
I would’ve pressed my m button and shoot the tsar bombar outta my car into them,1,wouldve pressed button shoot tsar bombar outta car,wouldv press button shoot tsar bombar outta car,original
"Stats don`t represent the problem. Race baiting and attitude is. Who`s doing the crimes ? Ohh I bet Trayvon is still the little innocent boy too. Don`t speak with a lisp, a sure sign of a left wing democrat ! ",1,stats dont represent problem race baiting attitude who crime ohh bet trayvon still little innocent boy dont speak lisp sure sign left wing democrat,stat dont repres problem race bait attitud who crime ohh bet trayvon still littl innoc boy dont speak lisp sure sign left wing democrat,original
What a fucking douche bag,1,fucking douche bag,fuck douch bag,original
"Remember that time every other race rioted because someone of their race got shot by a white cop after attacking the officer or waving a gun around?
Remember the huge riot last year when a 13 month old was shot in the head by 2 black kids?

Oh.",1,Remember the time when each race rioted. Someone of the race was shot. White police. Attacking officer waving gun. He remembers a big riot last year. One month old. Shot in the head. Black boy.,rememb time everi race riot someon race got shot white cop attack offic wave gun around rememb huge riot last year month old shot head black kid,back_translation
"Whites should move-out of Ferguson, let's see how nice it becomes after that! East St. Louis, Detroit, Baltimore same thing happened and now look at those cities!!",1,white move ferguson let see nice becomes east louis detroit baltimore thing that happened look city,white moveout ferguson let see nice becom east loui detroit baltimor thing happen look citi,back_translation
"Correction: Black ppl have NEVER been the most violent ppl on this planet.  Now some of what she is saying is true but, when it comes to this black on black crime shit,  don't just single my race out when the same shit happens with other races, all across the globe.",1,correction black ppl never violent ppl planet saying true come black black crime shit dont single race shit happens race across globe,correct black ppl never violent ppl planet say true come black black crime shit dont singl race shit happen race across globe,original
2:22 a piece of shit that has no business wearing even a CHP uniform.,1,piece shit business wearing even chp uniform,piec shit busi wear even chp uniform,original
Where are the trucks with foghorns,0,truck foghorn,truck foghorn,original
The white race is the racist race.,1,white race racist race,white race racist race,back_translation
Advertising & ignorance creates much crime in my opinion.,0,advertising ignorance creates much crime opinion,advertis ignor creat much crime opinion,original
I guess she misread Joe.  Have you ever seen anyone put in their place more swiftly and eloquently?  I'm not even sure she realizes it.,0,guess misread joe ever seen anyone put place swiftly eloquently even sure realizes,guess misread joe ever seen anyon put place swiftli eloqu even sure realiz,original
Peggy I love your video and I once use to stand for black lives matters but now they are using it as an excuse to get away with crime. I know a lot of good blacks who would like their voices heard but their voices are silenced because of this nationwide uproar of black lives matters and their afraid if they say something they could be the next victim.,0,peggy love video use stand black life matter using excuse get away crime know lot good black would like voice heard voice silenced nationwide uproar black life matter afraid say something could next victim,peggi love video use stand black life matter use excus get away crime know lot good black would like voic heard voic silenc nationwid uproar black life matter afraid say someth could next victim,original
"When did coming towards the officer is the same thing as charging the officer, if that person is 35 feet away! No other eyewitness is saying that",0,coming towards officer thing charging officer person foot away eyewitness saying,come toward offic thing charg offic person foot away eyewit say,original
They need to shoot those racist fucktards,1,need shoot racist fucktards,need shoot racist fucktard,original
They need to shoot those racist fucktards,1,I need to shoot the racist motherfuckers,need shoot racist fucktard,back_translation
"I'm sure michael brown knew the killer of the young girl and considered him his ""homeboy""",0,sure michael brown knew killer young girl considered homeboy,sure michael brown knew killer young girl consid homeboy,original
"It's people like this guy that makes America shake it's head.

Nawamsain'?

No the fuck we don't.",0,people like guy make america shake head nawamsain fuck dont,peopl like guy make america shake head nawamsain fuck dont,original
"Love it I same the saem thing Go Peggy!  #stupid  
Ya Killing ya selves more quicker than  STLPD could ever  #wakeup",0,love saem thing peggy stupid killing self quicker stlpd could ever wakeup,love saem thing peggi stupid kill self quicker stlpd could ever wakeup,original
"STFU YOU MUSLIM PIECE OF SHIT!  the cops should have fired ten rounds into his ass.

or better still... lets cut his head off and pour pigs blood down his throat. I am willing to bet it was them dirty fckn Islamic bastards that set those fires and not even the blacks that did.",1,"stfu muslim piece of shit police shot ten bullets, better yet let cut off head pour pig's blood down throat willing to bet dirty fucking islamic bastard set fire even black",stfu muslim piec shit cop fire ten round as better still let cut head pour pig blood throat will bet dirti fckn islam bastard set fire even black,back_translation
Ms. Hubbard I have ABSOLUTE respect for you. Wish you would run for office any level. You got bigger balls than most male politicians. You call it like it is BRAVO!,0,hubbard absolute respect wish would run office level got bigger ball male politician call like bravo,hubbard absolut respect wish would run offic level got bigger ball male politician call like bravo,original
The only good CNN anchor I have ever seen...,0,good cnn anchor ever seen,good cnn anchor ever seen,original
"German Police is pretty ""nice"" but even they would have beat these protestors",0,german police pretty nice even would beat protestors,german polic pretti nice even would beat protestor,original
"some get pay to protest, and so if you ask what they protesting some have no idea but just flow along,,, by all mean i would run them over and the most fuck up system in us is they cant be arrest but those drive thru them will be arrest that's fuck up system in america, it's ok to have the voice and the right but at no right block off traffic",1,get pay protest ask protesting idea flow along mean would run fuck system cant arrest drive thru arrest thats fuck system america voice right right block traffic,get pay protest ask protest idea flow along mean would run fuck system cant arrest drive thru arrest that fuck system america voic right right block traffic,original
"It is better for society, for the ""greater good,"" that Michael Brown went off the rails now, before he got ushered through college life on an athletic scholarship and became a ""Brown killer"" like O.H.Simpson. became.  O.lJ. was found civilly liable, y'know.",1,better society greater good michael brown went rail got ushered college life athletic scholarship became brown killer like ohsimpson became olj found civilly liable yknow,better societi greater good michael brown went rail got usher colleg life athlet scholarship becam brown killer like ohsimpson becam olj found civilli liabl yknow,original
"More of Your corrupt police will be harmed now. They are not safe from me. I will defend my self by fighting back and shooting them DEAD, so get your will's ready, cause its on!  catalyst? the facts of the city/town/government/usa, are the CATALYST. This pot has been boiling over for too many years, and now you have the generation that will bring the equalizer to your door step, We also have a PURGE; you will feel its effect. ",1,corrupt police harmed safe defend self fighting back shooting dead get will ready cause catalyst fact citytowngovernmentusa catalyst pot boiling many year generation bring equalizer door step also purge feel effect,corrupt polic harm safe defend self fight back shoot dead get will readi caus catalyst fact citytowngovernmentusa catalyst pot boil mani year gener bring equal door step also purg feel effect,original
Bored stupid kids,1,bored stupid kid,bore stupid kid,original
The lady at 7:30. hahahaha,0,lady hahahaha,ladi hahahaha,original
BlackLivesMatter was built on deceit and lies,1,blacklivesmatter built deceit lie,blacklivesmatt built deceit lie,original
Is it really that hard just to open fire,1,really hard open fire,realli hard open fire,original
"Let's reverse the rolls! Black racist cops in rich white communities.(but you can't prove there racist) When a white man gets pissed off at this intolerable condition. We unload several clips of high caliber ammo at point blank range for his audacity at questioning authority. All Americans need to be on full alert of this elitist agenda to set presidents of questioning authority. The elitist upper-class is the problem. Prison culture CIA drug Cartels. Exporting jobs and importing cheap labor, While the elitist get bailed out and support this corrupt system. We can turn this around when we c get past the race issue the Govt. incites to divide the working class, but you can hardly call it a working class because the Govt put everyone out of work. We are more of a homeless class. Let us not for get Western history and the role big money plays in this clusterfuck designed to destroy a Nation that is Destroyed at this point. We can get it back, ask me how.",1,let reverse roll black racist cop rich white communitiesbut cant prove racist white man get pissed intolerable condition unload several clip high caliber ammo point blank range audacity questioning authority american need full alert elitist agenda set president questioning authority elitist upperclass problem prison culture cia drug cartel exporting job importing cheap labor elitist get bailed support corrupt system turn around get past race issue govt incites divide working class hardly call working class govt put everyone work homeless class let get western history role big money play clusterfuck designed destroy nation destroyed point get back ask,let revers roll black racist cop rich white communitiesbut cant prove racist white man get piss intoler condit unload sever clip high calib ammo point blank rang audac question author american need full alert elitist agenda set presid question author elitist upperclass problem prison cultur cia drug cartel export job import cheap labor elitist get bail support corrupt system turn around get past race issu govt incit divid work class hardli call work class govt put everyon work homeless class let get western histori role big money play clusterfuck design destroy nation destroy point get back ask,original
"mmh 2 years already, still the same moronic bullshit going on in your shit ass country",1,mmh year is still stupid shit going to shit as a country,mmh year alreadi still moron bullshit go shit as countri,back_translation
"What point are you trying to make?  Is it that blacks don't have ""Equal Opportunity"" in Ferguson - are you suggesting city counsel should give a young black man/woman a job because they are black?? Is it that black people in Ferguson are treated unfairly by law enforcement - are you suggesting the black community are law biding citizens that break the law less than white people and cops just arrest black citizens for fun and sport??  Do you even know the true reason why the black community is rioting and looting?  Have you even asked why?  Did you see rioting and looting break out in Knoxville when a young white couple was kidnapped, brutally rapped and eventually murdered by black men and woman?  I wonder if it just comes down to Racism and plain stupidity?  Mr. Brown was no Angel, study the facts and stay away from the emotion and skin color!",0,point trying make black dont equal opportunity ferguson suggesting city counsel give young black manwoman job black black people ferguson treated unfairly law enforcement suggesting black community law biding citizen break law less white people cop arrest black citizen fun sport even know true reason black community rioting looting even asked see rioting looting break knoxville young white couple kidnapped brutally rapped eventually murdered black men woman wonder come racism plain stupidity brown angel study fact stay away emotion skin color,point tri make black dont equal opportun ferguson suggest citi counsel give young black manwoman job black black peopl ferguson treat unfairli law enforc suggest black commun law bide citizen break law less white peopl cop arrest black citizen fun sport even know true reason black commun riot loot even ask see riot loot break knoxvil young white coupl kidnap brutal rap eventu murder black men woman wonder come racism plain stupid brown angel studi fact stay away emot skin color,original
Ferguson 2014: Protesters Flip Police Car | The New York Times,0,ferguson protester flip police car new york time,ferguson protest flip polic car new york time,original
Very respectable woman,0,respectable woman,respect woman,original
"The Arab dude is absolutely right, he should have not been shot 6 extra time. Shoot him once if hes attacking you and that would stop his attack. Shoot him twice if he's still attacking you, but six times? That is shoot to kill in my opinion. ",0,arab dude absolutely right shot extra time shoot he attacking would stop attack shoot twice he still attacking six time shoot kill opinion,arab dude absolut right shot extra time shoot he attack would stop attack shoot twice he still attack six time shoot kill opinion,original
"Check out this you tube post. ""Black man goes on an epic rant against Ferguson rioters.""

Although his message is delivered with childish, cartoon-ish emotions.... He is one of the very few African American's who gets it.",1,Check tube post black man go rant epic Ferguson troublemaker though message delivered childish cartoonish emotion an African American get,check tube post black man go epic rant ferguson rioter although messag deliv childish cartoonish emot one african american get,back_translation
"How the fuck is this peaceful? Gun and gas this human road block, problem solved.",1,"Fuck, peaceful, gun, gas, human, roadblock problem solved.",fuck peac gun ga human road block problem solv,back_translation
It's sad that I have to watch a YouTube video to get a non biased report about what's going on in Ferguson! Thank You!,0,sad watch youtube video get non biased report whats going ferguson thank,sad watch youtub video get non bias report what go ferguson thank,original
RUN THEM OVER,1,run,run,back_translation
run them over,1,run,run,back_translation
Denny was brained also with a fire extinguisher.,0,denny brained also fire extinguisher,denni brain also fire extinguish,original
here people his facebook is https://www.facebook.com/bassem.masri.520 he has ties with isis and other terrorist groups he is a muslim extremist ,1,people facebook tie isi terrorist group muslim extremist,peopl facebook tie isi terrorist group muslim extremist,back_translation
"Brown isused as an excuse to loot take peoples shit and destroy neighborhoods , haaaa typical ghetto bullshit. Ya ain't even hood, ya just ghetto bitches collecting free rent from the govt while fighting the govt. same occupy Wall Street fagets have nothing else to do , go clean the highways !!!!!",1,brown used excuse loot take people shit destroy neighborhood haaaa typical ghetto shit not even hood ghetto bitch charging free rent government fighting the government occupy wall street faggots just clean the road,brown isus excus loot take peopl shit destroy neighborhood haaaa typic ghetto bullshit aint even hood ghetto bitch collect free rent govt fight govt occupi wall street faget noth els clean highway,back_translation
#blacklivesdontmatter,1,blacklivesdontmatter,blacklivesdontmatt,original
"some get pay to protest, and so if you ask what they protesting some have no idea but just flow along,,, by all mean i would run them over and the most fuck up system in us is they cant be arrest but those drive thru them will be arrest that's fuck up system in america, it's ok to have the voice and the right but at no right block off traffic",1,get payment protest ask protest idea flow means raid fuck system can't arrest drive through arrest that's fuck system america voice right right block traffic,get pay protest ask protest idea flow along mean would run fuck system cant arrest drive thru arrest that fuck system america voic right right block traffic,back_translation
"Very interesting, and informative. ",0,interesting informative,interest inform,original
Kill all protesters,1,kill a protester,kill protest,back_translation
"Very informative, really appreciate this video!",0,informative really appreciate video,inform realli appreci video,original
"The city is full of really, really, really dumb people.  Can't try to reason with them.",1,city full really really really dumb people cant try reason,citi full realli realli realli dumb peopl cant tri reason,original
did the police charge them?,0,police charge,polic charg,original
You people are sick! This man is speaking the truth and y'all are just mad. Trying to justify why a young boy who did nothing was shot and killed smh. Y'all are the devil and a disease to this earth! I'll be glad when the sun burns all your asses into extinction and we can have our planet back! Half animal half devil cave beasts!!! ,1,people sick man speaking truth yall mad trying justify young boy nothing shot killed smh yall devil disease earth ill glad sun burn ass extinction planet back half animal half devil cave beast,peopl sick man speak truth yall mad tri justifi young boy noth shot kill smh yall devil diseas earth ill glad sun burn ass extinct planet back half anim half devil cave beast,original
Time to test the police guns fire fire.,1,time trial police gun fire fire,time test polic gun fire fire,back_translation
Huge wisdom here for anyone that has ears to listen.,0,huge wisdom anyone ear listen,huge wisdom anyon ear listen,original
After watching the second part of Rest in power the trayvon martin story. I just had the urge to watch this again!,0,watching second part rest power trayvon martin story urge watch,watch second part rest power trayvon martin stori urg watch,original
"Perhaps you should start teaching blacks that law and education is important, instead of treating them as special snowflakes?",1,maybe start teaching black law education is important instead of treating a special snowflake,perhap start teach black law educ import instead treat special snowflak,back_translation
"Black cop kills white kid...Black kid kills white cop.  Does anyone riot, protest and engage national news?  No.  Race isn't mentioned in either of these circumstances.  So think about it, then ask yourself this question (and answer honestly): Who are the REAL racists in this country? ",1,black cop kill white kidblack kid kill white cop anyone riot protest engage national news race isnt mentioned either circumstance think ask question answer honestly real racist country,black cop kill white kidblack kid kill white cop anyon riot protest engag nation news race isnt mention either circumst think ask question answer honestli real racist countri,original
Its sad what about GOD he is still in control only he knows he is tired of all of it if Michael or derren is wrong or right only god knows let him be the last to judge,0,sad god still control know tired michael derren wrong right god know let last judge,sad god still control know tire michael derren wrong right god know let last judg,original
Dumb ass people run over them all 😡,1,dumb as people run,dumb as peopl run,original
please do a follow-up video if u get enough new information. thx for your time and great work as always.,0,please followup video get enough new information thx time great work always,pleas followup video get enough new inform thx time great work alway,original
"When you are 6'4"" 290 and you charge at a armed cop you are a dangerous weapon.",0,charge armed cop dangerous weapon,charg arm cop danger weapon,original
"You honestly believe that Mike Brown was actually trying to take a cops gun while the cop was sitting in the car?  You would be stupid to think that a kid would charge at someone pointing a gun at them as if he was some beast and was high. 

 If he was so high how could Mike go to the store and do everything else so easily..epic fail sir.  Why not make the officer take a toxicology test.  The officer was obviously scared and was going to use his weapon per being intimidated by Mike's size. 

The officer didn't know that Mike had stolen anything and told the dispatcher that he knew nothing of a shooting in the area.

Get your facts straight please. ",1,honestly believe mike brown actually trying take cop gun cop sitting car would stupid think kid would charge someone pointing gun beast high high could mike store everything else easilyepic fail sir make officer take toxicology test officer obviously scared going use weapon per intimidated mike size officer didnt know mike stolen anything told dispatcher knew nothing shooting area get fact straight please,honestli believ mike brown actual tri take cop gun cop sit car would stupid think kid would charg someon point gun beast high high could mike store everyth els easilyep fail sir make offic take toxicolog test offic obvious scare go use weapon per intimid mike size offic didnt know mike stolen anyth told dispatch knew noth shoot area get fact straight pleas,original
"You actually CAN shout ""fire"" in a crowded theater. Christopher Hitchens demonstrated this in his talk about ""free speech."" Look it up. The interviewee is correct. Cops serve the public, not the other way around. And it is consistent with serving that public that the police department represent that public's race and ethnicity in its ranks. Hire a bunch of big, tough, black guys to the police department and you will have fewer blacks being shot to death by a puny white guy who felt humiliated when he got bitch slapped by a teenager. ",1,actually shout fire crowded theater christopher hitchens demonstrated talk free speech look interviewee correct cop serve public way around consistent serving public police department represent public race ethnicity rank hire bunch big tough black guy police department fewer black shot death puny white guy felt humiliated got bitch slapped teenager,actual shout fire crowd theater christoph hitchen demonstr talk free speech look interviewe correct cop serv public way around consist serv public polic depart repres public race ethnic rank hire bunch big tough black guy polic depart fewer black shot death puni white guy felt humili got bitch slap teenag,original
"I don't get it. Aren't they protesting to like, the wrong people?",0,dont get arent protesting like wrong people,dont get arent protest like wrong peopl,original
Hahahahaha.  This guy is Ed Bassmaster's character ALWAYS TESTE. Ed Bassmaster has a semi-retarded character who is cross-eyed just like this guy,1,hahahahaha guy bassmasters character always teste bassmaster semiretarded character crosseyed like guy,hahahahaha guy bassmast charact alway test bassmast semiretard charact crossey like guy,original
"The shooting had not one thing to do with him being black. Black people make it a black issue. Bottom line was a grown man robbed a store and ignored police orders. Why do people think its ok to protest on the behalf of a thug who has no respect for the law, yes it is a shame that it came to his death but if he hadnt have been a thief he would still be alive. I hear this bullshit about blacks gotta do what they gotta do, hard streets, from the streets....blah blah blah. you wear your hard living like a badge of honor but with no honor for this country, but hey lets go steal some cigarillos to make blunts, worsen what is already a ghetto, ",1,shooting one thing black black people make black issue bottom line grown man robbed store ignored police order people think protest behalf thug respect law yes shame came death hadnt thief would still alive hear bullshit black gotta gotta hard street streetsblah blah blah wear hard living like badge honor honor country hey let steal cigarillo make blunts worsen already ghetto,shoot one thing black black peopl make black issu bottom line grown man rob store ignor polic order peopl think protest behalf thug respect law ye shame came death hadnt thief would still aliv hear bullshit black gotta gotta hard street streetsblah blah blah wear hard live like badg honor honor countri hey let steal cigarillo make blunt worsen alreadi ghetto,original
Bam..........She said it all !!!,0,bamshe said,bamsh said,original
I would get my car and start doing burnouts in their faces. Either move or get smoked,1,"would start the car, would burn out, would face any movement, would smoke",would get car start burnout face either move get smoke,back_translation
"Here's another fine Ferguson officer.  Man, they really got the cream of the crop in that town!  LOL  http://thefreethoughtproject.com/ferguson-cop-choked-hog-tied-12-year-old-accused-assault/",0,here another fine ferguson officer man really got cream crop town lol,here anoth fine ferguson offic man realli got cream crop town lol,original
"This isn't really a race issue, this is a police brutality issue. This is not the first time a cop like Darren Wilson wasn't sent to jail for what they did, a group of police officers shot and killed a homeless, white man just because he didn't want to leave the spot he had his home at. They shot him, attacked him with K9s, then shot bean bags at him long after he was dead. They even had it on camera and they didn't go to jail. There is a problem with our police and if we keep ignoring it then it will only get worse and worse. Don't try to make excuses for a bad police officers' behavior and be thankful to the ones that do their job right.",0,isnt really race issue police brutality issue first time cop like darren wilson wasnt sent jail group police officer shot killed homeless white man didnt want leave spot home shot attacked shot bean bag long dead even camera didnt jail problem police keep ignoring get worse worse dont try make excuse bad police officer behavior thankful one job right,isnt realli race issu polic brutal issu first time cop like darren wilson wasnt sent jail group polic offic shot kill homeless white man didnt want leav spot home shot attack shot bean bag long dead even camera didnt jail problem polic keep ignor get wors wors dont tri make excus bad polic offic behavior thank one job right,original
"I agree with Joe that being a cop is an extremely difficult job that not many are qualified to handle. And yes there are lots of good cops out there. However, as intelligent and as unplugged out of the ""matrix"" as Joe always claim to be, he seems to be completely unaware or is ignoring the reality of this country's corrupt prison industrial complex and their ties to our failed judicial system, as well as the racial agenda behind police brutality...",1,agree joe cop extremely difficult job many qualified handle yes lot good cop however intelligent unplugged matrix joe always claim seems completely unaware ignoring reality country corrupt prison industrial complex tie failed judicial system well racial agenda behind police brutality,agre joe cop extrem difficult job mani qualifi handl ye lot good cop howev intellig unplug matrix joe alway claim seem complet unawar ignor realiti countri corrupt prison industri complex tie fail judici system well racial agenda behind polic brutal,original
"Obama should be saying exactly what this lady is saying.  Instead, he's defending the thugs.  She should clean up her language, however.",1,obama saying exactly lady saying instead he defending thug clean language however,obama say exactli ladi say instead he defend thug clean languag howev,original
Cnn...so out of touch..close up idiots.. people are watching for the comedy of reporting.lol,1,cnnso touchclose idiot people watching comedy reports hahaha,cnnso touchclos idiot peopl watch comedi reportinglol,back_translation
"a rocket launcher will take care of that lightly armored vehicle, lol",1,rocket launcher take care lightly armored vehicle lol,rocket launcher take care lightli armor vehicl lol,original
"USA land of the free baby. HAHAHAHA! All you people not living in USA, should be thankful everyday. This is the worse country on earth.",1,United States free land baby hahahaha people who live United States grateful every day worse country earth,usa land free babi hahahaha peopl live usa thank everyday wors countri earth,back_translation
I love this woman. wish there were more like her. it would certainly help the cause if more were on the same page...,0,love woman wish like would certainly help cause page,love woman wish like would certainli help caus page,original
"well, after seeing all the looting and ""protesting"", I would say that he would not have to be high to exhibit very poor decision making.   I also am not impressed by anyone going to ""college"", college is not what it used to be.  It's pretty much an extended childhood for most people who go.",0,well seeing looting protesting would say would high exhibit poor decision making also impressed anyone going college college used pretty much extended childhood people,well see loot protest would say would high exhibit poor decis make also impress anyon go colleg colleg use pretti much extend childhood peopl,original
CNN needs to hire that man. He is a real American. We are in trouble. ,1,cnn need hire man real american trouble,cnn need hire man real american troubl,original
"Us police logic, ""Shit its a brick, Shoot them all, Quick call the army nuke them all!""",1,police logic shit brick shoot quick call army nuke,polic logic shit brick shoot quick call armi nuke,original
What a bunch of complete dumb asses!,1,bunch complete dumb ass,bunch complet dumb ass,original
"They just need to arrest all those protesters as soon as they start blocking traffic. If I was a driver and i saw them starting to block the road, i wouldn't stop for em.",1,need arrest protester soon start blocking traffic driver saw starting block road wouldnt stop,need arrest protest soon start block traffic driver saw start block road wouldnt stop,original
can’t you just stand on the side of the freeway instead of blocking thousands of cars,0,cant stand side freeway instead blocking thousand car,cant stand side freeway instead block thousand car,original
bear mace and gas pedal,1,bear mace gas pedal,bear mace ga pedal,original
dumb mf,1,dumb,dumb,back_translation
"I wish mr masri was dead,,",1,wish masri dead,wish masri dead,original
"How many shots to disable one man ? If the officer felt so threatened was there a call for backup ? How many shots before one man cannot continue to threaten another ? With the transcript of witness evidence released there seems to more questions unanswered than answered, I pray for all involved that they might find some peace from a terrible encounter. Amen ",0,many shot disable one man officer felt threatened call backup many shot one man cannot continue threaten another transcript witness evidence released seems question unanswered answered pray involved might find peace terrible encounter amen,mani shot disabl one man offic felt threaten call backup mani shot one man cannot continu threaten anoth transcript wit evid releas seem question unansw answer pray involv might find peac terribl encount amen,original
"Look people, black lives do matter just like white lives do just the same. Mike browns life was lawfully ended by a police officer that was being assaulted by Mike brown, the suspect aka Mr. Brown was a football player about 6ft 3 inches, not to mention was high on marijuana. The officer was 5 ft 11 inches and was only armed with a baton and a gun. Now after telling Mr brown to put his hands up witch all evidence shows he did not. He was shot while he was assaulting the officer. Now before you say well this and that. Why didn't the officer do this or that. Well unless you have been or are a police officer you can't say the officer did something stupid or should have done something else. This officer was being attacked by a man much larger than him. He didn't have time to stop and think hmmm maybe I shouldn't defend myself maybe I should let him kill me. ",0,look people black life matter like white life mike brown life lawfully ended police officer assaulted mike brown suspect aka brown football player inch mention high marijuana officer inch armed baton gun telling brown put hand witch evidence show shot assaulting officer say well didnt officer well unless police officer cant say officer something stupid done something else officer attacked man much larger didnt time stop think hmmm maybe shouldnt defend maybe let kill,look peopl black life matter like white life mike brown life law end polic offic assault mike brown suspect aka brown footbal player inch mention high marijuana offic inch arm baton gun tell brown put hand witch evid show shot assault offic say well didnt offic well unless polic offic cant say offic someth stupid done someth els offic attack man much larger didnt time stop think hmmm mayb shouldnt defend mayb let kill,original
Thanks Obama,1,thanks obama,thank obama,original
"These people are stupid as fuck , they would't be doing this if they had work at 7am. These is their idea of fun because they're losers and have nothing better to do. Oh yeah and great work burning down that auto place no a few more people are unemployed and cannot provide for their family. Great work , all this because the police shot some criminal who happened to be black. These people are the definition of sheep , there in not one individual thinker among them. ",1,stupid people fuck it wouldn't work funny idea they are losers nothing better yes great job burning car place unemployed people can't provide family great job police shooting criminal happened black people definition sheep an individual thinker among,peopl stupid fuck wouldt work idea fun theyr loser noth better yeah great work burn auto place peopl unemploy cannot provid famili great work polic shot crimin happen black peopl definit sheep one individu thinker among,back_translation
"Someone has to say this so I will.
With the way most black people behave no wonder Ferguson is such a shitty place.
Most black people in the US are so fucking lazy.
I am saying this because of countless examples from my life:
1. My grandmother got a black house nurse once and the bitch did nothing all day. When my grandmother complained to the agency they sent a different woman (wasn't black) that cleaned the entire house in 4 hours.
2. My mom works at a hospital as a nurse and all her black co workers constantly do nothing and are lazy.
Now once again. not all black people are like this (one of my best friends is black and I like him like a brother) but most of them are. The fucks expect to get everything they want only because their ancestors were once slaves. 
Well, Hitler killed most of my ancestors, do you see me with sagging pants and crying like a stupid bitch about it like those stupid black people?

The inequality of representation is probably because (again) black people are generally lazy or lack the skills required to hold such positions. 
The household income ties into my previous point (lazy/lacking skill = lower income jobs).
The dropout rate from school need to be taken against the black people at Ferguson, because, once again, how will you hold a high paying job if you didn't even graduate fucking high school?
The 80% worse healthcare is once again tied into the low income. More money = better doctors.
As for the inequality of enforcement, I have to give you that one that is completely unfair, however, when looking at black officers they frisk mostly black people as well, hmmmm..... interesting? maybe.",1,someone say way black people behave wonder ferguson shitty place black people fucking lazy saying countless example life grandmother got black house nurse bitch nothing day grandmother complained agency sent different woman wasnt black cleaned entire house hour mom work hospital nurse black worker constantly nothing lazy black people like one best friend black like like brother fuck expect get everything want ancestor slave well hitler killed ancestor see sagging pant cry like stupid bitch like stupid black people inequality representation probably black people generally lazy lack skill required hold position household income tie previous point lazylacking skill lower income job dropout rate school need taken black people ferguson hold high paying job didnt even graduate fucking high school worse healthcare tied low income money better doctor inequality enforcement give one completely unfair however looking black officer frisk mostly black people well hmmmm interesting maybe,someon say way black peopl behav wonder ferguson shitti place black peopl fuck lazi say countless exampl life grandmoth got black hous nurs bitch noth day grandmoth complain agenc sent differ woman wasnt black clean entir hous hour mom work hospit nurs black worker constantli noth lazi black peopl like one best friend black like like brother fuck expect get everyth want ancestor slave well hitler kill ancestor see sag pant cri like stupid bitch like stupid black peopl inequ represent probabl black peopl gener lazi lack skill requir hold posit household incom tie previou point lazylack skill lower incom job dropout rate school need taken black peopl ferguson hold high pay job didnt even graduat fuck high school wors healthcar tie low incom money better doctor inequ enforc give one complet unfair howev look black offic frisk mostli black peopl well hmmmm interest mayb,original
"a rocket launcher will take care of that lightly armored vehicle, lol",1,"Rocket launcher, be careful, lightly armored vehicle.",rocket launcher take care lightli armor vehicl lol,back_translation
There are a lot of disgusting people in the comments trying to rationalize their casual racism and poor understanding of the context ,0,lot disgusting people comment trying rationalize casual racism poor understanding context,lot disgust peopl comment tri ration casual racism poor understand context,original
Fuck mo and kansas city,1,fuck kansa city,fuck kansa citi,back_translation
"Right on!!! Finally some Sane opinion on this event! These Black bastards are soooooooooo IGNORANT!!! Running around yelling and looting and carrying on, just like in LA Riots.... Same old shit",1,"right, finally, sensible opinion event, black bastard, soooo ignorant running around screaming looting, carrying on like a riot, old shit",right final sane opinion event black bastard soooooooooo ignor run around yell loot carri like riot old shit,back_translation
all those people on the road a re goddamn kids,0,people road goddamn kid,peopl road goddamn kid,original
You can say black. This piece came off a bit stiff due to the repeated use of African American.,0,say black piece came bit stiff due repeated use african american,say black piec came bit stiff due repeat use african american,original
"Cops NEED to be given a very wide latitude in self defense considering the threats they face and they if incapacitated, they have a very high chance of being executed with their own dam gun.Noone seems o care about this shit...",1,cop need given wide latitude self defense considering threat face incapacitated high chance executed dam gunnoone seems care shit,cop need given wide latitud self defens consid threat face incapacit high chanc execut dam gunnoon seem care shit,original
"I understand that he committed robbery offense but did he deserve to die.. put him in jail but do not end his life and with Trayvon martin, going to buy skittles, he doesn't deserve death either.. this is totally biased because if he was white he would have been labelled a troubled teenager who was peer pressured to  commit a crime.",0,understand committed robbery offense deserve die put jail end life trayvon martin going buy skittle doesnt deserve death either totally biased white would labelled troubled teenager peer pressured commit crime,understand commit robberi offens deserv die put jail end life trayvon martin go buy skittl doesnt deserv death either total bias white would label troubl teenag peer pressur commit crime,original
Run over the mdrfckrs!!!!,1,run mdrfckrs,run mdrfckr,back_translation
I THINK THAT GENTLE GIANT WOULD HAVE KILLED YOU AND SONGS AND RAP BOTH TALK BAD,1,"I think the gentle giant would kill the song, the rap, he would talk bad.",think gentl giant would kill song rap talk bad,back_translation
This is so far off base that you can't even call it propaganda! BS!,1,The distant base can't even call propaganda.,far base cant even call propaganda,back_translation
White Supremacy at its best !,1,white supremacy best,white supremaci best,original
I can't for the life of me understand why people think that Mike Brown was a martyr for some cause. The man was a criminal. Are all black people criminals? Absolutely not. Are there white criminals? Hispanic criminals? You betcha. If the situation was EXACTLY the same but the races were reversed there would not be an issue at all.,1,I can't understand life people think mike brown martyr cause man criminal black people criminal absolutely white criminal hispanic criminal betcha situation exactly race backwards would emit,cant life understand peopl think mike brown martyr caus man crimin black peopl crimin absolut white crimin hispan crimin betcha situat exactli race revers would issu,back_translation
"Holy shit! And I thought Trayvon Martin supporters were imbeciles...

You Michael Brown clowns must be on the dope!",1,holy shit thought trayvon martin supporter imbecile michael brown clown must dope,holi shit thought trayvon martin support imbecil michael brown clown must dope,original
FAKE!!...CNN IS BS,1,fakecnn,fakecnn,original
I would'nt waist my time trying to reason with this Police spitting Thug.  Trying to defend Criminal Brown is a losing matter.  The Grand Jury has made they're decision.   Live with it.,1,wouldnt waist time trying reason police spitting thug trying defend criminal brown losing matter grand jury made theyre decision live,wouldnt waist time tri reason polic spit thug tri defend crimin brown lose matter grand juri made theyr decis live,original
"Police brutality affects everyone.  It's not just a black issue, and when they made it a ""black"" issue that's when people who aren't black tend to stop listening.  End racial profiling as if police don't fuck with everyone?  Police don't care WHAT color you are, if you aren't  a policeman they will fuck with you.  If you look on youtube you will notice the brutality doesn't discriminate.  

So stop it with this racial bullshit, because if you want cops to finally be held accountable for their powertripping actions, you need to realize that playing the whole ""because I'm black, and only black, and black"" card, makes people who aren't black feel less sympathetic because every race here has had issues with them.",1,police brutality affects everyone black problem made black problem that's it people aren't black tend to stop listening end racial profiling police don't fuck with everyone police don't care about color it's not police fuck watch youtube notice brutality doesn't discriminate stop racial bullshit want police finally held accountable powertripping action need to realize play black black black card make non black people feel less understanding every racial problem,polic brutal affect everyon black issu made black issu that peopl arent black tend stop listen end racial profil polic dont fuck everyon polic dont care color arent policeman fuck look youtub notic brutal doesnt discrimin stop racial bullshit want cop final held account powertrip action need realiz play whole black black black card make peopl arent black feel less sympathet everi race issu,back_translation
Anna is a dumb ass n Joe rogan has no clue what he is saying...Anna go do porn or something n leave this job to some one more intelligent.,1,anna dumb as joe rogan clue sayinganna porn something leave job one intelligent,anna dumb as joe rogan clue sayinganna porn someth leav job one intellig,original
Run the black cunts over,1,run black cunt,run black cunt,original
California is so stupid ! Just arrest all them and charge them ! Drivers need to get too work To feed their Families,1,"stupid California arrest charge, driver needs to get a job, feed the family",california stupid arrest charg driver need get work feed famili,back_translation
This man is a zionist jew look at ypu can see the jewnesss in his face  cnn only employ zionist sympathisers and neo-con racists and wolf blitzer is the emplpyeee ,1,jewish man zionist look ypu see jewish face cnn employ zionist sympathizer neocon racist wolf blitzer emplpyeee,man zionist jew look ypu see jewnesss face cnn employ zionist sympathis neocon racist wolf blitzer emplpyee,back_translation
Jimmy Dore is a dickhead squared.,1,Jimmy Dore Idiot Squared,jimmi dore dickhead squar,back_translation
10:11 what fucking evidence of by evidence you mean the fact that he was a suspect in an armed robbery and the autopsy reports that's evidence that shows the cop is innocent God damn ,1,fucking evidence evidence mean fact suspect armed robbery autopsy report thats evidence show cop innocent god damn,fuck evid evid mean fact suspect arm robberi autopsi report that evid show cop innoc god damn,original
"Im a white person who always thought everyone should be treated fairly.
With BLM and creating a bunch of bull and threatening my life and others by making it harder for cops to take out the bad guys, maybe not drawing their weapon fast enough or killing the spirit of being a hero or killing the spirit of NOT putting out 110% and doing JUST enough to comply. (No more rushing into burning houses type of thing) from a few bad cops

And with the neighborhood gangs in my neighborhood having the heat taken off them. Emboldening them.

 And not the spirit of ALL lives matter (A form of racism in itself)

BLM is causing a feeling that Black Lives don't matter.

Peggy gave me hope there is still hope that there is still intelligence in the black community. 
So maybe we can still all live together.
I'm one less white guy willing to join the KKK because of Peggy, NOT BLM.",1,white person always thought everyone was treated fairly blm creating group bull threatening life others doing tougher police take bad boy maybe drawing gun fast enough spirit killer hero spirit killer put enough comply rush burning house guy thing bad cop neighborhood gang heat taken spirit emboldening way of life matter racism blm causing feeling black life doesn't matter peggy gave hope still hope still intelligence black community maybe still living together white guy less willing to join kkk peggy blm,white person alway thought everyon treat fairli blm creat bunch bull threaten life other make harder cop take bad guy mayb draw weapon fast enough kill spirit hero kill spirit put enough compli rush burn hous type thing bad cop neighborhood gang neighborhood heat taken embolden spirit life matter form racism blm caus feel black life dont matter peggi gave hope still hope still intellig black commun mayb still live togeth one less white guy will join kkk peggi blm,back_translation
"you published this on Aug 17 , the ""truth'' is still to be uncovered, we know what is likely,You cant assume to know the entire story before its been investigated, The Feds are going to investigate the PD now going back years, not just in this case. I think were going to know more as time goes on, assuming you know all the answers before its been looked at under a microscope is misleading to people",0,published aug truth still uncovered know likelyyou cant assume know entire story investigated fed going investigate going back year case think going know time go assuming know answer looked microscope misleading people,publish aug truth still uncov know likelyy cant assum know entir stori investig fed go investig go back year case think go know time go assum know answer look microscop mislead peopl,original
Right On! Dynamite!,0,right dynamite,right dynamit,original
Was this in Virginia?,0,virginia,virginia,original
"lol, ""shoot to apprehend"". He is an idiot.",1,lol shoot apprehend idiot,lol shoot apprehend idiot,original
518 urban youth couldn't handle the truth presented in this video.,0,urban youth couldnt handle truth presented video,urban youth couldnt handl truth present video,original
"Just finished the video....
Now to gaze upon the racists and bigots in the comment section. It'll make me glad i'm a human being.",1,The finished video looks at the intolerant racist comments section and will make human beings happy.,finish video gaze upon racist bigot comment section itll make glad human,back_translation
shoot first ask questions later hahahahahaha,1,shoot first ask question later hahahahahaha,shoot first ask question later hahahahahaha,original
A completely idiot having his minutrs of fame,1,completely idiot minutrs fame,complet idiot minutr fame,original
"+ ~ day day ~
+ thisisacommentary

Here's some truth for you!",0,day day thisisacommentary here truth,day day thisisacommentari here truth,original
bassem I think walmart is hiring for the holidays. get a job loser!!!,1,Bassem thinks Walmart hires vacation gets losing job,bassem think walmart hire holiday get job loser,back_translation
"Watching this Video, It is clear that Stefan has seems to buy all the argument in favor of the White Police officer, but not the Dead Black kid. I have watched  other Videos you posted to see if the same patter of bias exist? sure enough , you repeated the same patter of argument against Tryvon Martin. So,you can only convince like minded. You are not different from Alex Jones, and many other White Conservatives who pretend to be against the system only if affect white people. Minorities and Blacks are fair game. So, Stefan, keep preaching your one sided view and you will gain many White admirers who share your view.",0,watching video clear stefan seems buy argument favor white police officer dead black kid watched video posted see patter bias exist sure enough repeated patter argument tryvon martin soyou convince like minded different alex jones many white conservative pretend system affect white people minority black fair game stefan keep preaching one sided view gain many white admirer share view,watch video clear stefan seem buy argument favor white polic offic dead black kid watch video post see patter bia exist sure enough repeat patter argument tryvon martin soyou convinc like mind differ alex jone mani white conserv pretend system affect white peopl minor black fair game stefan keep preach one side view gain mani white admir share view,original
"Since when did we start giving a fuck what Joe Rogan has to say about anything. Didn't he used to make people eat bugs and shit, now he's a social commentator? come the fuck on.",1,since he started caring about joe rogan saying anything he didn't use making people eat shit the social commentator come fuck,sinc start give fuck joe rogan say anyth didnt use make peopl eat bug shit he social comment come fuck,back_translation
"These people just don't get it, if you don't want to get shot don't act like a thug then threaten a police officer, just effin ridiculous.  Just an excuse to act like assholes...

Oh and good job destroying your own city.",1,"people don't understand, you don't want to get shot, don't act like a thug, threaten the police officer, effin, ridiculous excuse, act like a jerk, good job, destroying the city.",peopl dont get dont want get shot dont act like thug threaten polic offic effin ridicul excus act like asshol good job destroy citi,back_translation
You should be legally allowed to run them down with no consequences,1,legally allowed run consequence,legal allow run consequ,original
If this happen I would drive though them if I have to n if a cop does that Shit then they mess up letting them finish what they have to say like have need to get home or work u see how long that line of cars was. holding people up for there bullshit,1,happen would drive though police shit mess let finish say like need to get home work see long line car holding people shit,happen would drive though cop shit mess let finish say like need get home work see long line car hold peopl bullshit,back_translation
No talk... Get those fuckers off the road period ! I would have run the down... Let them sue...,1,talk get fucker road period would run let sue,talk get fucker road period would run let sue,original
"You know what is worse than being late to work, being shot and killed.",1,knows worst late job shot dead,know wors late work shot kill,back_translation
".     Leaving out information when giving a police report because they didn't ask you for that info, *is* lying by omission. That's why it's not outright lying......because you omitted the information. These are some stupid lawyers.",1,leaving information by giving a police report he did not ask for information lying omission that is a blatant lie because he omitted information stupid lawyer,leav inform give polic report didnt ask info lie omiss that outright lyingbecaus omit inform stupid lawyer,back_translation
I guess it sucks that those 2 construction workers show up and prove this entire video to be wrong.,1,I guess sucking construction worker shows the whole video wrong.,guess suck construct worker show prove entir video wrong,back_translation
"Too bad nobody ran them down!  Hmmmm? If your dumbass lives matter, then stay the fuck out of the street, DUH!!! 🙄🙄",1,bad no one ran hmmmm idiot life matters stay fuck street duh,bad nobodi ran hmmmm dumbass life matter stay fuck street duh,back_translation
REAL strong black woman NOT afraid to speak the TRUTH.,0,real strong black woman afraid speak truth,real strong black woman afraid speak truth,original
"Oh my God. I fucking love that Arab guy. Such wise words. He is seriously someone who has open eyes to the world. He sees things for how they are, which is so rare in our world today. A big fucking amen to that guy... Wake the fuck up America",1,god fucking love arab guy wise word seriously someone open eye world see thing rare world today big fucking amen guy wake fuck america,god fuck love arab guy wise word serious someon open eye world see thing rare world today big fuck amen guy wake fuck america,original
Shoot all looters on sight......,1,shoot looter sight,shoot looter sight,original
"Seriously, YouTube?  Go FUCK yourself.  I find a comment on my Android phone I want to reply to, but OF COURSE I can't scroll, copy or paste while posting a comment on an android device because it's only fucking almost 2015 and our technology just isn't able to handle such a mountainous task!  So I hop on the computer and try looking for the goddamned comment but OF COURSE the comment system on YouTube is just SO beyond fucked up that searching for a comment is completely impossible!  An HOUR LATER and I still can't find the fucking thing.  I have to search for the string ""read more"" and then click on every single stupid fucking comment, to expand them all, before I can THEN search for a piece of the comment that I want to find, from a phrase I can remember.  AND THAT'S after having to click on every fucking ""view all xxx comments"" and expand THOSE!  And then, if by some MIRACLE OF CHRIST ALFUCKINGMIGHTY, I actually FOUND the piece of shit comment by some moron who it wouldn't even matter if I replied because he's a thick-skulled inbred troglodytic fucknut anyway?  It'd automatically scroll me down 200 pages of comments right after I clicked ""reply"" so I couldn't copy, paste, quote, etc., without having to scroll up and down for an hour because GOD FORFUCKINGBID the reply box was right underneath the ACTUAL comment I was replying to.",1,"seriously youtube fuck find comment android phone want to reply course can't scroll copy paste post comment android device fucking almost technology not capable of handling mountainous tasks jump computer try to look damn comment course youtube comment system beyond fucked search comment completely impossible hour later still can't find fucking thing search string read click on every comment stupid expand search piece comment want to find phrase remember that's click on every fucking view xxx comment expand miracle christ alfuckingmighty actually found piece of shit comment moron it wouldn't even matter he responded thick inbred Shitty troglodyte anyway, it would automatically scroll down the comment page. Right clicking on the answer failed to copy and paste the quote etc. without moving. Time, God, damn offer, reply box right below the actual comment replying.",serious youtub fuck find comment android phone want repli cours cant scroll copi past post comment android devic fuck almost technolog isnt abl handl mountain task hop comput tri look goddamn comment cours comment system youtub beyond fuck search comment complet imposs hour later still cant find fuck thing search string read click everi singl stupid fuck comment expand search piec comment want find phrase rememb that click everi fuck view xxx comment expand miracl christ alfuckingmighti actual found piec shit comment moron wouldnt even matter repli he thickskul inbr troglodyt fucknut anyway itd automat scroll page comment right click repli couldnt copi past quot etc without scroll hour god forfuckingbid repli box right underneath actual comment repli,back_translation
"i agree with most what you said, but i can't trust police if they won't arrest crooked pedophile protecting treasonous politicans same thing for military people",1,agree said cant trust police wont arrest crooked pedophile protecting treasonous politicans thing military people,agre said cant trust polic wont arrest crook pedophil protect treason politican thing militari peopl,original
Lol stupid mooslims,1,hahaha stupid mooslims,lol stupid mooslim,back_translation
I wish the car flipped over and crushed the rioters,1,wish car flipped crushed rioter,wish car flip crush rioter,original
Not one pair of work boots was stolen in the ferguson riots.,1,one pair work boot stolen ferguson riot,one pair work boot stolen ferguson riot,original
"Why is it that in the history of mankind where people of all color, creed and cultures have found a way to rise out of the ashes of oppression for their self betterment and self preservation, EXCEPT for the blacks??????????????! WHY? Please enlighten me to this unknown phenomena.",1,history mankind people color creed culture found way rise ash oppression self betterment self preservation except black please enlighten unknown phenomenon,histori mankind peopl color creed cultur found way rise ash oppress self better self preserv except black pleas enlighten unknown phenomenon,original
Tell them they are breaking the law by blocking an interstate and traffic will be let through. If you get hit by vehicles after being told to leave not only will the drivers of the vehicles noy be charged but any injuries incurred will be billed to the retards standing in the street.,1,say violate law block interstate traffic get hit vehicle said leave driver vehicle noy accused injury incurred billed delayed stopped street,tell break law block interst traffic let get hit vehicl told leav driver vehicl noy charg injuri incur bill retard stand street,back_translation
The white race is the racist race.,1,white race racist race,white race racist race,original
Police cleaned that mess up quick! Nice.,1,the police cleaned up the mess nice and quick,polic clean mess quick nice,back_translation
whites are weak,1,weak white,white weak,back_translation
This guy is my hero.,0,guy hero,guy hero,original
look at the dimwad police...escorting back the people being held up...idiots,1,look dimwad policeescorting back people held upidiots,look dimwad policeescort back peopl held upidiot,original
"They just need to arrest all those protesters as soon as they start blocking traffic. If I was a driver and i saw them starting to block the road, i wouldn't stop for em.",1,I need to arrest the protester soon start blocking traffic. The driver saw the initial block. The road did not stop.,need arrest protest soon start block traffic driver saw start block road wouldnt stop,back_translation
"Ah, beautiful.",1,beautiful,beauti,back_translation
"What a waste of time talking to that idiot. ""You know what Im sayin."" ""I'll believe what I want to believe.""- Yup- hell with facts or evidence. Loser.",1,waste time talking idiot know sayin ill believe want believe yup hell fact evidence loser,wast time talk idiot know sayin ill believ want believ yup hell fact evid loser,original
"people get shot everyday, how come this is the only one thats getting attention ",0,people get shot everyday come one thats getting attention,peopl get shot everyday come one that get attent,original
This man has an intelligence the average black man can't comprehend.  Its like a dog trying to figure out how man makes a house.,1,man intelligence average black man cant comprehend like dog trying figure man make house,man intellig averag black man cant comprehend like dog tri figur man make hous,original
"The shooting had not one thing to do with him being black. Black people make it a black issue. Bottom line was a grown man robbed a store and ignored police orders. Why do people think its ok to protest on the behalf of a thug who has no respect for the law, yes it is a shame that it came to his death but if he hadnt have been a thief he would still be alive. I hear this bullshit about blacks gotta do what they gotta do, hard streets, from the streets....blah blah blah. you wear your hard living like a badge of honor but with no honor for this country, but hey lets go steal some cigarillos to make blunts, worsen what is already a ghetto, ",1,"shoot a thing black black people make a black problem end result adult man robbed store ignored police order people plan to protest in the name of thug respect the law yes shame came death if the thief had not stayed alive listen shit black I have to be tough street streets blah blah blah wear a hard life as a badge honor honor country hey, let steal cigarette make blunts get worse now ghetto",shoot one thing black black peopl make black issu bottom line grown man rob store ignor polic order peopl think protest behalf thug respect law ye shame came death hadnt thief would still aliv hear bullshit black gotta gotta hard street streetsblah blah blah wear hard live like badg honor honor countri hey let steal cigarillo make blunt worsen alreadi ghetto,back_translation
Please slow down! I cant tell if they sped up Ms Scully or if she was talking really quickly. Great video with great information it was just a little fast. ,0,please slow cant tell sped scully talking really quickly great video great information little fast,pleas slow cant tell sped sculli talk realli quickli great video great inform littl fast,original
"Before integration black people had their own schools , business and  banks !!!!!!  After integration they lost every thing !!!!!!",1,integration black people school business bank integration lost everything,integr black peopl school busi bank integr lost everi thing,back_translation
"And in this section ladies and gentlemen, you will see black people misbehaving. I wonder what would happen if everyone rioted when court decisions do not go their way.",1,section lady gentleman see black people behaving badly I wonder if it would happen everyone rioted court decision way,section ladi gentleman see black peopl misbehav wonder would happen everyon riot court decis way,back_translation
I agree with the protestor.,0,agree protestor,agre protestor,original
"I think ,he kill him",1,thinks to kill,think kill,back_translation
Plow through them they will get out of they way.,1,plow path,plow get way,back_translation
"How was this guy hired?
What an idiot",1,Hired guy idiot,guy hire idiot,back_translation
"This is a really sad story. Someone is killed for no reason, racial war increases.
The devil must have seen that officer and his victim and some guys who caused
the action. Let's pray for these souls.",0,really sad story someone killed reason racial war increase devil must seen officer victim guy caused action let pray soul,realli sad stori someon kill reason racial war increas devil must seen offic victim guy caus action let pray soul,original
"I'm with cops. Those protesters steal, and destroy things. They aren't solving shit",1,cop protester steal destroy thing arent solving shit,cop protest steal destroy thing arent solv shit,original
So many racist comments. I hate being white sometimes.,0,many racist comment hate white sometimes,mani racist comment hate white sometim,original
The drivers should have just ran them over and kept going!,1,The driver ran and kept going.,driver ran kept go,back_translation
Why do they only showed the violent protests,0,showed violent protest,show violent protest,original
"Correction: Black ppl have NEVER been the most violent ppl on this planet.  Now some of what she is saying is true but, when it comes to this black on black crime shit,  don't just single my race out when the same shit happens with other races, all across the globe.",1,correction black people never violent people planet telling truth come black crime black shit don't be single race shit happens race all over the world,correct black ppl never violent ppl planet say true come black black crime shit dont singl race shit happen race across globe,back_translation
I would really love to see a car with a snow plow and just drive straight through the protester,1,would really love see car snow plow drive straight protester,would realli love see car snow plow drive straight protest,original
"My big problem with this case isn't so much the shooting of Michael Brown, but the militarized police response against primarily peaceful protesters and the police suppression of media coverage. ",0,big problem case isnt much shooting michael brown militarized police response primarily peaceful protester police suppression medium coverage,big problem case isnt much shoot michael brown militar polic respons primarili peac protest polic suppress medium coverag,original
Black lives splatter.,1,black life splash,black life splatter,back_translation
"You perform a basic snatch and grab robbery at a local convenience store which turns into a strong arm robbery on an immigrant midget store clerk and in less than 30 minutes later you get lit up by a yahoo cop who told you to get the fuck out of the middle of the road and proceeded on until he recognized you as fitting the description of the assailant which just came over his radio; talk about Mutherfuckin Karma! Stealing shit does not warrant deadly force but Karma's a Bitch and who the fuck has the ability to control it or direct it's measures of decree? Ain't no Mutherfucker who puts on his pant's one leg at a time, that's for sure!",1,perform basic snatch grab robbery local convenience store turn strong arm robbery immigrant midget store clerk less minute later get lit yahoo cop told get fuck middle road proceeded recognized fitting description assailant came radio talk mutherfuckin karma stealing shit warrant deadly force karma bitch fuck ability control direct measure decree aint mutherfucker put pant one leg time thats sure,perform basic snatch grab robberi local conveni store turn strong arm robberi immigr midget store clerk less minut later get lit yahoo cop told get fuck middl road proceed recogn fit descript assail came radio talk mutherfuckin karma steal shit warrant deadli forc karma bitch fuck abil control direct measur decre aint mutherfuck put pant one leg time that sure,original
This is not your counties go back to he middle east that's your counties b,1,county back middle east thats county,counti back middl east that counti,original
"its easy to point out all the negative from the black man and point out the good point of the white man that shit is corny if you wanna be taken seriously tell all the facts good and bad from both parties
from what i know couple a lyrics and pictures showing a middle finger doest justify to be shot 6times
and what the media says is controlled look around the internet the store owner where micheal brown alledgedly stole the cigars said it wasnt micheal brown so the video is bogus
if you think about it with everything that happened cops vs black men in the recent years does it make any sens for a black man to start beating on a policeman run away the policeman start firing micheal stop rush back to the police while his gun is drawn and already fired a shot this is pure bullshit ....!",1,easy point negative black man point good point white man shit corny wanna taken seriously tell fact good bad party know couple lyric picture showing middle finger doest justify shot time medium say controlled look around internet store owner micheal brown alledgedly stole cigar said wasnt micheal brown video bogus think everything happened cop black men recent year make sen black man start beating policeman run away policeman start firing micheal stop rush back police gun drawn already fired shot pure bullshit,easi point neg black man point good point white man shit corni wanna taken serious tell fact good bad parti know coupl lyric pictur show middl finger doest justifi shot time medium say control look around internet store owner micheal brown alledgedli stole cigar said wasnt micheal brown video bogu think everyth happen cop black men recent year make sen black man start beat policeman run away policeman start fire micheal stop rush back polic gun drawn alreadi fire shot pure bullshit,original
Plow through them they will get out of they way.,1,plow get way,plow get way,original
Shoot all looters on sight......,1,shoot at looter's sight,shoot looter sight,back_translation
"As a black person all I have to say is THANK YOU FOR SPEAKING THE TRUTH. Too many blacks out there causing trouble, dressing like idiots and bring trouble to themselves, killing eachother, causing crimes then they complain the police are after them when they are up to no good. I'm just glad my parents grew me up properly. I stayed away from the garbage.",1,black person says thank you tell the truth a lot of black people cause problems dressing like idiots making trouble killing each other causing crimes complain police well I'm glad the parents grew up properly they stayed away trash,black person say thank speak truth mani black caus troubl dress like idiot bring troubl kill eachoth caus crime complain polic good glad parent grew properli stay away garbag,back_translation
Thought he was mezzican!,0,thought mezzican,thought mezzican,original
Comments on a vice video are always so extrem (in this case obviously racist) I can't take them seriously ,0,comment vice video always extrem case obviously racist cant take seriously,comment vice video alway extrem case obvious racist cant take serious,original
I THINK THAT GENTLE GIANT WOULD HAVE KILLED YOU AND SONGS AND RAP BOTH TALK BAD,1,think gentle giant would killed song rap talk bad,think gentl giant would kill song rap talk bad,original
Bored stupid kids,1,boring stupid kid,bore stupid kid,back_translation
I don't care about Mike brown or any other bullshit. But it's clearly understood that this youtube guy is a racist and very dumb. His points do hold a little water but he's full of hate and lies100%,1,i don't care mike brown shit clearly understood youtube racist guy point dumb hold some water he full hate lie,dont care mike brown bullshit clearli understood youtub guy racist dumb point hold littl water he full hate lie,back_translation
"OMG! IT'S A TERRORIST! AN ISIS UNDERCOVER-AGENT! What are you doing, Americans???? ARREST HIM!",1,omg terrorist isi undercoveragent american arrest,omg terrorist isi undercoverag american arrest,original
"Stop advertising swisher sweets lol , ur a racist point blank  .",1,stop advertising swisher sweet lol racist point blank,stop advertis swisher sweet lol racist point blank,original
It's all because he's black.,1,he black,he black,original
Niggas love being the victim in any situation that's why I separate my from them and other black people need to do the same,1,Nigga love victim situation that's separate that blacks need,nigga love victim situat that separ black peopl need,back_translation
Ram those pricks.,1,ram prick,ram prick,original
I am not against most of what is being presented here. I don't believe that Mike Brown was innocent. I believe he acted arrogantly and disrespectfully toward the officer and that it could have led to all of this. BUT... I hate the fact that the officer is being compared to George Zimmerman. Zimmerman was a jerk who shouldve been minding his business and not trying to be a wanna-be cop. The officer has a right and a duty to confront the situation in the way that he did. Zimmerman could have easily walked away and stayed on the phone with the dispatcher.,0,presented dont believe mike brown innocent believe acted arrogantly disrespectfully toward officer could led hate fact officer compared george zimmerman zimmerman jerk shouldve minding business trying wannabe cop officer right duty confront situation way zimmerman could easily walked away stayed phone dispatcher,present dont believ mike brown innoc believ act arrogantli disrespect toward offic could led hate fact offic compar georg zimmerman zimmerman jerk shouldv mind busi tri wannab cop offic right duti confront situat way zimmerman could easili walk away stay phone dispatch,original
While I agree with most of your report and I certainly think that the events that went down in Ferguson need to be investigated. Your statistics to support a targeting of a particular race by number of stops and searches can certainly be explained away by the fact that most of the population in that region is of a particular race given a greater opportunity that someone who is stopped is most likely going to be of that race. I think further analysis would need to be conducted to make that collation. I am not saying race is not a factor. I am saying statistics can be misleading and need to be considered thoughtfully before stating them as support for a statement.,0,agree report certainly think event went ferguson need investigated statistic support targeting particular race number stop search certainly explained away fact population region particular race given greater opportunity someone stopped likely going race think analysis would need conducted make collation saying race factor saying statistic misleading need considered thoughtfully stating support statement,agre report certainli think event went ferguson need investig statist support target particular race number stop search certainli explain away fact popul region particular race given greater opportun someon stop like go race think analysi would need conduct make collat say race factor say statist mislead need consid thought state support statement,original
"Our shit serving media concocts a story, white cop kills an innocent black teenager, which is bullshit, to get the ""black community"" up in arms, they burn shit down..more stories for these useless talking heads to get in front of a camera with. At least once a week i see a black on white crime reported on the news..no national attention , no federal involvement...wtf? Black men need to stand up and be fathers and stop looking for excuses.. fuck yall.. all yall.",1,shit serving half make up story police white kill innocent black teen shit get black community arm burn shit downmore useless story talking head get front camera less week see black white crime reported news no national attention federal involvement wtf black men need to stand up father stop looking excuse fuck y'all,shit serv medium concoct stori white cop kill innoc black teenag bullshit get black commun arm burn shit downmor stori useless talk head get front camera least week see black white crime report newsno nation attent feder involvementwtf black men need stand father stop look excus fuck yall yall,back_translation
"If you watch the video that Stef mentions at 21:15 you'll know the truth. 
ALL THE FUCKING EVIDENCE YOU NEED STARTS AT 6:03 THAT'S WHAT HAPPENED. 
The whole thing started in the car, the kid ran, the cop ran after him, and then the kid turned around, charged at the cop, the cop freaks the fuck out, and starts shooting, but the kid comes coming at the cop, and then eventually got hit in the head. The end. ",1,watch the video stef mentions that you will know the truth fucking evidence i need to start that happened it all started car the boy ran police ran the boy turned around police charged police stranger fuck start shooting boy comes coming police finally got hit in the head,watch video stef mention youll know truth fuck evid need start that happen whole thing start car kid ran cop ran kid turn around charg cop cop freak fuck start shoot kid come come cop eventu got hit head end,back_translation
Get a job!,1,get job,get job,original
Wow.. Think I'm going to buy a bullet proof vest..shit! if your black it's like everybody is tryin' to shoot you.!,1,wow think going buy bullet proof vestshit black like everybody tryin shoot,wow think go buy bullet proof vestshit black like everybodi tryin shoot,original
"Thank you for being real. When I heard about the little girl I thought the same thing.
Where is the rage! The Media and who is ever behind them want to promote racial tensions and nobody in the black community wants to talk about the elephant in the room. Its almost like everything in the media and music scene promotes a thug life.",0,thank real heard little girl thought thing rage medium ever behind want promote racial tension nobody black community want talk elephant room almost like everything medium music scene promotes thug life,thank real heard littl girl thought thing rage medium ever behind want promot racial tension nobodi black commun want talk eleph room almost like everyth medium music scene promot thug life,original
How is it possibly this many people can be this unbelievably ignorant???,0,possibly many people unbelievably ignorant,possibl mani peopl unbeliev ignor,original
that's just flat out racist to say one race can't represent another equally. if majority blacks voted for the white people does that mean the blacks that voted didn't vote for their own best interest? and that the elected white official can't represent the black voters that put him/her in office?,0,thats flat racist say one race cant represent another equally majority black voted white people mean black voted didnt vote best interest elected white official cant represent black voter put himher office,that flat racist say one race cant repres anoth equal major black vote white peopl mean black vote didnt vote best interest elect white offici cant repres black voter put himher offic,original
My question is why they park that cruiser in front of the protesters 🤔🤔,0,question park cruiser front protester,question park cruiser front protest,original
"OK DIPSHITS: I don't care if he's 7 feet tall and 600 pounds.  
1. Call for BACKUP   2. Use pepper spray  3. Use your baton   4. Use your taser  5. Wait for BACKUP  6. Use your GUN
HOW DOES THE SAYING GO A MONKEY WITH BLINDFOLDS AND IT'S HANDS TIED BEHIND IT'S BACK?
ANYWAYS: The preliminary autopsy showed that he was shot 4 times IN LESS LETHAL AREAS before he was EXECUTED WITH 2 GUNSHOT WOUNDS TO THE HEAD!!!!!!!!!",1,dipshits dont care he foot tall pound call backup use pepper spray use baton use taser wait backup use gun saying monkey blindfold hand tied behind back anyways preliminary autopsy showed shot time less lethal area executed gunshot wound head,dipshit dont care he foot tall pound call backup use pepper spray use baton use taser wait backup use gun say monkey blindfold hand tie behind back anyway preliminari autopsi show shot time less lethal area execut gunshot wound head,original
"So, this guy gets high A lot ",0,guy get high lot,guy get high lot,original
"run'em over, they're on a freaking freeway",1,runem are fucking highway,runem theyr freak freeway,back_translation
"When are people of this country going to learn, it isn't the police that is the enemy, it is the MEDIA..they are the ones lighting the so called fire, and stirring the pot...",0,people country going learn isnt police enemy mediathey one lighting called fire stirring pot,peopl countri go learn isnt polic enemi mediathey one light call fire stir pot,original
This guy is a dumbass. He claims that policed hired thugs took his phone and shot off rounds without any evidence to back his claims.,1,guy dumbass claim policed hired thug took phone shot round without evidence back claim,guy dumbass claim polic hire thug took phone shot round without evid back claim,original
"Pathetic pseudo philosophy, you vile little man. ",1,pathetic pseudophilosophy vile little man,pathet pseudo philosophi vile littl man,back_translation
"""Here there is no racism, here, you are all equally worthless!"" - Full Metal Jacket",0,racism equally worthless full metal jacket,racism equal worthless full metal jacket,original
thank you for speaking out on the problems in the black community.,0,thank speaking problem black community,thank speak problem black commun,original
Too bad that these were riot shotguns and not loaded with live rounds.,1,bad riot shotgun loaded live round,bad riot shotgun load live round,original
"I dont like generalizations, as she used it in her rant, BUT to her main point she is RIGHT. Chris rock said it best, there are Black people and there are niggaz. A nigga morns a killer that got gunned down in the street, a Black person mourns the loss of INNOCENT human life such as the little girl that got murdered. Based on comments here, the Black to nigga ratio is dropping.",1,dont like generalization used rant main point correct chris rock said best black people niggaz nigga morning killer got shot street black person cries loss innocent human life little girl was murdered comment based ratio of black nigga falling,dont like gener use rant main point right chri rock said best black peopl niggaz nigga morn killer got gun street black person mourn loss innoc human life littl girl got murder base comment black nigga ratio drop,back_translation
"Obama should be saying exactly what this lady is saying.  Instead, he's defending the thugs.  She should clean up her language, however.",1,obama says exactly lady saying instead he defends clean thug language however,obama say exactli ladi say instead he defend thug clean languag howev,back_translation
"I wonder how big of a crater Thug Brown made in the street when he met the final shot to the melon. You get what you sew... 

BLM - When Truth and Facts Don't then they Shit in their own Kitchens before they get the right directions to the toilet.",1,wonder big crater bully brown done street met final shot melon sew blm truth done don't shit kitchen get the right direction bathroom,wonder big crater thug brown made street met final shot melon get sew blm truth fact dont shit kitchen get right direct toilet,back_translation
Thank you Stefan.,0,thank stefan,thank stefan,original
A few warning rounds with a gatling gun will clear the freeway in an instant.,1,warning round gatling gun clear highway,warn round gatl gun clear freeway instant,back_translation
Ignorance of the law is no excuse 18 U.S.C. 242 Deprivation of rights under color of law,0,ignorance law excuse usc deprivation right color law,ignor law excus usc depriv right color law,original
Send them to france,0,send france,send franc,original
I would get my car and start doing burnouts in their faces. Either move or get smoked,1,would get car start burnouts face either move get smoked,would get car start burnout face either move get smoke,original
Law enforcement is not trained to shoot to apprehend.  They are trained to shoot to kill.  And I thank Wilson for killing that punk bitch.,1,law enforcement trained shoot apprehend trained shoot kill thank wilson killing punk bitch,law enforc train shoot apprehend train shoot kill thank wilson kill punk bitch,original
"Old mans way has been tried forever and how well did that worked,  look where we are now. ",0,old man way tried forever well worked look,old man way tri forev well work look,original
It's hilarious seeing these morons get hit by cars,1,hilarious seeing moron get hit car,hilari see moron get hit car,original
Brown Stepfather has his pants half way down. ,1,midway brown stepdad pants,brown stepfath pant half way,back_translation
"man, its all good that they fighting back just hope the minorities dont get rained on by these national guards. look at all those wepons. acting like its a war",0,man good fighting back hope minority dont get rained national guard look wepons acting like war,man good fight back hope minor dont get rain nation guard look wepon act like war,original
Useless people standing in the middle of the road screaming useless shit.,1,Useless people standing in the middle of the road shouting useless shit.,useless peopl stand middl road scream useless shit,back_translation
"Useless cops, talk to the protesters instead of breaking heads.",1,useless police talk protester instead of breaking his head,useless cop talk protest instead break head,back_translation
"What you were saying at 13 minutes... could easily be a rap about call of duty. White kids play that too. 

Btw pretty sure eminem sums up whites in his lyrics. Go racism!",0,saying minute could easily rap call duty white kid play btw pretty sure eminem sum white lyric racism,say minut could easili rap call duti white kid play btw pretti sure eminem sum white lyric racism,original
i find this satisfying for some reason,1,find a satisfactory reason,find satisfi reason,back_translation
"What a garbage police,kick them all out of their jobs,what are they paid for if they can do what they supposed to do,they let that shit off protesters blocking thousands of people from which some of them could have an emergency,I wouldn't be surprised,when I see the video,that police like to kissing them.What a idiotic law enforcement you have there!",1,garbage police kick jobs what they are supposed to make payments they let the protester blocking thousands of people could make an emergency. I wouldn't be surprised to see the video that the police like to kiss them. What idiotic law enforcement.,garbag policekick jobswhat paid suppos dothey let shit protest block thousand peopl could emergencyi wouldnt surprisedwhen see videothat polic like kiss themwhat idiot law enforc,back_translation
"Too bad nobody ran them down!  Hmmmm? If your dumbass lives matter, then stay the fuck out of the street, DUH!!! 🙄🙄",1,bad nobody ran hmmmm dumbass life matter stay fuck street duh,bad nobodi ran hmmmm dumbass life matter stay fuck street duh,original
One paintball gun is all it takes.,1,a paintball gun,one paintbal gun take,back_translation
"where is the nice lorry driver when you need him, should have just ran these fucks over.",1,good trucker needs to run fuck,nice lorri driver need ran fuck,back_translation
"
Michael Brown deserved to die, he was intoxicated, aggressive and attempted to reach for a cops gun.",1,michael brown deserved to die intoxicated aggressive attempt to reach police gun,michael brown deserv die intox aggress attempt reach cop gun,back_translation
The one part that is hard to believe is that the guy ran at the officer after being shot. The only drug I know of that would illicit that type of behavior is PCP. ,0,one part hard believe guy ran officer shot drug know would illicit type behavior pcp,one part hard believ guy ran offic shot drug know would illicit type behavior pcp,original
I'd just pop a couple of shots in the air and watch them scatter like roaches when a light turns on.,1,pop couple shot air watch scatter like roach light turn,pop coupl shot air watch scatter like roach light turn,original
Stupid American,1,stupid american,stupid american,original
Get a job!,1,get a job,get job,back_translation
"All I see here are a bunch of ignorant fucks that are trying their hardest to turn this into a racial thing, which it never was a racial thing from the start, it was self defense plane and simple.  You attack a cop your ass is going to get shot. ",1,see bunch ignorant fuck trying hardest turn racial thing never racial thing start self defense plane simple attack cop as going get shot,see bunch ignor fuck tri hardest turn racial thing never racial thing start self defens plane simpl attack cop as go get shot,original
Idiots,1,idiot,idiot,original
"Just accelerate, if you go fast enough, no one will be able to film your plates in time",1,accelerate fast enough one able film plate time,acceler fast enough one abl film plate time,original
Non lethal weapon's do not control crowds lol. I love Rogan but this discussion was stupid as fuck.,1,non lethal weapons control crowd lol love discussion beg stupid shit,non lethal weapon control crowd lol love rogan discuss stupid fuck,back_translation
Mike Brown was a criminal thug. Fuck him,1,Mike Brown criminal thug fuck,mike brown crimin thug fuck,back_translation
Fucking dumbass attention whores causing more problems. ,1,idiot whore attention whore causing problem,fuck dumbass attent whore caus problem,back_translation
I would’ve pressed my m button and shoot the tsar bombar outta my car into them,1,I would have pressed the button and shot the tsar bomber from the car.,wouldv press button shoot tsar bombar outta car,back_translation
"That community should be marching for peace hand in hand for the girl that was killed sitting in her home doing homework. She deserves at least that or society has let her down. Maybe Al Sharpton will lead ...
",0,community marching peace hand hand girl killed sitting home homework deserves least society let maybe sharpton lead,commun march peac hand hand girl kill sit home homework deserv least societi let mayb sharpton lead,original
Hope those fuckers get slammed with major fines. Fucking idiots.,1,hope fucker get slammed major fine fucking idiot,hope fucker get slam major fine fuck idiot,original
"I wish mr masri was dead,,",1,I wish Masri to die,wish masri dead,back_translation
I wish Joe would have gone all Fear Factor on her and had her eat a fresh steaming pile of shit so her mouth would have been full and we didn't have to hear this worthless cunt speak at all.,1,wish joe would gone fear factor eat fresh steaming pile shit mouth would full didnt hear worthless cunt speak,wish joe would gone fear factor eat fresh steam pile shit mouth would full didnt hear worthless cunt speak,original
One paintball gun is all it takes.,1,one paintball gun take,one paintbal gun take,original
Run over the mdrfckrs!!!!,1,run mdrfckrs,run mdrfckr,original
Yep a Muslim bitch,1,yes muslim bitch,yep muslim bitch,back_translation
look at the dimwad police...escorting back the people being held up...idiots,1,look at stupid cops escorting idiots detained people,look dimwad policeescort back peopl held upidiot,back_translation
"OMG Stefan that rap was so hysterical. anyway, good news I guess, to know that whatshisname is douche and deserved to die.

Premptive strike made by Officer Darren Wilson. Huzzah for another trash taken off the streets. Probably should cure the disease rather than treat the symptoms though. the disease being the ignorance and self-entitlement of some communities in the lower class. Getting out of poverty isnt easy if your starting point isnt easy, but its still feasible with the right amount of drive.",1,"Oh my god, Stefan rap, hysterical anyway, good news, guess, you know what it's called, moron, deserved, die, preemptive strike, fact, official, darren wilson, huzzah, another garbage taken on the street, probably, cure the disease, rather, treat the symptom, although, disease, ignorance, self-right, community, lower class, get poverty, it's not easy, the starting point is not easy, still, doable, right amount, drive.",omg stefan rap hyster anyway good news guess know whatshisnam douch deserv die premptiv strike made offic darren wilson huzzah anoth trash taken street probabl cure diseas rather treat symptom though diseas ignor selfentitl commun lower class get poverti isnt easi start point isnt easi still feasibl right amount drive,back_translation
These comments are fucking ridiculous seeing this video over a year after. We all know “hands up don’t shoot” is bullshit. Still a tragedy but let’s not keep exploiting this mans death. No good has come from this in anyway shape or form.,1,comment fucking ridiculous seeing video year know hand dont shoot bullshit still tragedy let keep exploiting man death good come anyway shape form,comment fuck ridicul see video year know hand dont shoot bullshit still tragedi let keep exploit man death good come anyway shape form,original
"Shoot to apprehend? Easier said than done.. When the evidence was presented, Michael brown was still attackin darren after he was shot twice.... People have this misconception, like in the movies, that one gun shot anywhere to the body, will disable an attacker. This is a false belief.. There are cases of people still attacking or running after they've been shot 2-3 times. For god sake, 50 cent was shot 9 times and he's alive... When you're being attacked by a 6 ft 3 200 somthing pound person, and you're on your back, it's hard to say I""m just goin to shoot to apprehend. Had michael brown copnducted himself like a gentleman, this wouldn't have happened. He was an aggresive piece of shit, and this muslim shit head isn't any better. He's filled with rage and doesn't have the answer for anything. Progression comes from tolerance not violence.",1,shoot apprehend easier said fact evidence presented michael brown still attacking darren shot people twice misconception like movie a gun shot anywhere body incapacitate the attacker false belief case people still attack running have shot time god love penny shooting time he alive you are attacked something pound person your back is hard you say go shoot apprehend michael brown copnducted as a gentleman it would not have happened aggressive piece muslim shit shithead no better he was filled with rage no response nothing progression they see tolerance violence,shoot apprehend easier said done evid present michael brown still attackin darren shot twice peopl misconcept like movi one gun shot anywher bodi disabl attack fals belief case peopl still attack run theyv shot time god sake cent shot time he aliv your attack somth pound person your back hard say goin shoot apprehend michael brown copnduct like gentleman wouldnt happen aggres piec shit muslim shit head isnt better he fill rage doesnt answer anyth progress come toler violenc,back_translation
Tear gas banned by the geneva convention? Really? Stupid cunts. Also he assaulted a man earlier in the day then assaulted a police officer. Thats a violent felony. Add to that how big that thug was and now tell me why you are saying he was unarmed and shouldnt have been shot. The fucker tried to take the cops gun once already. Tell me if you would be this outraged if that thug killed the cop. Double standards. Any one who says different is just as stupid asthese two.,1,tear gas banned geneva convention really stupid cunt also assaulted man earlier day assaulted police officer thats violent felony add big thug tell saying unarmed shouldnt shot fucker tried take cop gun already tell would outraged thug killed cop double standard one say different stupid asthese two,tear ga ban geneva convent realli stupid cunt also assault man earlier day assault polic offic that violent feloni add big thug tell say unarm shouldnt shot fucker tri take cop gun alreadi tell would outrag thug kill cop doubl standard one say differ stupid asthes two,original
"Hey, last week in Kansas City, Mo. a Black man snuck into a retirement housing, broke into a house Beating 80 year old couple to death then went outside attempted to hot wire  antique car. Three neighbors  came out of their town-houses Mr. Howell (afro american) took his 12 gauge shot gun EXECUTED them by Blowing their heads off. He was only one armned a known felon, who had gotten out of a previous murder charge because they could not find the young girls body.Now, that is O.K. because they were ol d white people/caucasians.....Where is Al Sharpeton & Jesse Jackson NOW!",1,hey last week kansa city black man snuck away retirement home broke house beating year old couple death left attempt hot wire vintage car three neighbors came townhouses howell african american took caliber shot gun executed blowing head one armed known criminal obtained previous murder accusation could find young body now white peoplecaucasian where Sharpeton jesse jackson,hey last week kansa citi black man snuck retir hous broke hous beat year old coupl death went outsid attempt hot wire antiqu car three neighbor came townhous howel afro american took gaug shot gun execut blow head one armn known felon gotten previou murder charg could find young girl bodynow white peoplecaucasianswher sharpeton jess jackson,back_translation
And she's a US Navy vet. Mad respect,0,shes navy vet mad respect,she navi vet mad respect,original
"I understand the point black lives do matter but blocking off traffic like that like WTH is that gonna do... There is people that need to go places hospitals, family,work ,etc and this to me is just plane stupid",1,understand black point life matters block traffic like people need a place hospital family work etc stupid plane,understand point black life matter block traffic like like wth gonna peopl need place hospit familywork etc plane stupid,back_translation
so i can shoot someone because they run at me? lol?,0,shoot someone run lol,shoot someon run lol,original
"It's not about just Brown, it's about daily killings of non-whites by white cops and that's a reality.",0,brown daily killing nonwhites white cop thats reality,brown daili kill nonwhit white cop that realiti,original
"stop being criminals and you wont get shot, that simple",1,"stop the criminal, do not get shot simply",stop crimin wont get shot simpl,back_translation
You can't shoot tear gas at professional soldiers but members of the public in your own country is absolutely fine!!,1,cant shoot tear gas professional soldier member public country absolutely fine,cant shoot tear ga profession soldier member public countri absolut fine,original
They should all be shot. I would have ran all of them over.,1,the shot would run,shot would ran,back_translation
"Oh that politicians had the same style of oratory! Peggy Hubbard, in one short video, rings out a message that is loud and clear.....to those who will listen. Ok, I'm in England and thankfully we don't have a gun culture; but I've seen enough of the American scene in my time to know that Peggy drops all the hang-wringing crap to tell it as it is.
Her words should be written down and posted in the White House.....mavbe someone there would listen and act.",0,politician style oratory peggy hubbard one short video ring message loud clearto listen england thankfully dont gun culture ive seen enough american scene time know peggy drop hangwringing crap tell word written posted white housemavbe someone would listen act,politician style oratori peggi hubbard one short video ring messag loud clearto listen england thank dont gun cultur ive seen enough american scene time know peggi drop hangwring crap tell word written post white housemavb someon would listen act,original
"*Scrolls down in the comments to see a bunch of racist comments*
Me: Look! Trump Supporters!
*Sits patiently for the hate*





Ok seriously, a lot of people are saying this is wrong, which I say “Yeah, it kinda is” But people are saying “ It’s just because they’re black.”, think about all the African American people out there that are innocent and did nothing wrong.",0,scroll comment see bunch racist comment look trump supporter sits patiently hate seriously lot people saying wrong say yeah kinda people saying theyre black think african american people innocent nothing wrong,scroll comment see bunch racist comment look trump support sit patient hate serious lot peopl say wrong say yeah kinda peopl say theyr black think african american peopl innoc noth wrong,original
"""I've experienced racism on both sides"" 
Then why are you being racist against whites?",0,ive experienced racism side racist white,ive experienc racism side racist white,original
"does this guy riot before or after work? Orrrr, let me guess he fucks off all day doing nothing.",1,riot guy work orrrr let guess fuck day nothing,guy riot work orrrr let guess fuck day noth,back_translation
"heard a Billionaire funded these organised riots ,what a fucken suck joke",1,heard billionaire funded organised riot fucken suck joke,heard billionair fund organis riot fucken suck joke,original
"the guy was a monster, he got what he deserved, color didn't matter. anyone that attacks a guy with a gun is gonna get shot.......he did a stupid illegal act tried hurting someone and got blasted. give the cop a raise",1,guy monster got deserved color didnt matter anyone attack guy gun gonna get shothe stupid illegal act tried hurting someone got blasted give cop raise,guy monster got deserv color didnt matter anyon attack guy gun gonna get shoth stupid illeg act tri hurt someon got blast give cop rais,original
"Awesome Job Peggy!  thank you for telling it how it is and the truth!!
 #WeStandWithPeggyHubbard",0,awesome job peggy thank telling truth westandwithpeggyhubbard,awesom job peggi thank tell truth westandwithpeggyhubbard,original
Now your tax dollars will get them a spanking new cop car 😔 ,0,tax dollar get spanking new cop car,tax dollar get spank new cop car,original
racist piece of shit you reach for anything to justify murder. it is extremely shameful how you slant facts in order to justify your racist and biased views. ,1,racist piece shit reach anything justify murder extremely shameful slant fact order justify racist biased view,racist piec shit reach anyth justifi murder extrem shame slant fact order justifi racist bias view,original
I agree with this sista 100% !!!!!,0,agree sista,agre sista,original
"Give me the keys to a county Snowplow,,, I'll get that road open ASAP !",1,hand over the key county snowplow and I will open the road as soon as possible,give key counti snowplow ill get road open asap,back_translation
Tear gas banned by the geneva convention? Really? Stupid cunts. Also he assaulted a man earlier in the day then assaulted a police officer. Thats a violent felony. Add to that how big that thug was and now tell me why you are saying he was unarmed and shouldnt have been shot. The fucker tried to take the cops gun once already. Tell me if you would be this outraged if that thug killed the cop. Double standards. Any one who says different is just as stupid asthese two.,1,tear gas banned gin convention really stupid pussy also assaulted a man the day before assaulted a police officer that's a serious crime violent add a big thug say say unarmed shouldn't shoot son of a bitch tried to take a police gun already say would be outraged thug killed the cop double standards one says different stupid like these two,tear ga ban geneva convent realli stupid cunt also assault man earlier day assault polic offic that violent feloni add big thug tell say unarm shouldnt shot fucker tri take cop gun alreadi tell would outrag thug kill cop doubl standard one say differ stupid asthes two,back_translation
Ayy CNN are lookin like pussies ,1,ayy cnn looking like a pussy,ayi cnn lookin like pussi,back_translation
run them over,1,run,run,original
Useless people standing in the middle of the road screaming useless shit.,1,useless people standing middle road screaming useless shit,useless peopl stand middl road scream useless shit,original
I feel they are thirsty for violence rather then knowledge.,0,feel thirsty violence rather knowledge,feel thirsti violenc rather knowledg,original
"Peggy, Im a Native american, and I LOVE YOU HONEY",0,peggy native american love honey,peggi nativ american love honey,original
"This is where the gas grenades, pepper spray and knight stick would be applied",0,gas grenade pepper spray knight stick would applied,ga grenad pepper spray knight stick would appli,original
Cnn...so out of touch..close up idiots.. people are watching for the comedy of reporting.lol,1,cnnso touchclose idiot people watching comedy reportinglol,cnnso touchclos idiot peopl watch comedi reportinglol,original
"AMEN!!!, Peggy Hubbard!! Color makes no difference, it's the person on the inside. The innocent nine year old little girl is the one attention should have been on. Some people just want to cause chaos, black and white!! All of what is going on is exactly what Obama wanted,now look at our country and this mess that it's in. I admire your courage and telling it like it is Peggy Hubbard.",1,amen peggy hubbard color make difference person inside innocent nine year old little girl one attention people want cause chaos black white going exactly obama wantednow look country mess admire courage telling like peggy hubbard,amen peggi hubbard color make differ person insid innoc nine year old littl girl one attent peopl want caus chao black white go exactli obama wantednow look countri mess admir courag tell like peggi hubbard,original
"I hope the next video will be entitled ""The Truth about the Ferguson police department and the Ferguson riots"". Thanks for the usual quality research but there are two issues match and gasoline. Riot control of otherwise peaceful protestors, homeowners refusing to go inside and members of the press are clear symptoms of something out of the normal for small town police. Sanford police had similar protests incuding looting but resisted such escalation.",0,hope next video entitled truth ferguson police department ferguson riot thanks usual quality research two issue match gasoline riot control otherwise peaceful protestors homeowner refusing inside member press clear symptom something normal small town police sanford police similar protest incuding looting resisted escalation,hope next video entitl truth ferguson polic depart ferguson riot thank usual qualiti research two issu match gasolin riot control otherwis peac protestor homeown refus insid member press clear symptom someth normal small town polic sanford polic similar protest incud loot resist escal,original
"People I know on the ground are saying most people from Ferguson are saying it's not a black/white thing. It's cops over stepping their boundaries. He said the protest during daylight is peaceful and ""tailgate"" like. Then the cops come in military-like and overreactive. FWIW",0,people know ground saying people ferguson saying blackwhite thing cop stepping boundary said protest daylight peaceful tailgate like cop come militarylike overreactive fwiw,peopl know ground say peopl ferguson say blackwhit thing cop step boundari said protest daylight peac tailgat like cop come militarylik overreact fwiw,original
"THIS ARAB PIECE OF SHIT,,, ACTING LIKE HE GETS HARRASSED,, HE OR HIS PARENTS OWN A STORE AND YET HE ACTS LIKE HE GETS TREATED LIKE BLACK PEOPLE LOL... the same people who steals from his store,, what a moron piece of shit",1,"Arab piece of shit acts like he gets harassed at the dads store but acts like he gets treated like blacks lol people rob the store, idiot, piece of shit.",arab piec shit act like get harrass parent store yet act like get treat like black peopl lol peopl steal store moron piec shit,back_translation
"Proof Blacks aren't victims:
1. Statistically Cops kill more whites than blacks, yet whites see them as necessary because they save more lives than they cost, while places like Ferguson lose their minds.
2. Statistically 93% of murdered blacks are killed by other blacks, with whites consisting of 3% of the murderers and 4% being the other races.
3. Whites were enslaved by blacks first, and for over 150 years. This was when Europeans(the same race that started America and later enslaved Africans) began searching North Africa to establish trade of goods between natives. From the 1520s to the late 1600s whites were enslaved first. Later the tables turned. This boys and girls is called 'Karma.'
4. Statistically over 50% of murders in the US alone are from Blacks, despite them making up only 14.1% of the entire US population, while despite whites make up 63% of the US population they only make up 46% of the murders.
5. Whites make up 38% of welfare recipients with blacks making up 39%. This doesn't seem extreme until you realize that 39%(blacks) consists of that 14.1%, whith that 38%(whites) making up 63% of the US. Meaning each individual black person is about 5 times as likely than whites to use welfare.",1,test black not victim statistically police kill white black still white see necessary save life cost place like Ferguson lose head statistically murdered black murdered black white consistent murderer race white enslaved black first year europeans race began america later enslaved african began searching north africa establish trade good native late white enslaved first later converted table boy girl called karma statistically murder only black despite making entire population despite being white make population make murder white make welfare recipient make black does not seem extreme realize that black consists of white making meaning individual black person probable time white use well-being,proof black arent victim statist cop kill white black yet white see necessari save life cost place like ferguson lose mind statist murder black kill black white consist murder race white enslav black first year europeansth race start america later enslav african began search north africa establish trade good nativ late white enslav first later tabl turn boy girl call karma statist murder alon black despit make entir popul despit white make popul make murder white make welfar recipi black make doesnt seem extrem realiz black consist whith white make mean individu black person time like white use welfar,back_translation
"Over 450 people get killed by cops in the USA every year. If cop would kill so many in my country i would be on the streat an protest no matter if the dead man is white or black.
But in the comments here are so many white people that dont give a fuck about a dead black man.
I dont get it, every unnecessary dead should mater.",1,people get killed cop usa every year cop would kill many country would streat protest matter dead man white black comment many white people dont give fuck dead black man dont get every unnecessary dead mater,peopl get kill cop usa everi year cop would kill mani countri would streat protest matter dead man white black comment mani white peopl dont give fuck dead black man dont get everi unnecessari dead mater,original
"I never heard of this woman before.  But, I'm loving what she is saying.  This message is too valuable not to get out there.  Thanks for posting!",0,never heard woman loving saying message valuable get thanks posting,never heard woman love say messag valuabl get thank post,original
How come they call the 'blacks' African Americans but not European American to the 'whites' ?,0,come call black african american european american white,come call black african american european american white,original
"Michael Smerconish is a little bitch. I like how he subtly tries to insult the guy and the guy laughs at him. This really shows how low CNN will stoop and what a garbage hole CNN has become.. And what a piece of ass sucking work Michael Smerconish is.  I guess it is no wonder why in my home we
DON'T WATCH CNN.  (CRAP NEWS NETWORK)",1,michael smerconish little bitch like subtly try insult guy guy laugh really show low cnn stoop garbage hole cnn become piece as sucking work michael smerconish guess wonder home dont watch cnn crap news network,michael smerconish littl bitch like subtli tri insult guy guy laugh realli show low cnn stoop garbag hole cnn becom piec as suck work michael smerconish guess wonder home dont watch cnn crap news network,original
"That motherfucker was angry,and I understand why",1,angry son of a bitch and understand,motherfuck angryand understand,back_translation
"Alright. This entire case is crap. All of these people who are saying that white people are being racist, and calling them bad names is just as ""racist"", as you would like to call it, as us. There have been extensive investigations that prove that this boy's death was out of self defense. However, I am not defending the whole KKK thing. But, I am defending the helpless citizens of Ferguson. This boy died. I don't care if he was white or black. What I do care about is how the people in Ferguson are treating their town. If they really cared about this incident, they would hold memorials to express their feelings.This is not helping themselves get justice. What really matters is that this boy is dead. Something HAS been done about it. The Grand Jury has decided. Can it just be over?",0,alright entire case crap people saying white people racist calling bad name racist would like call extensive investigation prove boy death self defense however defending whole kkk thing defending helpless citizen ferguson boy died dont care white black care people ferguson treating town really cared incident would hold memorial express feelingsthis helping get justice really matter boy dead something done grand jury decided,alright entir case crap peopl say white peopl racist call bad name racist would like call extens investig prove boy death self defens howev defend whole kkk thing defend helpless citizen ferguson boy die dont care white black care peopl ferguson treat town realli care incid would hold memori express feelingsthi help get justic realli matter boy dead someth done grand juri decid,original
He looks ready to cut heads off he must be a isis sympathizer and I'm going to say maybe 5% care about the issue at hand and other 95% just want to go loot stores and fuck shit up...,1,"look smart, cut off the head, must be sympathetic, going to say maybe, care problem, hand, wants loot, store, fuck, shit",look readi cut head must isi sympath go say mayb care issu hand want loot store fuck shit,back_translation
What police? That was the army....,0,police army,polic armi,original
"Well, here ya go. Young white man killed by a non-white (some say black) cop. No media outcry. Almost no media anything. I had to search for this. http://www.sltrib.com/sltrib/news/58313255-78/taylor-police-officer-burbank.html.csp",0,well young white man killed nonwhite say black cop medium outcry almost medium anything search,well young white man kill nonwhit say black cop medium outcri almost medium anyth search,original
"it''s freaking 2014 and some people are still racist, police are still awful ",1,freaking people still racist police still awful,freak peopl still racist polic still aw,original
"I believe in those photos the gentle giant and his accomplice are giving gang signs, no? Even if Brown did raise his hands in surrender, maybe he realized he'd blown it, could get in trouble, and by then Officer Wilson's adrenaline was running high and reacted. Officers don't hesitate or they'd lose their lives. Lord knows there's no such thing as a thug that goes to college? Look at all those angelic professional athletes that keep getting arrested. What crap we're being fed. I'm disgusted.",1,believe photo gentle giant accomplice giving gang sign even brown raise hand surrender maybe realized hed blown could get trouble officer wilson adrenaline running high reacted officer dont hesitate theyd lose life lord know there thing thug go college look angelic professional athlete keep getting arrested crap fed disgusted,believ photo gentl giant accomplic give gang sign even brown rais hand surrend mayb realiz hed blown could get troubl offic wilson adrenalin run high react offic dont hesit theyd lose life lord know there thing thug go colleg look angel profession athlet keep get arrest crap fed disgust,original
12:28 - can someone please turn that into an auto-tune rap song by Stefan Molyneux? Please.,0,someone please turn autotune rap song stefan molyneux please,someon pleas turn autotun rap song stefan molyneux pleas,original
RUN THEM OVER,1,run,run,original
a thug going to college  black people  are always  crying..    what about the American Indians  I don't see no one crying for them.....  ,1,bully who goes to college black people always cry american indians don't see anyone cry,thug go colleg black peopl alway cri american indian dont see one cri,back_translation
this fucking fuck can't even defend himself properly what a joke,1,"Fuck, fuck, I can't even adequately defend the joke.",fuck fuck cant even defend properli joke,back_translation
Should of ran everyone of them over.,1,ran everyone,ran everyon,original
"This dude sure seems to know a good bit about smoking weeds.  Hmmm.
According this clown because this black man was somewhat on the gang side which is factual based on the photo's, that it was justified to MURDER AN UNARMED HUMAN BEING !  Its not ok you MF-er ",1,sure guy seems to know well smoking weed mmmm according to clown black man something side gang photo based on facts justified murder unarmed human mfer,dude sure seem know good bit smoke weed hmmm accord clown black man somewhat gang side factual base photo justifi murder unarm human mfer,back_translation
"What about the construction workers working in the area, who saw the incident and stated that Brown had his hands raised and was surrendering?  I find it interesting that your witness accounts were limited solely to those 2 accounts that support the minority viewpoint.  Additionally, where was the innocent until proven guilty mindset when OJ Simpson was charged with Nicole's murder? Explain the shots to Brown's back?  You conveniently omit this information.  All witnesses state that Brown's was surrendering except the 2 you mentioned.  I have not seen a single picture of the injuries sustained by the police officer who Brown allegedly beat.  Do you actually believe that if such pictures existed that they would not be all over the media by now?  I am not saying that the officer's actions were motivated by racism.  I am saying that the officer probably has psychopathic tendencies.  It seems that there are more of these types being hired to police the streets of the USA.  

Great presentation, but highly hypocritical..    ",1,construction worker working area saw incident stated brown hand raised surrendering find interesting witness account limited solely account support minority viewpoint additionally innocent proven guilty mindset simpson charged nicoles murder explain shot brown back conveniently omit information witness state brown surrendering except mentioned seen single picture injury sustained police officer brown allegedly beat actually believe picture existed would medium saying officer action motivated racism saying officer probably psychopathic tendency seems type hired police street usa great presentation highly hypocritical,construct worker work area saw incid state brown hand rais surrend find interest wit account limit sole account support minor viewpoint addit innoc proven guilti mindset simpson charg nicol murder explain shot brown back conveni omit inform wit state brown surrend except mention seen singl pictur injuri sustain polic offic brown allegedli beat actual believ pictur exist would medium say offic action motiv racism say offic probabl psychopath tendenc seem type hire polic street usa great present highli hypocrit,original
"Add another imbecile to the bunch, reporter is a incompetent bastard",1,add another imbecile bunch reporter incompetent bastard,add anoth imbecil bunch report incompet bastard,original
"""I can believe whatever I wanna believe, I don't care what any of them have to say.""
Bassem Masri, you are an idiot.",1,believe whatever wanna believe dont care say bassem masri idiot,believ whatev wanna believ dont care say bassem masri idiot,original
This 18-year-old was just another useless negro who could barely pass inner-city high school. I'm glad he was shot dead on the street like a dog.﻿,1,"One year old, another useless black man could barely make it through inner-city high school, content, shot dead in the street like a dog.",yearold anoth useless negro could bare pa innerc high school glad shot dead street like dog,back_translation
CNN this is why you are a joke!,1,joke,cnn joke,back_translation
"This guy is a little biased that's for sure , maybe he should bring up the fact that a taser being used could have avoided all this. Forensics will tell what truly happened but I highly doubt mike brown needed to be shot six times. Or how about calling for back up ?? No one said the cop had to be a hero and handle the two kids by himself especially if they acted aggressively.  To say the cop was completely in the right as this racist Stefan comes off with is crazy.. cops are held to higher standard. First cops mistake not calling for backup, second trying to get out his door right by the kids lol doesn't he remember his training u get out with space between you to handle the situation better. My uncle is a cop and told me this . Also a taser should have been his first move if mike was charging him but before that even he should have pursued a block away and waited for back up .",0,guy little biased thats sure maybe bring fact taser used could avoided forensics tell truly happened highly doubt mike brown needed shot six time calling back one said cop hero handle two kid especially acted aggressively say cop completely right racist stefan come crazy cop held higher standard first cop mistake calling backup second trying get door right kid lol doesnt remember training get space handle situation better uncle cop told also taser first move mike charging even pursued block away waited back,guy littl bias that sure mayb bring fact taser use could avoid forens tell truli happen highli doubt mike brown need shot six time call back one said cop hero handl two kid especi act aggress say cop complet right racist stefan come crazi cop held higher standard first cop mistak call backup second tri get door right kid lol doesnt rememb train get space handl situat better uncl cop told also taser first move mike charg even pursu block away wait back,original
FACTS prove he was a THUG.,1,fact prove thug,fact prove thug,original
"Its funny doctors push drugs its legal, even tho prescription drugs are abused the most, whereas minorities get locked up for years because of marijuana known to be beneficial to the economy. The war on drugs started with the government who still supplies the streets to this day. Racial profiling is stupid. Caucasians commit the most mass shootings I don't see them being searched before they go in malls, movie theaters, schools etc",0,funny doctor push drug legal even tho prescription drug abused whereas minority get locked year marijuana known beneficial economy war drug started government still supply street day racial profiling stupid caucasian commit mass shooting dont see searched mall movie theater school etc,funni doctor push drug legal even tho prescript drug abus wherea minor get lock year marijuana known benefici economi war drug start govern still suppli street day racial profil stupid caucasian commit mass shoot dont see search mall movi theater school etc,original
The female Uncle Ruckus,0,female uncle ruckus,femal uncl rucku,original
Why were protesters throwing stuff at the reporters,0,protester throwing stuff reporter,protest throw stuff report,original
I love you Peggy.,0,love peggy,love peggi,original
"Mike browns father does NOT buy into it....he got caught on video saying ""Burn the bitch down"" reffering to Ferguson................and this dude you are interviwing is just a thug and should not be given air time.............",1,"Mike Brown, Sr., buy it, they caught him on the video saying ""burn bitch,"" referring to Ferguson and a guy interviewing the bully, given airtime.",mike brown father buy ith got caught video say burn bitch reffer fergusonand dude interviw thug given air time,back_translation
It's only Ameland!,1,ameland,ameland,original
Here I was thinking I was getting a bunch of facts. Lean is not made with skittles and iced tea. Wilson did not know about the robbery. This video is a bunch of poppy cock! Thank you for wasting my time.,1,thinking getting bunch fact lean made skittle iced tea wilson know robbery video bunch poppy cock thank wasting time,think get bunch fact lean made skittl ice tea wilson know robberi video bunch poppi cock thank wast time,original
"Who the hell cares if there are  people peacefully protesting? If the police feels threatened they are gonna act. I say, blow them fuckers in the face with some tg. That is what follows a riot.",1,hell care people peacefully protesting police feel threatened gonna act say blow fucker face follows riot,hell care peopl peac protest polic feel threaten gonna act say blow fucker face follow riot,original
His character does not matter he was un-armed and killed while his hands was up!!!!!! Damn you could have arrested him not kill him. What the Fuck you let OJ get away with murder and kill this boy for stealing cigars,0,character matter unarmed killed hand damn could arrested kill fuck let get away murder kill boy stealing cigar,charact matter unarm kill hand damn could arrest kill fuck let get away murder kill boy steal cigar,original
"The legal system is inherently racist, same as this CNN reporter",1,legal system inherently racist cnn reporter,legal system inher racist cnn report,back_translation
"Anyone stupid enough to stand in the roadway should be run over.  If they die, it will only improve the gene pool.",1,Someone stupid enough to stand on the road run die improve the gene pool,anyon stupid enough stand roadway run die improv gene pool,back_translation
"Dear Mr. Stefan Molyneux. Why don't you add to your videos regarding Michael Brown that the Ferguson PD has a horrible history of lying and corruption? If you are smart as I think you are, why not make a statement about how massive authoritarian corruption has a negative impact on the community it serves? And how people eventually get fed up and have no choice but to disregard the law and/or fight back? What did the cop do to merit a charge from Mr Brown? If indeed that is what happened?",0,dear stefan molyneux dont add video regarding michael brown ferguson horrible history lying corruption smart think make statement massive authoritarian corruption negative impact community serf people eventually get fed choice disregard law andor fight back cop merit charge brown indeed happened,dear stefan molyneux dont add video regard michael brown ferguson horribl histori lie corrupt smart think make statement massiv authoritarian corrupt neg impact commun serf peopl eventu get fed choic disregard law andor fight back cop merit charg brown inde happen,original
"0:05 to 0:18 I had no idea cops mooed, I always thought they just oinked. Learn something new every day",1,idea police moo always thought grunt learn something new every day,idea cop moo alway thought oink learn someth new everi day,back_translation
"Thank you. Finally, a powerful voice for the truth from the black community. 93% of black killings are perpetrated by blacks. For the most part, even the 7% of black murders by non-blacks are not directed at innocent black citizens, but rather drug or gang related. Donald Trump, Star Parker, I hope you are aware of Peggy Hubbard's comments and address this issue as honestly as she has. There needs to be a seat at the table for Ms. Hubbard in the Trump campaign and administration.

Race Mongers like Obama, Eric Holder, Pelosi, Reid, Jessie Jackson, Al Sharpton, the NAACP, the Congressional Black Caucus, Congressional Democrats (of all ethnicities, and on all levels of government), and the mainstream media have all conspired over the last 50 years to turn viable black communities into government-dependent ghettos by knowingly advancing a false narrative of systemic White (conservative) racism.
 
Perhaps their greatest accomplishment is the destruction of the black nuclear family. Seventy-two percent of black children are born to single mothers.  Why get married or limit the number of children you have, when Obama and the progressives will gladly extort taxpayer money to take care of you and your illegitimate children in exchange for guaranteed votes to keep themselves in power.  This master plan and policy insures generations of newly created disaffected and dysfunctional adults who will necessarily become democratic voters.

If the race hustlers mentioned above, reacted in the same way to black on black killings, they could go into those neighborhoods and with their power, wipe out all the gangs, minimize the drug use and give the community some real “hope” and “change.”  It will never happen.  They need black communities to be dependent and feel hopeless in order to maintain their power and control.  They are living the good life off the backs of their own people, while deceiving them into thinking they care.  Just think – if these purveyors of lies and damn lies couldn't make race an issue over the past 40 years they would have to get “real” jobs like the rest of us.",0,thank finally powerful voice truth black community black killing perpetrated black part even black murder nonblacks directed innocent black citizen rather drug gang related donald trump star parker hope aware peggy hubbard comment address issue honestly need seat table hubbard trump campaign administration race monger like obama eric holder pelosi reid jessie jackson sharpton naacp congressional black caucus congressional democrat ethnicity level government mainstream medium conspired last year turn viable black community governmentdependent ghetto knowingly advancing false narrative systemic white conservative racism perhaps greatest accomplishment destruction black nuclear family seventytwo percent black child born single mother get married limit number child obama progressive gladly extort taxpayer money take care illegitimate child exchange guaranteed vote keep power master plan policy insures generation newly created disaffected dysfunctional adult necessarily become democratic voter race hustler mentioned reacted way black black killing could neighborhood power wipe gang minimize drug use give community real hope change never happen need black community dependent feel hopeless order maintain power control living good life back people deceiving thinking care think purveyor lie damn lie couldnt make race issue past year would get real job like rest,thank final power voic truth black commun black kill perpetr black part even black murder nonblack direct innoc black citizen rather drug gang relat donald trump star parker hope awar peggi hubbard comment address issu honestli need seat tabl hubbard trump campaign administr race monger like obama eric holder pelosi reid jessi jackson sharpton naacp congression black caucu congression democrat ethnic level govern mainstream medium conspir last year turn viabl black commun governmentdepend ghetto knowingli advanc fals narr system white conserv racism perhap greatest accomplish destruct black nuclear famili seventytwo percent black child born singl mother get marri limit number child obama progress gladli extort taxpay money take care illegitim child exchang guarante vote keep power master plan polici insur gener newli creat disaffect dysfunct adult necessarili becom democrat voter race hustler mention react way black black kill could neighborhood power wipe gang minim drug use give commun real hope chang never happen need black commun depend feel hopeless order maintain power control live good life back peopl deceiv think care think purveyor lie damn lie couldnt make race issu past year would get real job like rest,original
Shocking truths come to light. ,0,shocking truth come light,shock truth come light,original
I remember that they sent in the national defence there,0,remember sent national defence,rememb sent nation defenc,original
" Did the IDIOT reporter do the survey on the percent of blacks that are involved in the following:- Gang Activities
ShopLifting
Car Jacking
Robberies
Robberies with assault
Teenage Pregnancies",1,idiot reporter survey percent black involved following gang activity shoplifting car jacking robbery robbery assault teenage pregnancy,idiot report survey percent black involv follow gang activ shoplift car jack robberi robberi assault teenag pregnanc,original
"Mr. Smerconish, you Sir, are not a journalist. NO journalists say or claim to the interview object that he/she is searching for 15mins of fame just for being a part of the interview. And/or just because he/she did not speak in the direction you wanted them to.
- If anything, it is you trying to DEFAME a person. And that is illegal! And you should definitively serve time for that! 
You should go back to school because it is truly obvious that you do not handle the word of mouth with care NOR are you critical enough of the Authorities!
Why would you wait for tons of paper that shows what we all know...That he INDEED ran, stopped, hands in the air and got shot, multiple times. There should be no doubt from your side that this happened if the witnesses says so. There should be, however, an investigative journalist who goes out and ask the people.

Your opinion is NOT superior! GET OFF YOUR CHAIR AND GO OUT AND DO SOME REAL REPORTING!  SHAME ON YOU!!! And SHAME ON CNN FOR NOT HIRING PROFESSIONALS!!",1,smerconish sir journalist journalist say claim interview object heshe searching min fame part interview andor heshe speak direction wanted anything trying defame person illegal definitively serve time back school truly obvious handle word mouth care critical enough authority would wait ton paper show knowthat indeed ran stopped hand air got shot multiple time doubt side happened witness say however investigative journalist go ask people opinion superior get chair real reporting shame shame cnn hiring professional,smerconish sir journalist journalist say claim interview object hesh search min fame part interview andor hesh speak direct want anyth tri defam person illeg definit serv time back school truli obviou handl word mouth care critic enough author would wait ton paper show knowthat inde ran stop hand air got shot multipl time doubt side happen wit say howev investig journalist go ask peopl opinion superior get chair real report shame shame cnn hire profession,original
A Stand Up Woman speaking the Truth. I applaud You... You have more guts then most Young Lady.,0,stand woman speaking truth applaud gut young lady,stand woman speak truth applaud gut young ladi,original
"As always Mr. Molyneux, excellent video.",0,always molyneux excellent video,alway molyneux excel video,original
"1)  Obstructing interstate commerce is a Federal Felony offence.
2)  The cops are useless.
3)   BLM is the democrats modern version of the racist terroristic KKK they also created.
4)  These are not protesters they are rioters.
5)  The drivers of the first row of cars are wimps.
6)  Imagine dying in a ambulance stopped in a traffic jam miles long.",1,obstructing interstate commerce federal felony offence cop useless blm democrat modern version racist terroristic kkk also created protester rioter driver first row car wimp imagine dying ambulance stopped traffic jam mile long,obstruct interst commerc feder feloni offenc cop useless blm democrat modern version racist terrorist kkk also creat protest rioter driver first row car wimp imagin die ambul stop traffic jam mile long,original
At .16  screw the price of crap that thinks he's cool to disrespect the AMERICAN FLAG.,1,"Screw price, shit, I think it's great, disrespect to the American flag.",screw price crap think he cool disrespect american flag,back_translation
"It’s not that easy to be a cop. “I have a lot of friends that are cops”.  Joe’s the kind of guy who thinks everyone is his friend.  I highly doubt he knows a lot of cops. He wouldn’t say that they just through a badge on anyone.  Navy seals have only shown an aptitude to physical prowess.  These SJWs bring down a lot of peoples IQ.  Being a police officer is much more noble than being a critic,  and a know it all.  Yes there are bad cops just like there a new bad people in all walks of life.  Michael Brown should have just went to the sidewalk and not tried to force his will on a police officer.  What is this world coming to.  If a cop told me to walk on the side walk I would run.  To many of these kids want to be rappers and act like they are so hard.  There is nothing hard about robbing people and being a punk.  It is a tragedy that Michael Brown lost his life over something so trivial.  And yes I have had black friends that have gone through stuff I will never go through.  But you know what?  They didn’t fight a cop,  and they are alive and making something of there life.  Respect authority and you will live.",0,easy cop lot friend cop joes kind guy think everyone friend highly doubt know lot cop wouldnt say badge anyone navy seal shown aptitude physical prowess sjws bring lot people police officer much noble critic know yes bad cop like new bad people walk life michael brown went sidewalk tried force police officer world coming cop told walk side walk would run many kid want rapper act like hard nothing hard robbing people punk tragedy michael brown lost life something trivial yes black friend gone stuff never know didnt fight cop alive making something life respect authority live,easi cop lot friend cop joe kind guy think everyon friend highli doubt know lot cop wouldnt say badg anyon navi seal shown aptitud physic prowess sjw bring lot peopl polic offic much nobl critic know ye bad cop like new bad peopl walk life michael brown went sidewalk tri forc polic offic world come cop told walk side walk would run mani kid want rapper act like hard noth hard rob peopl punk tragedi michael brown lost life someth trivial ye black friend gone stuff never know didnt fight cop aliv make someth life respect author live,original
Massri needs an education.,1,Massri needs education,massri need educ,back_translation
A completely idiot having his minutrs of fame,1,completely idiotic minute fame,complet idiot minutr fame,back_translation
"Bassem Masri is an uneducated idiot. Just listen the words coming out of his mouth, he sounds like a stupid little kid. Sorry, but please grow the fuck up and learn the laws instead of repeating ""FREEDOM OF SPEECH"", ""I'M A CITIZEN"", ""GO AHEAD BRO, I'LL LISTEN TO YOU"".

Somebody shut this guy up.",1,bassem masri uneducated idiot listen to word that comes mouth sounds like a stupid child sorry please grow up fuck learn law instead of repeating freedom of speech citizen forward sick brother listen someone shut up boy,bassem masri uneduc idiot listen word come mouth sound like stupid littl kid sorri pleas grow fuck learn law instead repeat freedom speech citizen ahead bro ill listen somebodi shut guy,back_translation
My least favorite test tube video so far.,0,least favorite test tube video far,least favorit test tube video far,original
"Hers my statement, I think ali sheep butt fucker masri should take an ak and go fight in syria..",1,statement think ali sheep butt fucker masri take fight syria,statement think ali sheep butt fucker masri take fight syria,original
AMEN! Tell it like it is sister AMEN!,0,amen tell like sister amen,amen tell like sister amen,original
"OMG...you did not give the whole story, you only gave one side and only half of it",0,omgyou give whole story gave one side half,omgyou give whole stori gave one side half,original
THE ONLY JUSTICE WE WILL GET IS IN THE STREET. AN EYE FOR AN EYE. YOU KILL US WE KILL YOU,1,justice get street eye eye kill kill,justic get street eye eye kill kill,back_translation
Seeing the comments on here just proves how backward this country is. ,1,watching comment prof backward country,see comment prof backward countri,back_translation
"FUCK MEDIA 
Bassem was right find something real to investigate. You're just exaggerating because you want more views and more MONEY.

FUCK YOU SELFISH FUCKS

These people are DISGUSTING. I don't know how they bare with their NASTY selves.",1,fuck medium bassem right find something real investigate youre exaggerating want view money fuck selfish fuck people disgusting dont know bare nasty self,fuck medium bassem right find someth real investig your exagger want view money fuck selfish fuck peopl disgust dont know bare nasti self,original
"Who the hell cares if there are  people peacefully protesting? If the police feels threatened they are gonna act. I say, blow them fuckers in the face with some tg. That is what follows a riot.",1,"hell, be careful, people who are protesting peacefully, the police feel threatened, they are going to act, say hit, face of a son of a bitch, continue the riot",hell care peopl peac protest polic feel threaten gonna act say blow fucker face follow riot,back_translation
Why the fuck do they need military police against civilians? It's like they just wanna bring out their new gear and dress up like a soldier and strut around in it trying to look tough. ,0,fuck need military police civilian like wanna bring new gear dress like soldier strut around trying look tough,fuck need militari polic civilian like wanna bring new gear dress like soldier strut around tri look tough,original
THIS BITCH SHOULD BE DEPORTED,1,bitch deported,bitch deport,original
When I c the blk lives matter bullshit.....witch I call bullshit 5 black people were killed in a five period in Newark nj where were they....... I call Bullshitb,1,blk life matters nonsense twitch call nonsense black people murdered five periods newark call nonsense,blk life matter bullshitwitch call bullshit black peopl kill five period newark call bullshitb,back_translation
We need more people like Peggy Hubbard! I support her as Mother of the Year with Common Sense.,0,need people like peggy hubbard support mother year common sense,need peopl like peggi hubbard support mother year common sens,original
Confederation ill be back?,0,confederation ill back,confeder ill back,original
We all know with the chimpers there is no compassion in their mud pumping hearts. ,1,know chimpers compassion mud pumping heart,know chimper compass mud pump heart,original
"Great video. Level-headed, cogent, and fair. Unfortunately, cognitive dissonance and confirmation bias have taken a hold of the whole discussion, but this is a breath of fresh air. Thank you, Stefan.",0,great video levelheaded cogent fair unfortunately cognitive dissonance confirmation bias taken hold whole discussion breath fresh air thank stefan,great video levelhead cogent fair unfortun cognit disson confirm bia taken hold whole discuss breath fresh air thank stefan,original
"Anyone stupid enough to stand in the roadway should be run over.  If they die, it will only improve the gene pool.",1,anyone stupid enough stand roadway run die improve gene pool,anyon stupid enough stand roadway run die improv gene pool,original
"No longer allegedly Michael Brown in the video, confirmed by his family.",0,longer allegedly michael brown video confirmed family,longer allegedli michael brown video confirm famili,original
Idiots,1,idiot,idiot,back_translation
Bassem Masri well said bro!,0,bassem masri well said bro,bassem masri well said bro,original
dumb mf,1,dumb,dumb,original
"I think ,he kill him",1,think kill,think kill,original
One mustang needed in this situation lol💀💀,1,one mustang needed situation lol,one mustang need situat lol,original
"More of Your corrupt police will be harmed now. They are not safe from me. I will defend my self by fighting back and shooting them DEAD, so get your will's ready, cause its on!  catalyst? the facts of the city/town/government/usa, are the CATALYST. This pot has been boiling over for too many years, and now you have the generation that will bring the equalizer to your door step, We also have a PURGE; you will feel its effect. ",1,corrupt police harmed safe defend fight against oneself shooting dead prepare cause catalyst made citycitygovernmentusa. catalyst boiling pot many years generation bring equalizer door step also purge feel effect,corrupt polic harm safe defend self fight back shoot dead get will readi caus catalyst fact citytowngovernmentusa catalyst pot boil mani year gener bring equal door step also purg feel effect,back_translation
"Well said Peggy, your message should be shared with everybody.",0,well said peggy message shared everybody,well said peggi messag share everybodi,original
"All you have to do is drive slowly towards them.  If they're smart, they'll get out of the way.",1,Drive slowly towards them. They are intelligent. They will get their way.,drive slowli toward theyr smart theyll get way,back_translation
Shibby dibby ignoramus ass bitch,1,shibby dibby ignoramus as bitch,shibbi dibbi ignoramu as bitch,original
"They don't want justice.  Here you see a mob mentality in action.  He's guilty no matter what the Grand Jury says, no matter what the evidence says, let's just hang him from the nearest tree.  What about the officers rights?   They need to learn to speak proper English and get a job.  Who's the bigger racest?  If a white crowd did that they would all be in jail.",1,I don't want justice see mob mentality action him guilty matter grand jury says matter evidence says let officer hang from the nearest tree right I need to learn to speak proper English get a job who bigger and more racial the white crowd would jail,dont want justic see mob mental action he guilti matter grand juri say matter evid say let hang nearest tree offic right need learn speak proper english get job who bigger racest white crowd would jail,back_translation
If a patient is ever in an ambulance during this and get injured worse because they can’t make it to the hospital the protestors should be liable and if they die then the protestors should be charged with man slaughter,1,patient ever ambulance get injured worse cant make hospital protestors liable die protestors charged man slaughter,patient ever ambul get injur wors cant make hospit protestor liabl die protestor charg man slaughter,original
How can I be a Vice News Dispatch?,0,vice news dispatch,vice news dispatch,original
" Ridiculous liberal tripe meant to divide us along race/class barriers even more

If Blacks(I refuse to use the word African American) are oppressed by local Government then the community should band together and vote them out. Vote more blacks in. This is why we live in a Democratic Republic.
   Sorry, most of your arguments are nothing more than excuses and your criminal stats are the result of a large black community(68%?).  Blacks really need to stop listening to Democrats who preach a, ""You cannot win because the deck is stacked against you"" oppressive lifestyle. They'll never rise above their current conditions if they cling to liberal excuses. It's not the color of your skin, its the overall presentation. ",0,ridiculous liberal tripe meant divide along raceclass barrier even blacksi refuse use word african american oppressed local government community band together vote vote black live democratic republic sorry argument nothing excuse criminal stats result large black community black really need stop listening democrat preach cannot win deck stacked oppressive lifestyle theyll never rise current condition cling liberal excuse color skin overall presentation,ridicul liber tripe meant divid along raceclass barrier even blacksi refus use word african american oppress local govern commun band togeth vote vote black live democrat republ sorri argument noth excus crimin stat result larg black commun black realli need stop listen democrat preach cannot win deck stack oppress lifestyl theyll never rise current condit cling liber excus color skin overal present,original
"America's days are coming to an end. The emigration rate has been multiplying each year, mostly wealthy individuals, while the poor and unskilled are flooding in unchecked. Goodbye America, it was a good run.",0,america day coming end emigration rate multiplying year mostly wealthy individual poor unskilled flooding unchecked goodbye america good run,america day come end emigr rate multipli year mostli wealthi individu poor unskil flood uncheck goodby america good run,original
RUN THEM OVER,1,run,run,original
"I don't think somebody deserves to die because they stole some cigars. Fine, if he's a criminal, put him through the legal process. It's in humane to kill him.

Americans treat felons and criminals like they're dogs, as if the moment you commit a minor crime like stealing cigarettes and smoking weed you're no longer a human and don't have the same rights as one. The rap he made is bad in quality and tone, but I don't think it matters; a lot of people produce rap music, and considering that the biggest rappers always talk about 'smoking weed' and 'bitches' and killing people, it's no surprise that brown was probably inspired by them. The only crime we have of Brown is stealing some cigars. That's it.

Tell me, if a white person went into a convenience store and stole some alcohol, and he got shot not even an hour later by police, would you justify the police shooting him?",0,dont think somebody deserves die stole cigar fine he criminal put legal process humane kill american treat felon criminal like theyre dog moment commit minor crime like stealing cigarette smoking weed youre longer human dont right one rap made bad quality tone dont think matter lot people produce rap music considering biggest rapper always talk smoking weed bitch killing people surprise brown probably inspired crime brown stealing cigar thats tell white person went convenience store stole alcohol got shot even hour later police would justify police shooting,dont think somebodi deserv die stole cigar fine he crimin put legal process human kill american treat felon crimin like theyr dog moment commit minor crime like steal cigarett smoke weed your longer human dont right one rap made bad qualiti tone dont think matter lot peopl produc rap music consid biggest rapper alway talk smoke weed bitch kill peopl surpris brown probabl inspir crime brown steal cigar that tell white person went conveni store stole alcohol got shot even hour later polic would justifi polic shoot,original
"Michael Smerconish is a little bitch. I like how he subtly tries to insult the guy and the guy laughs at him. This really shows how low CNN will stoop and what a garbage hole CNN has become.. And what a piece of ass sucking work Michael Smerconish is.  I guess it is no wonder why in my home we
DON'T WATCH CNN.  (CRAP NEWS NETWORK)",1,michael smerconish little bitch like try subtly insult boy boy laugh really show under cnn stoop garbage hole cnn become piece like suck job michael smerconish guess marvel at home don't look at cnn shitty news network,michael smerconish littl bitch like subtli tri insult guy guy laugh realli show low cnn stoop garbag hole cnn becom piec as suck work michael smerconish guess wonder home dont watch cnn crap news network,back_translation
this dude is lying his azz off... racist cracka,1,dude lying azz racist cracka,dude lie azz racist cracka,original
"""We been at war for 400 years"" please a war was started where three quarter of a million Americans died for you. Stop bitching",1,war year please war started three quarter million american died stop bitching,war year pleas war start three quarter million american die stop bitch,original
"Wow!...people like me can't say these things she RIGHTLY says, because the ""PC police"" will get offended, tag me as racist, and therefore no truth I might speak is given credence....society as we know it. But her speaking the truth magnifies it like no one else could. Why aren't we elevating people like her to school boards, city councils, mayors, state and national office?",0,wowpeople like cant say thing rightly say police get offended tag racist therefore truth might speak given credencesociety know speaking truth magnifies like one else could arent elevating people like school board city council mayor state national office,wowpeopl like cant say thing rightli say polic get offend tag racist therefor truth might speak given credencesocieti know speak truth magnifi like one els could arent elev peopl like school board citi council mayor state nation offic,original
Blue lives let’s matter send those BLM commies our of our streets,1,blue life let matter send blm commie street,blue life let matter send blm commi street,original
LEGALIZE MARIJUANA! Then problems will stop,0,legalize marijuana problem stop,legal marijuana problem stop,original
Run them over. Ignorant fucks the world will do better without them,1,run ignorant fuck world better without,run ignor fuck world better without,back_translation
"exactly right Stefan , crime and bad decisions creates poverty and poor unattractive areas. criminals don't steal necessities .. it's just to get ""respect"" from their homies. pathetic",1,exactly right stefan crime bad decision creates poverty poor unattractive area criminal dont steal necessity get respect homies pathetic,exactli right stefan crime bad decis creat poverti poor unattract area crimin dont steal necess get respect homi pathet,original
"+Stefan Molyneux 	 	 	 	
Why do you hate Blacks so much? Actually I am not surprised, it's the bloody British in you. You people conquered us, when we did absolutely nothing to you. The more freedom we gain as the decades go on, the more you hate us.

If you weren't so pale, one would wonder if your mother was a Black woman.",1,stefan molyneux hate black people very surprised damn british conquered absolutely nothing freedom gain decade hate was not pale one would wonder mother black woman,stefan molyneux hate black much actual surpris bloodi british peopl conquer absolut noth freedom gain decad hate werent pale one would wonder mother black woman,back_translation
"If blacks want respect, then speak, act, and dress like the Huxtable family. You want to be treated with prejudice then speak, act and dress like known gangsters, steal things, act like you own the street!",1,black want respect speak act dress like huxtable family want treated prejudice speak act dress like known gangster steal thing act like street,black want respect speak act dress like huxtabl famili want treat prejudic speak act dress like known gangster steal thing act like street,original
They can't help it but these motherfuckers are primitive compared to white people.  They get frustrated when they live around white people because they can't compete.  Blacks in Africa are much more self-assured because they don't get reminded every day that they can't compete.  Multiculturalism is not good for anybody.  All these people throwing fits are living off tax dollars STOLEN from white people.,1,cant help motherfucker primitive compared white people get frustrated live around white people cant compete black africa much selfassured dont get reminded every day cant compete multiculturalism good anybody people throwing fit living tax dollar stolen white people,cant help motherfuck primit compar white peopl get frustrat live around white peopl cant compet black africa much selfassur dont get remind everi day cant compet multicultur good anybodi peopl throw fit live tax dollar stolen white peopl,original
"its easy to point out all the negative from the black man and point out the good point of the white man that shit is corny if you wanna be taken seriously tell all the facts good and bad from both parties
from what i know couple a lyrics and pictures showing a middle finger doest justify to be shot 6times
and what the media says is controlled look around the internet the store owner where micheal brown alledgedly stole the cigars said it wasnt micheal brown so the video is bogus
if you think about it with everything that happened cops vs black men in the recent years does it make any sens for a black man to start beating on a policeman run away the policeman start firing micheal stop rush back to the police while his gun is drawn and already fired a shot this is pure bullshit ....!",1,easy point black man negative point good point white man cheesy shit want to take seriously say done good bad party know couple lyrics picture showing middle finger justifies shooting time medium say controlled look around internet store owner micheal brown supposedly stole cigarette said it wasn't micheal brown fake video think everything happened police black men last year make sen black man start hitting police run away police start shooting micheal stop rush back police gun drawn already fired shot pure shit,easi point neg black man point good point white man shit corni wanna taken serious tell fact good bad parti know coupl lyric pictur show middl finger doest justifi shot time medium say control look around internet store owner micheal brown alledgedli stole cigar said wasnt micheal brown video bogu think everyth happen cop black men recent year make sen black man start beat policeman run away policeman start fire micheal stop rush back polic gun drawn alreadi fire shot pure bullshit,back_translation
I have told some people on facebook to hold off judgment till the all the facts are in. I just like waiting and seeing all the facts. Part of me wants to believe Mr. Brown is a gentle giant but there a lot of evidence he not.,0,told people facebook hold judgment till fact like waiting seeing fact part want believe brown gentle giant lot evidence,told peopl facebook hold judgment till fact like wait see fact part want believ brown gentl giant lot evid,original
one race ( the human race),0,one race human race,one race human race,original
"im so sick of seeing racist comment. That a shame we still have rascim in 2015 ,,grow the fuck up people",1,sick to see a racist comment shame still rasci grow up fuck people,sick see racist comment shame still rascim grow fuck peopl,back_translation
"Mr. Stefan Molyneux all Mr. Wilson had to do was just drive off.  There are multifple stories, so therefore both deserve a fair trial.  Wilson as a law enforcer should be firm about what happened and what he did.  It would be good if Wilson speaks.  I'd truly respect him as an officer, if he'd talk to the public.  It seems as if he's hiding.",0,stefan molyneux wilson drive multifple story therefore deserve fair trial wilson law enforcer firm happened would good wilson speaks truly respect officer hed talk public seems he hiding,stefan molyneux wilson drive multifpl stori therefor deserv fair trial wilson law enforc firm happen would good wilson speak truli respect offic hed talk public seem he hide,original
"You go girl!! ... have listened twice, retweeted twice (first from gateway pundent, second from youtube)  God Bless Ms Hubbard and God's speed with your vid.",0,girl listened twice retweeted twice first gateway pundent second youtube god bless hubbard god speed vid,girl listen twice retweet twice first gateway pundent second youtub god bless hubbard god speed vid,original
just run there stupid ass over. there stupid enough to stand in the middle of a freeway,1,run stupid as stupid enough to stop in the middle of the highway,run stupid as stupid enough stand middl freeway,back_translation
Never argue with an idiot ,1,never argue idiot,never argu idiot,original
That police car was purposefully left for them to destroy and get their anger out instead of on more businesses. The cost for the destruction of that car will be passed off to state taxpayers.,0,police car purposefully left destroy get anger instead business cost destruction car passed state taxpayer,polic car purpos left destroy get anger instead busi cost destruct car pass state taxpay,original
Dirtbags all of them. Including CNN,1,garbage bags including cnn,dirtbag includ cnn,back_translation
What a bunch of complete dumb asses!,1,bunch of complete idiots,bunch complet dumb ass,back_translation
You tellin me if he did in fact steal swisher sweets is the value of his life...Just admit you all are racist quit being a bunch of FAGGOTT bitches ,1,tellin fact steal swisher sweet value lifejust admit racist quit bunch faggott bitch,tellin fact steal swisher sweet valu lifejust admit racist quit bunch faggott bitch,original
"Pants up, don't loot!",0,pant dont loot,pant dont loot,original
"I do not really care to much for some cops but somebody tell this dumb ass girl 1,600 unarmed white people every year are killed by blacks & 3 weeks ago a BLACK COP shot a unarmed white man in salt lake city & 50% of all crime is committed by blacks I can understand some crimes are poverty related but in 2009 AD over 10,000 white women were raped by blacks FBI REPORTS what the fuck does rape have to do with being poor??? Answer nothing & anyone who rapes someone should be hanged by the neck until dead.",1,i really care a lot police someone calls him dumb as a girl unarmed white people every year murdered black a week ago black police shot unarmed white man salt lake city crime committed black understand crime related to poverty white woman raped black fbi report fuck rape poor answer nothing nobody rape someone hanged neck dead,realli care much cop somebodi tell dumb as girl unarm white peopl everi year kill black week ago black cop shot unarm white man salt lake citi crime commit black understand crime poverti relat white woman rape black fbi report fuck rape poor answer noth anyon rape someon hang neck dead,back_translation
Man Stef spitting that fire hot enough to make Dylan jealous 12:26 - 13:34,0,man stef spitting fire hot enough make dylan jealous,man stef spit fire hot enough make dylan jealou,original
Fuck CNN you corrupt demon worshiping fools,1,fuck cnn corrupt demon worshiping fool,fuck cnn corrupt demon worship fool,original
You all are some dumb as people,1,stupid people,dumb peopl,back_translation
CNN needs to hire that man. He is a real American. We are in trouble. ,1,"CNN needs to hire a man, real American problem.",cnn need hire man real american troubl,back_translation
shoot first ask questions later hahahahahaha,1,shoot first ask later hahahahaha,shoot first ask question later hahahahahaha,back_translation
THESE FUCKING COMMIES didn't even know what happened,1,The damn communist didn't even know what happened.,fuck commi didnt even know happen,back_translation
"and what do the people see here,i can't even understand what they are saying,is this black America. is this good for the world to see,how do the people respect a race like this, when they see so much bad",1,people see herei cant even understand sayingis black america good world seehow people respect race like see much bad,peopl see herei cant even understand sayingi black america good world seehow peopl respect race like see much bad,original
9:41 Dems a big ass gun! 😂😭,1,Others big as a gun,dem big as gun,back_translation
"""Dis be furgusun in de unitid stateth o' murka!"" - Retard starts violent protest and then tries to pawn off the 'police state' lie when the cops arrive.",1,dis furgusun unitid stateth murka delay start violent protest try to pawn police state lie police arrive,di furgusun unitid stateth murka retard start violent protest tri pawn polic state lie cop arriv,back_translation
